scenario,beta,condition,world,completed_updates,g0_risk,g1_risk,g2_risk,population_risk,population_regret,feedback_weighted_risk,monitoring_gap,sample_monitoring_gap,g0_feedback_share,g0_expected_feedback_share,expected_invitations_per_accepted,action
main,3.0,endogenous,0,0,1.2165075461553096,0.01836615402685984,1.065907978494639,0.7669272262256028,0.0,0.3085964897923242,0.4583307364332788,0.432860018542052,0.0625,0.061716349884855595,2.5531546318472063,-0.04143794588701599
main,3.0,endogenous,1,0,1.2674582080841381,0.01338188671834814,1.2519000952139376,0.8442467300054748,0.0,0.272488991602918,0.5717577384025568,0.5483147790809973,0.05729166666666667,0.060116533667540176,2.756544870992175,0.03061898285364813
main,3.0,endogenous,2,0,0.967375847977765,0.013909758001107744,1.0148536005391746,0.6653797355060158,0.0,0.3235844333876398,0.341795302118376,0.3386151351972472,0.09791666666666667,0.09917650052091273,2.3891312485515934,-0.025674632202080515
main,3.0,endogenous,3,0,1.2793657053256156,0.013597653924858333,1.2430437757428037,0.8453357116644258,0.0,0.2735532796221515,0.5717824320422745,0.5959648771363419,0.05208333333333333,0.058630132727803264,2.7523825056149223,0.024396991563823946
main,3.0,endogenous,4,0,0.9444504778149432,0.013541141653546088,0.916837869911381,0.6249431631266235,0.0,0.33028570421651365,0.2946574589101098,0.2974533273217294,0.09583333333333333,0.09929968041221658,2.2720327215623035,0.022141198894527814
main,3.0,endogenous,5,0,1.01965430533947,0.013657503306924789,0.9838554055143991,0.6723890713869312,0.0,0.3235364924505939,0.3488525789363374,0.3147439037826864,0.11041666666666668,0.08796167883498397,2.3817204118590913,-0.030682353517168377
main,3.0,endogenous,6,0,0.9385438974204414,0.016202729545794832,1.044462712618571,0.6664031131949358,0.0,0.3236960507483765,0.3427070624465594,0.3032723283307374,0.11979166666666667,0.1065302636985879,2.4053149894096855,-0.07694421447685129
main,3.0,endogenous,7,0,0.8440548430128947,0.013333337547823246,0.8441731868643629,0.567187122475027,0.0,0.3332422190387621,0.2339449034362649,0.24875810093031853,0.109375,0.11728046745921336,2.1414768487025104,0.009028085379982714
main,3.0,endogenous,8,0,1.0008578657756628,0.013345944839043222,0.9938123836918693,0.669338731435525,0.0,0.32342220077487077,0.3459165306606541,0.3252306422920269,0.10520833333333335,0.09179153731700909,2.3833944485695118,-0.11769383071572943
main,3.0,endogenous,9,0,1.1252996302217084,0.014663910593011475,1.04970018556099,0.7298879087919035,0.0,0.31252542538141886,0.41736248341048443,0.4088860266615371,0.07708333333333334,0.07323362386326714,2.500081121914529,-0.01699588983935215
main,3.0,endogenous,10,0,1.057057440963519,0.024717117616678667,1.2864460884273832,0.7894068823358605,0.0,0.28955248144148105,0.4998544008943793,0.5133318548817623,0.08958333333333333,0.0919376053475434,2.7045343067737133,0.00047058120499928374
main,3.0,endogenous,11,0,0.9593030796446274,0.028260795668895826,1.2118935618940456,0.7331524790691895,0.0,0.3101506982052294,0.42300178086396023,0.40389098459035305,0.12083333333333332,0.1093128483400567,2.5860206137000357,-0.006953877971731304
main,3.0,endogenous,12,0,1.017529531086808,0.01949139086755953,0.8664120601823468,0.6344776607122382,0.0,0.3322025241153699,0.30227513659686833,0.27485134011843537,0.09375,0.0836249438935369,2.2536092078165395,0.05475501834236063
main,3.0,endogenous,13,0,0.9607851644108992,0.015692533906705806,0.8685879500116007,0.6150218827764019,0.0,0.3318514392030033,0.28317044357339854,0.27461884806175074,0.10416666666666667,0.09389885956972942,2.228776266659601,0.03108778200364452
main,3.0,endogenous,14,0,1.1958692530367607,0.04078135863828949,0.8629936690789355,0.6998814269179953,0.0,0.3394393991736253,0.36044202774436984,0.3550863969483537,0.055208333333333325,0.05862302905308843,2.323924847989641,-0.026551299410991137
main,3.0,endogenous,15,0,1.0304717953636533,0.014421503693146768,0.9650221591408144,0.6699718193992049,0.0,0.32490504653293245,0.34506677286627246,0.3604706989865286,0.08645833333333335,0.08531832886203891,2.366382586102641,0.08711201335709237
main,3.0,endogenous,16,0,1.2591805750038032,0.013967553886091697,1.2035958689832194,0.8255813326243713,0.0,0.28188007791249836,0.543701254711873,0.5150484370827366,0.05520833333333334,0.0600509202444159,2.708542556147855,-0.004618353449510263
main,3.0,endogenous,17,0,1.0210353799644099,0.0134117242495464,1.0033379798484139,0.6792616946874566,0.0,0.3217055364114287,0.35755615827602805,0.3641173648230902,0.08333333333333333,0.08849209634412532,2.4034587199676127,-0.13414723339760617
main,3.0,endogenous,18,0,1.0420131063034819,0.013630870919768934,1.077300407928256,0.7109814617171689,0.0,0.3129892665006063,0.3979921952165627,0.42286618325262565,0.09791666666666668,0.08759356382649795,2.4924739387965436,0.03311746661624755
main,3.0,endogenous,19,0,0.9421037399899692,0.013827276363475121,0.9854350344307663,0.6471220169280701,0.0,0.3269890112905376,0.3201330056375325,0.2967517679336372,0.1125,0.1030048940491993,2.3444081012826103,0.09207065672303336
main,3.0,endogenous,0,10,1.4434562851495447,0.014184892086450133,0.8727180077103291,0.7767863949821081,0.009859168756505152,0.3093863003588963,0.4674000946232118,0.47736203296168733,0.029166666666666667,0.03745769605742372,2.3719529233979046,0.05751864053614057
main,3.0,endogenous,1,10,1.3846109267630262,0.015338773471624687,1.1407981451079197,0.8469159484475235,0.002669218442048856,0.2869799965247332,0.5599359519227904,0.5531421912483345,0.04479166666666667,0.04685032801017933,2.6788117301883987,0.08173329402792975
main,3.0,endogenous,2,10,1.0767376541391265,0.01963700791096417,0.9091116054987921,0.6684954225162942,0.0031156870102783253,0.3289194467791292,0.33957597573716497,0.37611202857394355,0.07708333333333332,0.07586413239339276,2.3251983797520563,0.02871288274626326
main,3.0,endogenous,3,10,1.4082103055202946,0.014947150827881766,1.122346049687824,0.8485011686786667,0.003165457014240821,0.2885041648085792,0.5599970038700876,0.5666652303648889,0.03958333333333333,0.04466923360814486,2.6635669979344767,0.08024540117589515
main,3.0,endogenous,4,10,1.0856259548726503,0.01651956332617607,0.7877217573447428,0.629955758514523,0.005012595387899517,0.3241365185199618,0.3058192399945613,0.2912653909961324,0.07708333333333334,0.06994255725097619,2.1896436787257123,0.09269600077186688
main,3.0,endogenous,5,10,1.1769692951012396,0.01669368603558565,0.8407733424417314,0.6781454411928521,0.005756369805921069,0.32225039976939845,0.3558950414234538,0.3685556637548061,0.05208333333333333,0.059841122989453,2.278543358387862,0.04485858646641864
main,3.0,endogenous,6,10,1.005472498674212,0.021161355857454954,0.9764875206133647,0.6677071250483438,0.0013040118534081927,0.3302460266747012,0.3374610983736427,0.3648077227385829,0.07291666666666666,0.09053046079303403,2.3707664761990146,-0.042831497425026774
main,3.0,endogenous,7,10,0.9712745922491361,0.017933159824734528,0.7261268787591819,0.5717782102776843,0.004591087802657226,0.32430269197679423,0.24747551830089004,0.2461963742768412,0.07604166666666667,0.08574527546814617,2.0820824993567886,0.07630007371849151
main,3.0,endogenous,8,10,1.1442347934414656,0.017753085865373525,0.8607343123450898,0.674240730550643,0.00490199911511792,0.3248805992910928,0.34936013125955023,0.3506128855286496,0.06458333333333335,0.06452696720801339,2.292476990248045,-0.048020398121785594
main,3.0,endogenous,9,10,1.3030999016076137,0.015359815107701185,0.8910563338326467,0.7365053501826538,0.006617441390750621,0.3154969914215237,0.42100835876113,0.40576100926197733,0.0625,0.04821336555517634,2.3693535888603794,0.06417202589220952
main,3.0,endogenous,10,10,1.0278714625681078,0.02190143702653754,1.319226210911776,0.789666370168807,0.0002594878329467274,0.2835527066999032,0.5061136634689041,0.5244002036812407,0.07395833333333333,0.09837921167380427,2.711276469607463,-0.013940467371966012
main,3.0,endogenous,11,10,0.924881035951006,0.02426297695448347,1.2514327337208002,0.7335255822087632,0.00037310313957359775,0.3023907959637294,0.43113478624503376,0.4154013030120168,0.121875,0.11850450700110973,2.593337593557257,-0.024841394756277085
main,3.0,endogenous,12,10,1.243884601981968,0.014231914048686178,0.6799990966224152,0.6460385375510231,0.011560876838784878,0.3034360702807243,0.34260246727029886,0.35576383560374925,0.059375,0.04835123585446346,2.1123563591445285,0.16192749231729048
main,3.0,endogenous,13,10,1.165561074485028,0.016045075475165753,0.6936650427809881,0.6250903975803939,0.01006851480399199,0.31019940908646204,0.3148909884939319,0.3202552890421973,0.06562500000000002,0.05677185931038534,2.1098753371173613,0.13110479531290417
main,3.0,endogenous,14,10,1.5368963064593806,0.013707757637381102,0.613818802226115,0.7214742887742922,0.02159286185629699,0.28101061136939737,0.440463677404895,0.42675565340812316,0.020833333333333336,0.02833186602711199,2.083179066864944,0.1203224676459604
main,3.0,endogenous,15,10,1.2175107526690252,0.016504367317684898,0.7997229292209086,0.6779126830692064,0.007940863670001366,0.31866359410701744,0.3592490889621888,0.3588126386413853,0.05,0.05412237098434534,2.24155042825121,0.17590341852409966
main,3.0,endogenous,16,10,1.4196478683821212,0.015386845430708946,1.0564951945786358,0.8305099694638219,0.004928636839450683,0.2976912759764703,0.5328186934873516,0.519491083005133,0.04687500000000001,0.04262181246737304,2.5913094739547704,0.06505648176704024
main,3.0,endogenous,17,10,1.1727815187316253,0.01752763873147161,0.8636957976967212,0.684668318386606,0.005406623699149378,0.3232981920270941,0.36137012635951193,0.3534669731109052,0.0625,0.06109833444748843,2.3044083173428467,-0.06125763698008437
main,3.0,endogenous,18,10,1.1440483275638358,0.017758696643039674,0.9784390424436795,0.7134153555501851,0.00243389383301619,0.3207305037206493,0.3926848518295358,0.40825624343459194,0.065625,0.0683686063042306,2.428912145909937,0.08221899726383124
main,3.0,endogenous,19,10,1.053492253342031,0.019519070345826933,0.8779449728671981,0.650318765518352,0.003196748590281765,0.3305450485658811,0.3197737169524709,0.3049944460953888,0.08854166666666667,0.07820409670665054,2.281063959357272,0.14820259314329207
main,3.0,endogenous,0,20,1.677737717918081,0.02839495298031546,0.7069626565705616,0.8043651091563191,0.0374378829307164,0.3038813343503713,0.5004837748059481,0.49221839833273445,0.019791666666666666,0.024814248360771382,2.203579899992562,0.151740557388624
main,3.0,endogenous,1,20,1.5080410216134572,0.022618926395821408,1.0340830508435328,0.8549143329509372,0.010667602945462332,0.303099483171713,0.551814849779224,0.5419127053196732,0.036458333333333336,0.03679770184785183,2.5846116773013827,0.13327095971644254
main,3.0,endogenous,2,20,1.197478138958889,0.0319718584972606,0.8048454435132724,0.6780984803231406,0.012718744817124858,0.3305298073934827,0.34756867292965804,0.35566392992937196,0.05,0.05687301097025044,2.2500973206366353,0.08560426401535351
main,3.0,endogenous,3,20,1.5594631913312091,0.023847551663393814,0.9949767034988172,0.8594291488311401,0.014093437166714146,0.30668825121174004,0.5527408976193999,0.5731824730032783,0.03333333333333333,0.03353351460234348,2.5449481079333607,0.14260199123265843
main,3.0,endogenous,4,20,1.2498461952133701,0.030981260124204185,0.6590379652428732,0.6466218068601493,0.0216786437335257,0.3108566551093068,0.3357651517508424,0.32397473959560885,0.053125,0.04746791320086519,2.0991499923325483,0.16915337780968792
main,3.0,endogenous,5,20,1.3467467130467228,0.03124924160751924,0.7083174796846985,0.6954378114463136,0.02304874005938235,0.3149104843877737,0.3805273270585398,0.39859325859392025,0.036458333333333336,0.04070019068465203,2.170722827455579,0.12086128324112559
main,3.0,endogenous,6,20,1.0829097908702374,0.029445630071123337,0.9033840961181067,0.6719131723531558,0.00551005915822007,0.33582552157606443,0.33608765077709135,0.33873875882543625,0.06770833333333334,0.07502765911851836,2.326197806355407,-0.004764718506436769
main,3.0,endogenous,7,20,1.1165313702641932,0.03273119110002513,0.610438284745284,0.5865669487031676,0.019379826228140537,0.30816496868489435,0.2784019800182731,0.24731762522069958,0.07291666666666666,0.06038111967036743,2.0197976159669446,0.1478726109639663
main,3.0,endogenous,8,20,1.3073446669602078,0.03308924639032847,0.7298753839560701,0.6901030991022021,0.020764367666677004,0.32041904818046135,0.36968405092174084,0.36521358739228466,0.042708333333333334,0.04423278035855393,2.189182976271194,0.026066941870611166
main,3.0,endogenous,9,20,1.4988063315277298,0.02970765800680622,0.7422369236649644,0.7569169710665001,0.02702906227459693,0.31300195863949576,0.4439150124270045,0.430464450403288,0.03020833333333333,0.03216303801180935,2.2299102723502484,0.14728967436454093
main,3.0,endogenous,10,20,1.0029068439059685,0.019829708801689723,1.3480563263380774,0.7902642930152453,0.0008574106793848319,0.2786206519990209,0.5116436410162243,0.5042605656451202,0.09479166666666668,0.10424533596133771,2.715180571170346,-0.026451154911225228
main,3.0,endogenous,11,20,0.8865658870990119,0.020566479327568908,1.297275440197333,0.7348026022079713,0.0016501231387816818,0.2938111443938591,0.44099145781411214,0.4361700926375353,0.13541666666666669,0.12953206749696702,2.5975593631949203,-0.04519496843876574
main,3.0,endogenous,12,20,1.4637178570656961,0.028736591435633247,0.5339094238510168,0.6754546241174488,0.04097696340521055,0.27314053800819227,0.4023140861092565,0.40879302525383576,0.035416666666666666,0.03061908933806911,2.0044574319384676,0.2569369460269393
main,3.0,endogenous,13,20,1.350096217854648,0.03140336242761245,0.5639687322493218,0.6484894375105273,0.03346755473412542,0.28657142155282045,0.361918015957707,0.35683107387121976,0.0375,0.03762709049599387,2.02032069875813,0.21387695596940923
main,3.0,endogenous,14,20,1.8452129346724864,0.02344853472502304,0.44340756466539927,0.7706896780209694,0.07080825110297417,0.2353583493940516,0.5353313286269178,0.5388595248003867,0.021875,0.018401106796507277,1.9460296939303394,0.23945553486560223
main,3.0,endogenous,15,20,1.4128914932202152,0.033494558429747835,0.6552727317551773,0.7005529278017134,0.03058110840250854,0.3056220056382102,0.39493092216350323,0.4022857468331963,0.03333333333333333,0.035374951622228964,2.1229557744685534,0.2615429194347742
main,3.0,endogenous,16,20,1.5957920595242734,0.027048892058685527,0.9145628406429418,0.8458012640753003,0.020219931450928978,0.3137258624630537,0.5320754016122466,0.555071364502181,0.02395833333333333,0.030682944056007168,2.4509208873914914,0.13711187500029057
main,3.0,endogenous,17,20,1.3376690900692725,0.032605335742199815,0.7328929171060701,0.7010557809725141,0.02179408628505742,0.31910618343004776,0.3819495975424664,0.37212794083478007,0.035416666666666666,0.04200784314320531,2.1977313438923027,0.0127081199095555
main,3.0,endogenous,18,20,1.2625823161562884,0.028000816062284127,0.8747685002161296,0.721783877478234,0.010802415761065085,0.32685916995802605,0.3949247075202079,0.4112828495025214,0.048958333333333326,0.05178920348862681,2.3476373027701656,0.1365284445116483
main,3.0,endogenous,19,20,1.1788171568847126,0.03246806753317241,0.7705599268051708,0.6606150504076853,0.013493033479615012,0.32963804383660605,0.33097700657107915,0.33775386528831547,0.05729166666666667,0.05774900277134447,2.20640279603622,0.2078816188341724
main,3.0,endogenous,0,30,1.905393161683434,0.056656995906917196,0.5721688906790636,0.8447396827564717,0.0778124565308687,0.29397268640963176,0.5507669963468398,0.5448656928732949,0.021875,0.01875599361510751,2.080857413432498,0.23710935513239378
main,3.0,endogenous,1,30,1.6443195239883657,0.03598026767438796,0.9268074642810559,0.8690357519812698,0.02478902197579506,0.3191711643447485,0.5498645876365214,0.5428228312049563,0.030208333333333337,0.029057014784622703,2.4770736670300115,0.18781135337404384
main,3.0,endogenous,2,30,1.3224970343301288,0.050282061740843556,0.7083798637426382,0.6937196532712033,0.028339917765187607,0.32853015350475184,0.36518949976645165,0.39069982469791065,0.0375,0.04290054900112009,2.1763792040907157,0.14160508843270958
main,3.0,endogenous,3,30,1.7174550556904074,0.040327107291016365,0.8759907875188351,0.8779243168334195,0.032588605168993603,0.3225432805456047,0.5553810362878149,0.5889936638132122,0.021875,0.02603276550225079,2.4210646421198105,0.20459054749204345
main,3.0,endogenous,4,30,1.4127169512302247,0.054873845919083716,0.5500893945185815,0.6725600638892967,0.04761690076267326,0.29551068987203505,0.3770493740172616,0.3822236080582414,0.03125,0.03373905282907245,2.025841047373492,0.2401069682314517
main,3.0,endogenous,5,30,1.518774647721472,0.0557976235887786,0.5931872243628271,0.7225864985576926,0.05019742717076144,0.30414264369162536,0.4184438548660673,0.4228094992260475,0.02708333333333333,0.029127222149365056,2.0801885111364813,0.19307304228353442
main,3.0,endogenous,6,30,1.1806357236195935,0.043246356192660956,0.8184114117595411,0.6807644971905987,0.014361383995662858,0.34005307262385653,0.340711424566742,0.3688995596551539,0.05625000000000001,0.05937062413471121,2.2675816307558727,0.04143373211235225
main,3.0,endogenous,7,30,1.259289980160926,0.05534680828774384,0.5128852351128723,0.6091740078538475,0.04198688537882038,0.29075669760709866,0.3184173102467488,0.3097031248584732,0.04375,0.04370107279768084,1.9697285406572944,0.21378569870503966
main,3.0,endogenous,8,30,1.4655026562024716,0.05658374588751488,0.6201449650432046,0.7140771223777305,0.044738390942205254,0.31230315655484164,0.4017739658228887,0.3875412172729771,0.04583333333333333,0.03203486107757386,2.1032326450570835,0.09358138369644287
main,3.0,endogenous,9,30,1.6926070173369712,0.055372147138651406,0.6166302664806473,0.78820314365209,0.058315234860186735,0.3059038088435388,0.4822993348085512,0.4712310474944846,0.023958333333333335,0.0234095561460861,2.1174451542108126,0.22434742784873357
main,3.0,endogenous,10,30,0.9724367471608272,0.017560383107288545,1.3838536580733671,0.7912835961138277,0.0018767137779673218,0.2727730882847109,0.5185105078291168,0.529715450409556,0.10104166666666665,0.11167271133313264,2.7185058001706666,-0.04186253496165713
main,3.0,endogenous,11,30,0.8469365540703683,0.017593359963173245,1.3467572717368945,0.7370957285901454,0.003943249520955746,0.28513200097504743,0.45196372761509773,0.45129407770255225,0.15,0.14175371465191605,2.597503328320397,-0.06674649974729402
main,3.0,endogenous,12,30,1.6497831106840521,0.0528692616339254,0.43138920288570903,0.7113471917345623,0.07686953102232401,0.2511177439760631,0.460229447758499,0.46113628823947994,0.019791666666666666,0.022601146596960362,1.9402826885950113,0.33186624452552604
main,3.0,endogenous,13,30,1.534377671821508,0.05807412158145349,0.4555018822793825,0.682651225227448,0.06762934245104602,0.2649738148990325,0.41767741032841554,0.43354007293095564,0.016666666666666666,0.026705114232852423,1.9545531458571617,0.29099020909711254
main,3.0,endogenous,14,30,2.0755876426553654,0.04685038327991644,0.34192798874160946,0.8214553382256303,0.12157391130763535,0.2105799510611679,0.6108753871644625,0.5911762136258701,0.01666666666666667,0.015211792999136423,1.8847611805146134,0.32203860875430257
main,3.0,endogenous,15,30,1.6005228575286552,0.06115333376331354,0.5381590569387859,0.7332784160769182,0.06330659667771332,0.2912170356353472,0.44206138044157095,0.4368374197611181,0.025,0.025327426417758463,2.0348522893585113,0.33834055654206746
main,3.0,endogenous,16,30,1.7742534286452336,0.047942205651167115,0.7883181709098589,0.8701712684020867,0.044589935777715375,0.32467106951453995,0.5455001988875468,0.5557769074617024,0.012499999999999999,0.02347703914417055,2.3184863490236283,0.2061383838389121
main,3.0,endogenous,17,30,1.5070549121536865,0.057399735720721726,0.6168883192362755,0.727114322370228,0.04785262768277123,0.3108714853426445,0.4162428370275835,0.41948888467851975,0.021875,0.0300490171606558,2.1045706660140167,0.0840973659379797
main,3.0,endogenous,18,30,1.399701018076354,0.046012200851917186,0.7674904092628025,0.737734542730358,0.026753081013189007,0.3299494618653652,0.4077850808649927,0.39856283819192834,0.04166666666666667,0.03845710034687662,2.2556965459559573,0.19626194625939192
main,3.0,endogenous,19,30,1.3094135950403374,0.05220159635020401,0.6715795554653642,0.6777315822853017,0.03060956535723162,0.324782972594971,0.3529486096903308,0.3344651961255027,0.040625,0.04294974333637743,2.1343335084674053,0.2667571432162675
main,3.0,endogenous,0,40,2.080483385232451,0.08637873840542856,0.4830142051983083,0.8832921096120627,0.11636488338645987,0.28595918918754065,0.5973329204245219,0.6101317642544967,0.008333333333333333,0.01623067893520342,2.0138099952925055,0.2993477863187677
main,3.0,endogenous,1,40,1.7926778349321775,0.056317369727752045,0.8214982757653179,0.8901644934750823,0.045917763469607784,0.3326098973521051,0.5575545961229775,0.5630468091277627,0.025,0.02351325618901919,2.3665350998083055,0.24461649813275105
main,3.0,endogenous,2,40,1.4500336723677592,0.07400126948934244,0.6204331273738192,0.7148226897436402,0.04944295423762435,0.32404492294006215,0.3907777668035781,0.4031191182034134,0.028125,0.033067479468908374,2.1108021144741733,0.19608857585215606
main,3.0,endogenous,3,40,1.8777131338779367,0.06379037689011424,0.7685045063332447,0.9033360057004319,0.05800029403600596,0.3334478260061131,0.5698881796943188,0.574289197101046,0.017708333333333333,0.021306242695908546,2.3083439548810203,0.26451263316913
main,3.0,endogenous,4,40,1.5665864985182036,0.08471328375328568,0.46137565844983747,0.7042251469071088,0.07928198378048543,0.2821343354442192,0.42209081146288974,0.4153181083627381,0.028125000000000004,0.025755103206516167,1.9740997394423907,0.3034290106219501
main,3.0,endogenous,5,40,1.6716387301561753,0.08449356902360877,0.504282893312846,0.7534717308308766,0.08108265944394552,0.2943229859252633,0.4591487449056134,0.4776885639357274,0.015625,0.02289719680457828,2.018796974524924,0.25387062015803974
main,3.0,endogenous,6,40,1.2886726298426165,0.062492007149804116,0.733156693211329,0.6947737767345832,0.028370663539647435,0.34151557402407284,0.3532582027105104,0.3670566124931826,0.04583333333333333,0.046416921861481955,2.204945733538279,0.0903108047655323
main,3.0,endogenous,7,40,1.3748657527697887,0.078667208236632,0.44393054777144936,0.6324878362592902,0.06530071378426301,0.2778140543911922,0.35467378186809795,0.3774867131363454,0.021874999999999995,0.03451700468137583,1.9385294879008044,0.2643990248392579
main,3.0,endogenous,8,40,1.6169280857935326,0.08579564898802221,0.5284489136110398,0.743724216130865,0.07438548469533991,0.3035322918440457,0.44019192428681936,0.4378397472362229,0.025,0.024790949719483243,2.0387661018574357,0.15485395312261782
main,3.0,endogenous,9,40,1.867809687441514,0.0867971464497068,0.5186993418122318,0.8244353919011507,0.09454748310924761,0.2981727881566184,0.5262626037445326,0.52644301216844,0.019791666666666666,0.018958285912659623,2.0420085494407156,0.2902415335289855
main,3.0,endogenous,10,40,0.9440076120457395,0.01595763178805355,1.4184623550225774,0.7928091996187903,0.0034023172829298126,0.26768886615321097,0.5251203334655792,0.515025034614353,0.125,0.11911766815164762,2.7187658967938444,-0.05652282901222645
main,3.0,endogenous,11,40,0.8058175116283728,0.015358921959986926,1.4001666063131686,0.7404476799671762,0.007295200897986523,0.27641827829903187,0.4640294016681442,0.4621391192080663,0.16145833333333331,0.1551584662770243,2.593187425966412,-0.08960818365329112
main,3.0,endogenous,12,40,1.8042309238894068,0.07982051960909552,0.3586211394478814,0.7475575276487946,0.11307986693655622,0.2371157504233692,0.5104417772254253,0.5002885918249995,0.022916666666666665,0.018701930835500896,1.9038201961815322,0.39086133521460814
main,3.0,endogenous,13,40,1.6829998806860256,0.08638138912511653,0.38064944019003394,0.7166769033337255,0.10165502055732348,0.2511379172686642,0.46553898606506117,0.4638018569286337,0.016666666666666666,0.021434012682173882,1.91763647986935,0.3498559893420802
main,3.0,endogenous,14,40,2.2394186205100803,0.0704455402853426,0.2809089160407976,0.8635910256120735,0.16370959869407833,0.19850285551723532,0.665088170094838,0.6729514383417231,0.009375,0.013978283553886046,1.8570736081683674,0.37799331309112344
main,3.0,endogenous,15,40,1.7591720690860533,0.09173303305290349,0.4528380434916916,0.7679143818768827,0.09794256247767785,0.28024657071254555,0.4876678111643372,0.48657550868566873,0.016666666666666666,0.020364653191070083,1.9810046408247821,0.3998225641202278
main,3.0,endogenous,16,40,1.959673850224848,0.07784794272881998,0.6730033746859867,0.9035083892132183,0.07792705658884705,0.3301225671317794,0.5733858220814388,0.5536085760746736,0.015624999999999997,0.01908380044427401,2.2040084127884074,0.2742653636909285
main,3.0,endogenous,17,40,1.6575457984781394,0.08614763501220975,0.527086374286322,0.7569266025922236,0.07766490790476702,0.30257063055067823,0.45435597204154554,0.4502085859207764,0.017708333333333333,0.023569109124490763,2.0402735695792598,0.14420563465095076
main,3.0,endogenous,18,40,1.5171880815025844,0.0661450624316093,0.6852159863482108,0.7561830434274682,0.045201581710299296,0.32971334173417755,0.4264697016932907,0.4169794570948572,0.029166666666666664,0.030746714237060956,2.185487221881403,0.24508604478041002
main,3.0,endogenous,19,40,1.438134388416407,0.07697792293936243,0.5850503685548735,0.700054226636881,0.052932209708810754,0.31800614669700883,0.3820480799398722,0.3621593934195007,0.03854166666666666,0.03305568543775999,2.0741410669362965,0.3219585178257489
main,3.0,endogenous,0,50,2.247514285481489,0.12022509767221481,0.4079476668437213,0.9252290166658084,0.1583017904402056,0.2795262551787826,0.6457027614870258,0.6433837242592236,0.013541666666666665,0.014777559275814183,1.9686631432057644,0.3563697544174279
main,3.0,endogenous,1,50,1.9334206697551326,0.08046732815641826,0.7312182694038509,0.9150354224384672,0.07078869243299266,0.34115646262340377,0.5738789598150635,0.5728127429804385,0.02395833333333333,0.020067004709519908,2.2745409420322007,0.2963507012293586
main,3.0,endogenous,2,50,1.5693989731915576,0.10032346653474847,0.5466782371894185,0.7388002256385748,0.07342049013255898,0.3188753251965805,0.4199249004419944,0.4164532984841604,0.02708333333333333,0.026791672820237034,2.0605956043366005,0.2449176863402336
main,3.0,endogenous,3,50,2.010446632311915,0.087440234706488,0.687731879961562,0.9285395823266548,0.08320387066222915,0.3390287421552271,0.5895108401714279,0.6151015906585716,0.01875,0.018700215343850007,2.228550499009285,0.31229602002793083
main,3.0,endogenous,4,50,1.6807317261516872,0.1107116817711044,0.40311962448786476,0.7315210108035523,0.10657784767692866,0.2739345868495172,0.45758642395403504,0.4672013381473562,0.015625000000000003,0.021828800599281363,1.9459705788707364,0.3484312871344232
main,3.0,endogenous,5,50,1.7918911626596021,0.11098897076214387,0.44198053254361724,0.7816202219884543,0.10923115060152319,0.28752726471920376,0.4940929572692506,0.4953854559352619,0.019791666666666666,0.01969018713738247,1.982529221862217,0.29977773060471347
main,3.0,endogenous,6,50,1.4004380912794625,0.08627370093692754,0.653388367322106,0.7133667198461653,0.04696360665122953,0.34048571514664633,0.372881004699519,0.3443042063926742,0.042708333333333334,0.036729310057236085,2.146856379665622,0.13874337834317535
main,3.0,endogenous,7,50,1.4798281093333947,0.1031685352824329,0.38795365107641294,0.6569834318974135,0.0897963094223865,0.2678659615527079,0.3891174703447056,0.3770206103159376,0.03020833333333333,0.028518414155535528,1.9171542642230837,0.30854171496841987
main,3.0,endogenous,8,50,1.7380603175935523,0.11325587768619425,0.46323781027872785,0.7715180018528248,0.10217927041729975,0.2970760461784638,0.4744419556743612,0.492062174502882,0.01875,0.021008120080453354,1.9997652066286211,0.20181703878229257
main,3.0,endogenous,9,50,1.9958312794574744,0.11393496169097936,0.4550726170021324,0.8549462860501953,0.12505837725829214,0.2929747412586786,0.5619715447915168,0.5529166084100361,0.015624999999999997,0.01691447263188481,2.0012335085625415,0.3364771291644335
main,3.0,endogenous,10,50,0.9097006883650977,0.014457329756089479,1.4612458928004806,0.7951346369738891,0.0057277546380288015,0.26189224854749904,0.5332423884263902,0.5175864500598185,0.1416666666666667,0.12851673375734152,2.7167242675382437,-0.07445125066739376
main,3.0,endogenous,11,50,0.7627112462584993,0.014185549320658995,1.4589990992438302,0.7452986316076629,0.012146152538473193,0.26776037590252155,0.4775382557051412,0.47161743797050865,0.17604166666666668,0.17009221119089987,2.5831557303281882,-0.11426206795288367
main,3.0,endogenous,12,50,1.925727636840192,0.10480673701994174,0.30812326940946544,0.7795525477565333,0.14507488704429486,0.22911975458945685,0.5504327931670763,0.5374352658254351,0.02291666666666666,0.016702228884275853,1.8841081707835337,0.435518584397126
main,3.0,endogenous,13,50,1.8031344171207677,0.11316546748602001,0.32739353313196473,0.7478978059129174,0.13287592313651547,0.24287488082696154,0.5050229250859559,0.5193350073706805,0.015625,0.018645007127325527,1.897173434161909,0.39552901623644754
main,3.0,endogenous,14,50,2.355052207850708,0.09021862933978855,0.24284255884949105,0.8960377986799959,0.19615637176200063,0.19278422533631845,0.7032535733436773,0.7127148932120396,0.012499999999999999,0.013417666179969766,1.8440087922377284,0.41624207012552006
main,3.0,endogenous,15,50,1.887032820999711,0.12051152725161293,0.39194879331179655,0.7998310471877068,0.129859227788502,0.2731714813656332,0.5266595658220737,0.5247842464589311,0.021875,0.01780369549395177,1.94996967731438,0.4473887335529114
main,3.0,endogenous,16,50,2.124930923934626,0.11076085784686099,0.5823325308067141,0.9393414375294004,0.11376010490502919,0.3313452859044655,0.6079961516249348,0.5931381372433358,0.026041666666666668,0.016770610774677164,2.1255096393999855,0.33224193262257573
main,3.0,endogenous,17,50,1.7882121641667095,0.11566210905104266,0.4581020247620649,0.787325432659939,0.10806373797248248,0.2960170446139464,0.49130838804599275,0.47904984782949345,0.025,0.019980665833591593,1.9987926680319297,0.1941474442967206
main,3.0,endogenous,18,50,1.6547545895469464,0.09422398291184116,0.598124464098637,0.7823676788524748,0.07138621713530599,0.32742571290500405,0.4549419659474709,0.45036127248783264,0.028125,0.024525234668627625,2.116132930868223,0.2999951566694492
main,3.0,endogenous,19,50,1.5648268065767286,0.10594044732919101,0.5093620505608472,0.7267097681555889,0.0795877512275187,0.31101082554840015,0.4156989426071889,0.4033909132590927,0.035416666666666666,0.026527135546516294,2.0273605981039236,0.37385954385755643
main,3.0,endogenous,0,60,2.3446811138640093,0.14227362107346786,0.36856749739836137,0.9518407441119463,0.18491351788634341,0.276746177279431,0.6750945668325152,0.6847859706478445,0.007291666666666667,0.014224881742871459,1.9501530905184232,0.38853109655726425
main,3.0,endogenous,1,60,2.070632153662771,0.10801225822963201,0.6511310672060475,0.9432584930328168,0.09901176302734227,0.34621723107174746,0.5970412619610693,0.6049671670363221,0.0125,0.017812217017296208,2.199382151907065,0.3450115795302654
main,3.0,endogenous,2,60,1.675301584933336,0.12661580493551375,0.48734182992287184,0.7630864065972405,0.0977066710912245,0.31433762977166607,0.44874877682557435,0.45867195616827594,0.026041666666666668,0.022873230097363317,2.0252858689704785,0.28669723447539724
main,3.0,endogenous,3,60,2.134385113127439,0.11284433673780825,0.618811988474528,0.9553471461132583,0.11001143444883241,0.34192322243684653,0.6134239236764116,0.6184204165188122,0.015625,0.0170374991249719,2.1669335297468217,0.3554583706212914
main,3.0,endogenous,4,60,1.7728141175750678,0.13384362108188602,0.36034583352080524,0.7556678573925865,0.130724694265963,0.2686770392315215,0.486990818161065,0.48120531778523495,0.021875,0.01953124130828027,1.9291318886157707,0.38363308991236217
main,3.0,endogenous,5,60,1.900227714878124,0.1376085416790423,0.39120553326909147,0.8096805966087526,0.1372915252218213,0.2826143780989194,0.5270662185098332,0.5304587505868179,0.017708333333333333,0.017692087816523983,1.958427916484132,0.3397895617748953
main,3.0,endogenous,6,60,1.5042039084991734,0.11146533300083927,0.5861043230620844,0.733924521520699,0.06752140832576321,0.3381659921235451,0.39575852939715384,0.4043953586947332,0.02395833333333334,0.030248082795905924,2.1010274897041694,0.18199624311036852
main,3.0,endogenous,7,60,1.561229891045245,0.12415796892577993,0.34851782675695375,0.6779685622426597,0.11078143976763252,0.26161371164246766,0.41635485060019184,0.4237520761278025,0.026041666666666668,0.025029706829907256,1.9049415618936554,0.34168525758457424
main,3.0,endogenous,8,60,1.8462025891441136,0.14057013506622956,0.4105875159194641,0.7991200800432692,0.12978134860774396,0.2923190034478075,0.5068010765954616,0.5036082870570509,0.025,0.018667977187097676,1.9738770643105803,0.2423407046322112
main,3.0,endogenous,9,60,2.1118927148344113,0.14131638705923824,0.4026691594336113,0.8852927537757538,0.15540484498385038,0.2891287699711477,0.5961639838046058,0.5975222090461043,0.0125,0.015647096771617762,1.9737611826881156,0.3771196706591474
main,3.0,endogenous,10,60,0.8780721200248799,0.013741896006337212,1.5022583856530152,0.7980241338947441,0.008617251558883713,0.2570951308789509,0.5409290030157932,0.5608848390137401,0.13541666666666669,0.13778265665104414,2.711344033343741,-0.09134490456311985
main,3.0,endogenous,11,60,0.7215804496948274,0.01392951421244078,1.5172347464734406,0.7509149034602363,0.01776242439104676,0.25990128927218187,0.4910136141880545,0.49177122833507275,0.19687499999999997,0.18489845815979825,2.569844731424478,-0.13829383809981008
main,3.0,endogenous,12,60,2.012113161242444,0.12443780759690741,0.2755434482903004,0.8040314723765508,0.16955381166431252,0.22509433157635894,0.578937140800192,0.5666846400363057,0.02395833333333333,0.015681000548528792,1.8743842722500865,0.4664071448779395
main,3.0,endogenous,13,60,1.8821778273811502,0.13248116037383803,0.29549784766931736,0.7700522784747685,0.15503039569836652,0.2388984968691291,0.5311537816056394,0.5140982669209905,0.026041666666666664,0.017302780200752457,1.8877327451611925,0.4247516435077413
main,3.0,endogenous,14,60,2.430524522518284,0.10435101274481366,0.21996420560690694,0.9182799136233347,0.21839848670533962,0.19021071733003803,0.7280691962932968,0.7215998831175463,0.015625,0.013145336826943304,1.8378933744209278,0.4407169703118683
main,3.0,endogenous,15,60,1.978378250391725,0.14320127153221063,0.3525063197293403,0.8246952805510921,0.15472346115188715,0.2693784527888,0.5553168277622922,0.5606353772946957,0.012499999999999999,0.016527529751054953,1.9341025825643219,0.4803480950555703
main,3.0,endogenous,16,60,2.2447430200918275,0.13788906812861573,0.522911979610447,0.9685146892769632,0.14293335665259227,0.33114082552268037,0.6373738637542831,0.6293998411697059,0.015625,0.01567381557029066,2.0819320710663565,0.3728443570551284
main,3.0,endogenous,17,60,1.8739975854716477,0.1370050006114703,0.4166926210985594,0.8092317357272257,0.12997004103976895,0.29240288663696307,0.5168288490902626,0.5067742431729718,0.022916666666666665,0.018291969994866604,1.9779312528047917,0.2259647094125976
main,3.0,endogenous,18,60,1.782347776700234,0.1243878641831089,0.5258020586324477,0.810845899838597,0.09986443812142796,0.3243700892569224,0.4864758105816745,0.49630229582901153,0.021875,0.020747364456051177,2.0658128102993194,0.34885692060971085
main,3.0,endogenous,19,60,1.663424381327978,0.13110711972717065,0.4558976563342926,0.7501430524631472,0.10302103553507688,0.3060542270171399,0.44408882544600725,0.45076686384084264,0.0125,0.022902393970939537,1.9989495429866344,0.41285620114980903
main,3.0,endogenous,0,70,2.413030891871509,0.1587352200967731,0.3425970552569328,0.9714543890750719,0.20452716284946892,0.27529038579506687,0.6961640032800049,0.6781488856220775,0.021875,0.013927250259928197,1.9401413835514856,0.4107466334725329
main,3.0,endogenous,1,70,2.1844692149738107,0.13364265167515782,0.5901911125286574,0.9694343263925418,0.12518759638706736,0.3486023488839907,0.6208319775085512,0.6315256425250864,0.015625,0.016517071902675793,2.148516401836707,0.38415034864680647
main,3.0,endogenous,2,70,1.7511614670824092,0.14708091389118363,0.44822436559986506,0.7821555821911526,0.11677584668513666,0.31144423169549834,0.47071135049565427,0.45865507384375154,0.022916666666666665,0.020798813189646104,2.0054207364930594,0.3157684648071486
main,3.0,endogenous,3,70,2.2441171511817526,0.13761126779136762,0.5622443812591936,0.9813242667441046,0.13598855507967877,0.34329455114425644,0.6380297155998481,0.6365443352922829,0.013541666666666665,0.015971113131782,2.121905108735226,0.39267678902326447
main,3.0,endogenous,4,70,1.8367781295341437,0.15099702850473046,0.33275570435784935,0.7735102874655746,0.14856712433895108,0.2658222532029939,0.5076880342625806,0.5003957316280822,0.020833333333333332,0.018292477291471636,1.92038176359308,0.40753166661943807
main,3.0,endogenous,5,70,1.9770090777449643,0.15788535226298195,0.3579665939056319,0.8309536746378592,0.15856460325092817,0.2799343977650679,0.5510192768727914,0.5680718003729572,0.007291666666666666,0.016636542290308677,1.945710526652277,0.36745640127726475
main,3.0,endogenous,6,70,1.5995854352119063,0.13684807944855848,0.5291039746800914,0.7551791631135188,0.08877604991858302,0.33556544302235825,0.4196137200911606,0.41409608893967026,0.023958333333333335,0.025779649466080034,2.0658936163886694,0.2205285902249814
main,3.0,endogenous,7,70,1.6184623649854892,0.13985712073298456,0.3226747809145081,0.6936647555443273,0.12647763306930015,0.2580200991810069,0.4356446563633204,0.420506120330411,0.026041666666666668,0.023045218907617956,1.8984745792227966,0.36447135142330295
main,3.0,endogenous,8,70,1.9117549097541193,0.15830200330742078,0.38100978393250573,0.8170222323313487,0.14768350089582358,0.2900230997084064,0.5269991326229423,0.5272756482859033,0.013541666666666665,0.01759540080680832,1.9619428217843733,0.2663158084680846
main,3.0,endogenous,9,70,2.184012908178502,0.15958527549821677,0.37248834587744123,0.9053621765180534,0.17547426772615018,0.2872941461418877,0.6180680303761656,0.6201577184887278,0.0125,0.015066082327682997,1.9608823459356657,0.4018000230174337
main,3.0,endogenous,10,70,0.8396914378517846,0.013648209938749647,1.5538461930501972,0.8023952802802438,0.012988397944383367,0.2519208942071008,0.550474386073143,0.5373817688236999,0.14687499999999998,0.1496672593857013,2.7009949060577503,-0.11226828452708373
main,3.0,endogenous,11,70,0.6743965625430831,0.015298728586981166,1.588083328796999,0.7592595399756877,0.02610706090649827,0.251700933191589,0.5075586067840988,0.512105273323033,0.20104166666666665,0.20277949262234732,2.548168045352491,-0.16683998575309206
main,3.0,endogenous,12,70,2.064229704406748,0.1369382747763342,0.25705885703324294,0.8194089454054418,0.18493128469320358,0.22327847264924924,0.5961304727561926,0.598336321475029,0.013541666666666665,0.015181570588122867,1.8700021657354138,0.4847382597167199
main,3.0,endogenous,13,70,1.9402605343104078,0.14755059745496085,0.27368710695052084,0.7871660795719633,0.17214419679556126,0.23678139095909012,0.550384688612873,0.5477157389345231,0.020833333333333332,0.01652586470429864,1.8828591315510406,0.4457964918258356
main,3.0,endogenous,14,70,2.489419316012307,0.11603464867129157,0.20316199742504665,0.9362053207028816,0.23632389378488655,0.18883531119920277,0.747370009503679,0.7441202642422555,0.014583333333333332,0.012974906182482362,1.8343733613850008,0.4595544281531859
main,3.0,endogenous,15,70,2.065083905080153,0.16615575693020113,0.3177670899899769,0.8496689173334439,0.179697097934239,0.26675421558829365,0.5829147017451503,0.5814653258004255,0.016666666666666666,0.015607151607248284,1.923165447452682,0.5109529580243232
main,3.0,endogenous,16,70,2.3477635073179277,0.1630022219796952,0.47527480421093093,0.995346844502851,0.16976551187848005,0.3307275477243105,0.6646192967785407,0.6670634107641265,0.012499999999999999,0.01497278246543789,2.0518129735982584,0.4069735542313436
main,3.0,endogenous,17,70,1.9433153293119745,0.1552802114463526,0.3852640708794627,0.8279532038792633,0.1486915091918066,0.28996624493439055,0.5379869589448727,0.5340204594598151,0.016666666666666666,0.017213794281922903,1.9644085741580022,0.2511659827216814
main,3.0,endogenous,18,70,1.878857397686652,0.1496120611584098,0.47604082551291294,0.8348367614526582,0.12385529973548934,0.32208530034976857,0.5127514611028896,0.5116778796741804,0.021875,0.0187650827861828,2.0365858020411407,0.3846072682990447
main,3.0,endogenous,19,70,1.7363965086635536,0.15118077218841786,0.4193267168202334,0.7689679992240683,0.121845982295998,0.3029122397722431,0.4660557594518253,0.45041160811319364,0.03020833333333333,0.020873372219095923,1.9825080612462547,0.4409487838343134
main,3.0,endogenous,0,80,2.475520823106806,0.17444709018517396,0.3200557305898163,0.9900078812939321,0.2230806550683294,0.27434630218658546,0.7156615791073468,0.7142077875396923,0.014583333333333332,0.01370891143268169,1.9330292448868185,0.4307743115405975
main,3.0,endogenous,1,80,2.2717770783604587,0.15480160765609036,0.5464282878705753,0.9910023246290413,0.1467555946235668,0.3497263476599538,0.6412759769690876,0.6486136695095065,0.011458333333333334,0.015767257493584458,2.1160157121113152,0.4135017216995909
main,3.0,endogenous,2,80,1.8315997332423328,0.17001877518735004,0.4093148378944214,0.8036444487747012,0.13826471326868536,0.3088264783522742,0.49481797042242703,0.49349966131940864,0.020833333333333332,0.019055407065992284,1.9885580134975651,0.3459447326677832
main,3.0,endogenous,3,80,2.3404968100886814,0.16109911755326004,0.5159550972108126,1.0058503416175848,0.16051462995315885,0.34390554479403035,0.6619447968235544,0.6524414155954636,0.018749999999999996,0.015278849875949574,2.0897989923848845,0.42460657698684134
main,3.0,endogenous,4,80,1.8842275045622088,0.16429494587965182,0.31341022799537266,0.7873108928124112,0.16236772968578755,0.2641610196917385,0.5231498731206725,0.5291650988306722,0.016666666666666666,0.017533741210028948,1.915445766178518,0.4249672720440675
main,3.0,endogenous,5,80,2.0396028548071747,0.1752388675420385,0.33247282627869146,0.8491048495426348,0.17671577815570372,0.2782813290378233,0.5708235205048114,0.5754658558058345,0.0125,0.015950208222447512,1.9378641293936076,0.3896078034427585
main,3.0,endogenous,6,80,1.6812548458892536,0.16033931470629295,0.48412404337652626,0.7752394013240242,0.10883628812908852,0.3333085469755381,0.4419308543484862,0.43829570544907687,0.025,0.02293510094871854,2.0418422456442915,0.25255402897228774
main,3.0,endogenous,7,80,1.6682983851896687,0.15412994192384236,0.30137680336856,0.7079350434940237,0.14074792101899664,0.25544236664230235,0.45249267685172123,0.45216910232474355,0.023958333333333335,0.02158106620548372,1.8942210778910453,0.38398210443572117
main,3.0,endogenous,8,80,1.9686447272346967,0.174308878289301,0.35657045713346985,0.8331746875524892,0.16383595611696405,0.28839020888211186,0.5447844786703774,0.5401133075268559,0.01875,0.016817692157030745,1.9535545788475086,0.28681274530094275
main,3.0,endogenous,9,80,2.256890120519441,0.17890050819334619,0.34361418080993017,0.9264682698409059,0.19658036104900267,0.2858880832610099,0.6405801865798958,0.6316080734168985,0.014583333333333334,0.014595493917069399,1.9506699771333569,0.4263477760012327
main,3.0,endogenous,10,80,0.8057497804978455,0.014468165800297157,1.6015889234556209,0.8072689565845879,0.01786207424872745,0.24808639913447966,0.5591825574501083,0.5459180712881644,0.1416666666666667,0.16084449910098164,2.687782198423055,-0.13126508541121842
main,3.0,endogenous,11,80,0.6346734845856068,0.01779108703517589,1.6509858721140254,0.7678168145782694,0.03466433550907974,0.24547098976538279,0.5223458248128865,0.5157583535751383,0.2052083333333333,0.21838999584966304,2.5255766199716,-0.19165998783332244
main,3.0,endogenous,12,80,2.1025973886534475,0.14651986945375078,0.24412588798146576,0.8310810486962215,0.1966033879839832,0.22230295548735093,0.6087780932088706,0.6055780508092137,0.012499999999999999,0.01487241840109763,1.8676240419810863,0.4980581330392411
main,3.0,endogenous,13,80,1.9745887152119326,0.1566930425513417,0.26123495071119845,0.797505569491491,0.18248368671508902,0.23575411301529767,0.5617514564761934,0.5796850627632478,0.010416666666666668,0.016114417224314788,1.8805330618188578,0.45811896792844775
main,3.0,endogenous,14,80,2.5219273516302882,0.12275371295175763,0.19432074386785236,0.9463339361499663,0.246452509231971,0.18833973405941237,0.7579942020905539,0.7621558940186772,0.010416666666666668,0.012896183208309864,1.8329383236783965,0.46984434022844834
main,3.0,endogenous,15,80,2.09944342704951,0.1756359925225123,0.3047319979885525,0.8599371391868583,0.1899653197876534,0.26599652420170783,0.5939406149851505,0.5839500036385159,0.018750000000000003,0.015309919251854598,1.9199367245372465,0.5228966942538646
main,3.0,endogenous,16,80,2.428787693238422,0.18385026409331312,0.43993000689173184,1.0175226547411558,0.19194132211678458,0.3303883391502026,0.6871343155909533,0.6800501522317043,0.014583333333333332,0.014546882752363854,2.032603029876335,0.43333517371333813
main,3.0,endogenous,17,80,2.0088594016607826,0.17340756704965196,0.3572183817627528,0.8464951168243957,0.1672334221369391,0.288130141756194,0.5583649750682017,0.5504467912326778,0.021875,0.016393099159940732,1.9543478430498957,0.27457707867954645
main,3.0,endogenous,18,80,1.9532207896453049,0.17021781715504852,0.44009870360305864,0.8545124368011374,0.14353097508396845,0.32052792374702416,0.5339845130541132,0.5432939572865364,0.018749999999999996,0.01757756468255023,2.018433864796683,0.41156725630864005
main,3.0,endogenous,19,80,1.7981839760048053,0.1690206393855413,0.3901067418504102,0.7857704524135857,0.13864843548551536,0.30065821675833015,0.4851122356552553,0.4867538952784411,0.022916666666666665,0.019475557733030214,1.9712965982421005,0.4642878610717486
main,3.0,endogenous,0,90,2.521604268479152,0.18635013645181858,0.30400743745173986,1.0039872807942372,0.23706005456863402,0.27384576677730144,0.7301415140169353,0.7239451356936373,0.014583333333333332,0.013570871917718979,1.928746074176314,0.44540839454325243
main,3.0,endogenous,1,90,2.3656230839095,0.17898619728315984,0.502243748802124,1.0156176766649279,0.17137094665945338,0.35048913131478554,0.6651285453501424,0.6572464108731888,0.017708333333333333,0.015152408448877048,2.0874054666591855,0.44441165334170174
main,3.0,endogenous,2,90,1.8655985186453734,0.18006504387313327,0.39359779895672176,0.8130871204917428,0.1477073849857268,0.30787595593050987,0.5052111645612329,0.49494943390758755,0.022916666666666672,0.01843170644939293,1.9826293517102893,0.35851503651362393
main,3.0,endogenous,3,90,2.4143988999884973,0.1800033939637931,0.48221162298754916,1.02553797231328,0.18020226064885414,0.34418896298410295,0.6813490093291769,0.6847496084807136,0.017708333333333333,0.014853843251489895,2.069025727283833,0.4486980152948002
main,3.0,endogenous,4,90,1.9228880366734515,0.17545144996844245,0.29827723003069206,0.7988722388908622,0.1739290757642386,0.26307339285082165,0.5357988460400404,0.5357354472101498,0.019791666666666666,0.01699603838703953,1.9122965693791774,0.4390091142710652
main,3.0,endogenous,5,90,2.0791200980148465,0.1865262973882056,0.31702365576472713,0.8608900170559265,0.18850094566899547,0.27746521096704446,0.583424806088882,0.57811359124026,0.018749999999999996,0.015578493612109414,1.9339194255489651,0.40343022453804017
main,3.0,endogenous,6,90,1.742276667064876,0.17878715167437872,0.4524656275646454,0.7911764821013001,0.12477336890636422,0.33175452764092406,0.4594219544603759,0.4521202290804133,0.021875000000000002,0.021226945456554507,2.0270970456759594,0.27598980215756364
main,3.0,endogenous,7,90,1.697732058225926,0.16279452661166355,0.2892678614309383,0.7165981487561759,0.14941102628114894,0.2541419579439631,0.46245619081221284,0.4568344978484076,0.026041666666666668,0.02081137425819694,1.892251169698417,0.39537648301532075
main,3.0,endogenous,8,90,2.0231592167511487,0.1901447856591369,0.3341409745267489,0.8491483256456783,0.17980959421015313,0.2871327026378607,0.5620156230078176,0.5562822472542612,0.017708333333333333,0.016184626285345387,1.9470960684820167,0.3062045113184935
main,3.0,endogenous,9,90,2.303056653943739,0.19166499250859248,0.3263270381829439,0.9403495615450919,0.21046165275318857,0.28530199768119185,0.6550475638639,0.6548271936931462,0.013541666666666665,0.014359258060926139,1.9459083300722235,0.44165612076563054
main,3.0,endogenous,10,90,0.7773415526351583,0.015622772932998533,1.6426487626259552,0.8118710293980372,0.0224641470621769,0.24524106235032006,0.5666299670477172,0.5996610511556788,0.16354166666666664,0.17049896711154652,2.6748714308065256,-0.14742081692162284
main,3.0,endogenous,11,90,0.5982445545374844,0.02139990184588344,1.7118886005872738,0.7771776856568806,0.04402520658769102,0.24040921338895832,0.5367684722679222,0.5364956136325612,0.23750000000000004,0.23310447040541563,2.501436072687127,-0.2151996452499728
main,3.0,endogenous,12,90,2.1494883534611713,0.15857972052168257,0.2289431596720946,0.8456704112183161,0.21119275050607791,0.2214481257401899,0.6242222854781263,0.6306991166096484,0.0125,0.014542656772933052,1.8654969559427736,0.5141751544769643
main,3.0,endogenous,13,90,2.0183869022869354,0.16866041483913807,0.24591013821478303,0.8109858184469522,0.19596393567055018,0.23473044116646244,0.5762553772804896,0.5730718969055506,0.015625,0.015650566103858447,1.8782769173494267,0.47369264255033094
main,3.0,endogenous,14,90,2.5474479987678853,0.1281883007370485,0.18763598561419004,0.9544240950397083,0.25454266812171294,0.18810755406651006,0.7663165409731979,0.7645550014753068,0.013541666666666665,0.012842582646018017,1.8321092770785614,0.4778587655410651
main,3.0,endogenous,15,90,2.1235577301885473,0.18241541992184773,0.29582366006531796,0.8672656033919044,0.19729378399269965,0.26556089097177843,0.601704712420126,0.609583693129385,0.013541666666666665,0.01512085198863394,1.918031188001684,0.5312186043066349
main,3.0,endogenous,16,90,2.490685804800768,0.20055075309864873,0.41442468830590595,1.035220415401774,0.2096390827774029,0.3302128975602887,0.7050075178414853,0.6952754556725296,0.019791666666666666,0.014295074268467716,2.0210400350763096,0.4531350886291645
main,3.0,endogenous,17,90,2.067655048040626,0.19032392947742388,0.3333538933960816,0.8637776236380438,0.18451592895058713,0.2868812506381166,0.5768963729999271,0.5599609907871466,0.02291666666666667,0.01579006829628263,1.947418651578851,0.2952541732264077
main,3.0,endogenous,18,90,2.011707168925555,0.18705980863325827,0.4131347926307881,0.8706339233965338,0.15965246167936492,0.31947198409945665,0.551161939297077,0.5335774928783202,0.019791666666666666,0.016802906209295306,2.006536517681236,0.43245233013523626
main,3.0,endogenous,19,90,1.8497393341869917,0.18452510604905004,0.3670072970538446,0.8004239124299621,0.15330189550189185,0.29912367437306336,0.5013002380568987,0.4993468984992928,0.021875,0.018512819116378476,1.9639434130343332,0.4834332646631488
main,3.0,endogenous,0,100,2.5545337780968125,0.19510247393733693,0.2929886674665104,1.01420830650022,0.24728108027461712,0.2736458545736309,0.7405624519265892,0.7358311821027195,0.015625,0.013488779723670893,1.9264294573917824,0.45575967050867067
main,3.0,endogenous,1,100,2.4415370984865,0.1996097246028643,0.4686024813440956,1.0365831014778202,0.1923363714723455,0.3509322908242038,0.6856508106536163,0.6862877187316473,0.0125,0.014771687255451624,2.06890429892163,0.46894496434267685
main,3.0,endogenous,2,100,1.916933895981348,0.195718860979568,0.37087255871687097,0.8278417718925958,0.16246203638657983,0.30668146700986254,0.5211603048827332,0.527904619270302,0.011458333333333333,0.01763057807978267,1.9753362667108412,0.37724075369288934
main,3.0,endogenous,3,100,2.467782386597672,0.1943280129572063,0.45914636424202654,1.040418921265635,0.1950832096012092,0.34433949454624424,0.6960794267193908,0.697632095136999,0.0125,0.014613736030864726,2.0568765275804304,0.4658075009242101
main,3.0,endogenous,4,100,1.9467141457240025,0.18241291603732654,0.28911876392325436,0.8060819418948613,0.18113877876823775,0.262475743788007,0.5436061981068543,0.5436405391135066,0.016666666666666666,0.016684085906905226,1.9105888334214711,0.4476191497091433
main,3.0,endogenous,5,100,2.1094300235836934,0.1953988403747562,0.3055927442604429,0.8701405360729639,0.19775146468603305,0.2769916444774934,0.5931488915954706,0.5878392740859721,0.01979166666666667,0.015329681834473977,1.9315457043172273,0.41392680577428786
main,3.0,endogenous,6,100,1.7953787259098104,0.1955803609226884,0.42652615792695564,0.8058284149198178,0.13942530172488224,0.330598160637278,0.4752302542825399,0.4693203651837482,0.02708333333333333,0.0200351483198141,2.016990787447604,0.2959767960836375
main,3.0,endogenous,7,100,1.7256363109832478,0.171149989463325,0.27807035687317566,0.7249522191065828,0.15776509663155577,0.25304584043205036,0.4719063786745325,0.47549142513422626,0.01875,0.020134180024605187,1.8907128594445162,0.40610137903488636
main,3.0,endogenous,8,100,2.06550481736702,0.20280933503873483,0.31744154680488684,0.8619185664035474,0.19257983496802233,0.2863934434676545,0.575525122935893,0.5695369680364534,0.018750000000000003,0.015766077740646568,1.9432303923230745,0.3210853049977185
main,3.0,endogenous,9,100,2.333055568920273,0.20009826733798425,0.31535783353101754,0.9495038899297581,0.21961598113785508,0.28500525361145385,0.6644986363183044,0.6501668081956554,0.022916666666666672,0.014220400970679975,1.9432592632829213,0.45153977351278873
main,3.0,endogenous,10,100,0.7377853092404827,0.018045379806186708,1.7017362922263932,0.8191889937576876,0.029782111421827278,0.2418784658251612,0.5773105279325265,0.5551201175248724,0.20625,0.18441598032792486,2.653953665253866,-0.17036175050085714
main,3.0,endogenous,11,100,0.5591644753000463,0.026273191500922694,1.7796590521924334,0.7883655729978009,0.05521309392861125,0.2354480556168196,0.5529175173809813,0.5616199798447921,0.23020833333333335,0.24910459564807774,2.4735232222443813,-0.2410414415270775
main,3.0,endogenous,12,100,2.1614476549585158,0.16173426968767557,0.22521121746499356,0.8494643807037283,0.21498671999149005,0.22130634698529925,0.6281580337184292,0.6127277451103205,0.021875,0.014468764580925952,1.8651297841413168,0.5182492815100059
main,3.0,endogenous,13,100,2.037403622510357,0.17399324380985465,0.23951020787247118,0.8169690247308943,0.2019471419544922,0.23441717959622488,0.5825518451346695,0.5735109333511812,0.016666666666666666,0.015473876093658695,1.877618813241901,0.4803876791479021
main,3.0,endogenous,14,100,2.5679125593878127,0.13256455864856334,0.18230502797472198,0.9609273820036993,0.26104595508570405,0.18793947969923616,0.772987902304463,0.7758705671707289,0.012500000000000002,0.012800438780082444,1.831478417379317,0.48427806851143773
main,3.0,endogenous,15,100,2.1495086682369466,0.18982221485000322,0.2864483234254786,0.8752597355041427,0.20528791610493796,0.2651776220986481,0.6100821134054947,0.607169618426491,0.016666666666666666,0.014933828400745197,1.916297720189403,0.5401210442992629
main,3.0,endogenous,16,100,2.5279796991674583,0.21094638377592556,0.3997025610661642,1.0462095480031828,0.22062821537881158,0.33017144933586784,0.716038098667315,0.7164532407301623,0.014583333333333332,0.014170786006026318,2.0153961873669997,0.46491852550711316
main,3.0,endogenous,17,100,2.1046888155392023,0.20128483413743187,0.31892578876881267,0.8749664794818155,0.19570478479435896,0.28629023984732666,0.5886762396344891,0.5816525281188117,0.016666666666666663,0.01546611937088448,1.9440279109400347,0.3081271500098076
main,3.0,endogenous,18,100,2.060108777948303,0.20145997558342313,0.39176870311231393,0.8844458188813465,0.1734643571641778,0.31875039505747405,0.5656954238238726,0.5724883026578167,0.013541666666666665,0.016264764767040668,1.998418277378167,0.44950439081799276
main,3.0,endogenous,19,100,1.893209570728296,0.1980035840874364,0.34837008693570554,0.8131944139171461,0.16607239698907575,0.2980773251825326,0.5151170887346134,0.5159487767834273,0.015624999999999997,0.017819028012529475,1.9590595695414408,0.4993608685798698
main,3.0,endogenous,0,110,2.5694576364032544,0.19911284843512553,0.28807443903382257,1.0188816412907342,0.2519544150651313,0.27358404173403306,0.745297599556701,0.7426600425265545,0.015625,0.013454257303641132,1.9255103343593851,0.4604321972223017
main,3.0,endogenous,1,110,2.5081564901736266,0.218286544828512,0.4402261115812503,1.0555563821944625,0.21130965218898817,0.351282616886587,0.7042737653078758,0.7072755276744407,0.011458333333333333,0.014493203218083048,2.0551852252242013,0.4902178826003415
main,3.0,endogenous,2,110,1.9544302726489362,0.20748490496255498,0.3549630776586704,0.8389594184233872,0.17357968291737116,0.30599193001344904,0.5329674884099381,0.5490724123546473,0.010416666666666666,0.01712954249127869,1.9711482609526296,0.3907440570708999
main,3.0,endogenous,3,110,2.523893494238409,0.20975168871939212,0.4356211867395465,1.056422123232449,0.2110864115680234,0.3444993591973318,0.7119227640351175,0.7048097374846696,0.016666666666666666,0.01439383443092312,2.045660792120516,0.48363036864971337
main,3.0,endogenous,4,110,1.9700920815823024,0.18933698982026187,0.2803155471266169,0.8132482061763937,0.1883050430497703,0.26196833008222653,0.5512798760941672,0.5566963689549661,0.0125,0.016399412891647668,1.9091672738559367,0.45601946602275534
main,3.0,endogenous,5,110,2.1130179655575745,0.19646077743627757,0.30426228917311704,0.8712470107223229,0.1988579393353919,0.2769439393464023,0.5943030713759205,0.6081302111736735,0.011458333333333334,0.015302114659389238,1.931299989207267,0.41516363660771416
main,3.0,endogenous,6,110,1.8334609911133477,0.2078871589142947,0.4084972450452968,0.8166151316909798,0.150212018496044,0.3298614638308651,0.48675366786011454,0.47430808564197013,0.019791666666666666,0.019271311616710037,2.0107268052704588,0.3101654611702471
main,3.0,endogenous,7,110,1.7380990930082256,0.17491661201070027,0.2731389616059812,0.7287182222083024,0.16153109973327529,0.252589921254078,0.4761283009542243,0.47041838373217315,0.01875,0.019844976994723543,1.8901068453636842,0.4108722833525925
main,3.0,endogenous,8,110,2.0908115711949082,0.21056654609483266,0.3078366918078068,0.8697382696991827,0.20039953826365764,0.2860799717987482,0.5836582979004346,0.5858763159284768,0.012499999999999999,0.015549762426664171,1.9415162085706306,0.32988388571754784
main,3.0,endogenous,9,110,2.345811811580991,0.20370808871522844,0.31073867352541096,0.9534195246072101,0.22353161581530698,0.2848937995063587,0.6685257251008514,0.66424042887196,0.014583333333333332,0.014163709320260339,1.9422087304465219,0.4557316292253146
main,3.0,endogenous,10,110,0.703923908352719,0.020958973355712514,1.7542904120120397,0.8263910979068237,0.03698421557096347,0.23958358570564192,0.5868075122011819,0.6116468978182124,0.19166666666666668,0.1967721507410113,2.6332939080816784,-0.19045883985369297
main,3.0,endogenous,11,110,0.5296889831418363,0.03122134330410751,1.8338673531880432,0.7982592265446624,0.0651067474754728,0.2322795369339989,0.5659796896106635,0.5576573198132382,0.28437500000000004,0.2613806790627514,2.450369349027588,-0.26128036329305393
main,3.0,endogenous,12,110,2.159262955683981,0.16108927710816837,0.22577048100461078,0.8487075712655866,0.21422991055334836,0.221265696804805,0.6274418744607815,0.6293176453414018,0.010416666666666666,0.014473405658526095,1.8650438216490706,0.5175368298210661
main,3.0,endogenous,13,110,2.0531339621383795,0.17845201950149345,0.23430458735511067,0.8219635229983278,0.2069416402219258,0.23420388181708165,0.5877596411812462,0.5885207932865152,0.017708333333333333,0.01533556580933643,1.8771866056955229,0.48590245061694864
main,3.0,endogenous,14,110,2.5646378159331067,0.131804352538897,0.18306202081771622,0.9598347297632401,0.2599533028452449,0.18790740692144342,0.7719273228417967,0.7587640893398103,0.016666666666666666,0.012804270317057026,1.8314681709137097,0.48327475714039536
main,3.0,endogenous,15,110,2.1657328650943333,0.1944888399113846,0.28065554417632244,0.8802924163940131,0.2103205969948084,0.26496597625092916,0.615326440143084,0.6169494440306956,0.014583333333333332,0.014821998409111336,1.9153166906916315,0.5456694586264853
main,3.0,endogenous,16,110,2.549787039361095,0.21706989429924267,0.3911804185681723,1.0526791174095034,0.22709778478513218,0.33015859876636877,0.7225205186431347,0.7140750857922527,0.015625,0.014101366533054887,2.0122713754584134,0.47178920753546416
main,3.0,endogenous,17,110,2.12585408864608,0.20766998009767815,0.31091846897965636,0.881480845907805,0.20221915122034834,0.28603267485245987,0.5954481710553452,0.6022330939851235,0.010416666666666668,0.015301064997332515,1.9424738308152474,0.31542455477860204
main,3.0,endogenous,18,110,2.1054938140443773,0.21537777312982556,0.37258598327698705,0.8978191901503966,0.1868377284332277,0.3182344628569873,0.5795847272934094,0.5780137100848772,0.021875000000000002,0.015841705202906127,1.9923536298090199,0.46528552328061973
main,3.0,endogenous,19,110,1.9190350965276415,0.20611244078702162,0.33750763123542316,0.8208850561833622,0.17376303925529174,0.2975196064591072,0.5233654497242549,0.5098019226762057,0.01979166666666667,0.017434617003087387,1.9564876402615508,0.5087695895829123
main,3.0,endogenous,0,120,2.586712700592268,0.2038251849772811,0.2825298433372949,1.024355909635615,0.257428683410012,0.27356258786859305,0.7507933217670218,0.7473307200569244,0.015624999999999997,0.013418836918396465,1.9246728928863788,0.465802272536408
main,3.0,endogenous,1,120,2.5536377978291447,0.23149453158753838,0.42175947903199756,1.0689639361495602,0.22471720614408577,0.3515297660015503,0.71743417014801,0.7271471863227671,0.009375,0.014341831279148837,2.0477923140370358,0.5045380931440357
main,3.0,endogenous,2,120,1.9829103874543563,0.21652795464281532,0.3430996357986752,0.8475126592986155,0.18213292379259965,0.3055274667219341,0.5419851925766815,0.5382817212177039,0.01875,0.016775342872299794,1.9683316534455204,0.40094464757163106
main,3.0,endogenous,3,120,2.5553102265138325,0.21856950365200517,0.4228057386499871,1.0655618229386083,0.22022611127418243,0.344598267179988,0.7209635557586203,0.7210593558421801,0.014583333333333332,0.014285691661014333,2.0401473954900835,0.49352967897587874
main,3.0,endogenous,4,120,1.991540028454775,0.19580456823638773,0.2724642618849039,0.8199362861920223,0.19499312306539862,0.26160127665554767,0.5583350095364745,0.5578487892811682,0.017708333333333333,0.01616273453895082,1.9081763080787097,0.4636675083456686
main,3.0,endogenous,5,120,2.1273478856875907,0.20072031532053375,0.2989841166187418,0.875684105875622,0.20329503448869088,0.27676696246932686,0.5989171434062953,0.5941832239807633,0.016666666666666666,0.015194540215467248,1.930373757657253,0.4200944897525372
main,3.0,endogenous,6,120,1.8522316525195788,0.21397001675693175,0.39964754948910375,0.821949739588538,0.1555466263936022,0.3295003810103838,0.49244935857815414,0.49262809099575045,0.01979166666666667,0.018903243023605222,2.0077002487669664,0.31714973788454814
main,3.0,endogenous,7,120,1.7514000921025101,0.17899270519450244,0.26798817755118554,0.7327936582827327,0.16560653580770565,0.25215856559976274,0.48063509268297,0.48545314905472947,0.017708333333333333,0.019555831905740836,1.8895922539592882,0.4159332695904954
main,3.0,endogenous,8,120,2.1129697865313077,0.21743737943155642,0.29958345385048135,0.8766635399377817,0.20732480850225662,0.2858600397488426,0.5908035001889391,0.5842338937103693,0.015624999999999997,0.015373500320347233,1.940264174898666,0.33754831699465326
main,3.0,endogenous,9,120,2.364161666160992,0.2089524480112658,0.30419209586781876,0.9591020700133587,0.22921416122145563,0.2847651811892812,0.6743368888240776,0.6613737253514945,0.017708333333333333,0.014087419692242097,1.9408624688807965,0.46173795055788036
main,3.0,endogenous,10,120,0.6750652204377509,0.024127621744139714,1.8006909861252378,0.8332946094357097,0.04388772709984913,0.23805967436456807,0.5952349350711414,0.6020354560286781,0.2302083333333333,0.20760886680254798,2.6137831016087008,-0.20796139149976453
main,3.0,endogenous,11,120,0.49926600601630183,0.0373256873062674,1.8922422031938027,0.8096112988387907,0.07645881976960094,0.229424998696733,0.5801863001420575,0.5795119559020318,0.2802083333333333,0.27414155729985146,2.425406680677585,-0.2827561139559756
main,3.0,endogenous,12,120,2.1641801437483035,0.1624018575192264,0.22426377717308882,0.850281926146873,0.21580426543463468,0.22122253276792678,0.6290593933789461,0.6304520579809061,0.015625,0.014444807789139208,1.8649274964822944,0.5192047506132711
main,3.0,endogenous,13,120,2.070839637564626,0.18353901470459208,0.22857215004649553,0.8276502674385713,0.21262838466216918,0.23402962836792734,0.5936206390706438,0.5950859225004461,0.013541666666666665,0.015190766338962972,1.8768616909367908,0.492076317709785
main,3.0,endogenous,14,120,2.5749970368052253,0.13406105904662807,0.18042990500120595,0.9631626669510196,0.26328124003302444,0.18786309502483398,0.7752995719261857,0.7722319873446695,0.011458333333333334,0.012784960190318783,1.8312257456655392,0.4865076957212686
main,3.0,endogenous,15,120,2.1797660123153224,0.1986230997904732,0.2758314807362174,0.8847401976140044,0.2147683782147994,0.26485962779455163,0.6198805698194527,0.6195657528038832,0.0125,0.01473830359967101,1.9147472014143427,0.5504215924934236
main,3.0,endogenous,16,120,2.573622805608148,0.22397178569354295,0.38226935734739687,1.0599546495496956,0.23437331692532465,0.3301997977566846,0.729754851793011,0.7302973119240825,0.012499999999999999,0.014040318728889953,2.009672673803046,0.4792075021782153
main,3.0,endogenous,17,120,2.1393011465064333,0.2117379570768499,0.3058533648287354,0.8856308228040062,0.20636912811654953,0.2858766066199421,0.5997542161840641,0.5899606211089528,0.019791666666666666,0.015197976268332792,1.941522229939574,0.3200552963730568
main,3.0,endogenous,18,120,2.134446984105442,0.2244646626992483,0.3607754508598597,0.9065623658881836,0.19558090417101465,0.3179947966442778,0.5885675692439055,0.5846248527391398,0.014583333333333334,0.01560830902272239,1.9892586613229866,0.4752486601311391
main,3.0,endogenous,19,120,1.9333217974476866,0.21075271174122143,0.3318183399341546,0.8252976163743544,0.17817559944628408,0.2973131260788674,0.5279844902954869,0.5305906752940956,0.016666666666666666,0.01725985564869621,1.9555689772695062,0.5138924807828875
main,3.0,endogenous,0,130,2.5863938621559823,0.20365982134667057,0.2824899851570521,1.0241812228865683,0.25725399666096554,0.273510994709733,0.7506702281768354,0.7479472220233067,0.014583333333333332,0.01341487307343199,1.9244550215219345,0.46573656344278014
main,3.0,endogenous,1,130,2.592303670252071,0.24294521048620532,0.4064998327971977,1.0805829045118247,0.23633617450635,0.3517581799747167,0.7288247245371078,0.7401190468220756,0.009375,0.014229991461990592,2.0424573378196915,0.5166139282433957
main,3.0,endogenous,2,130,2.0103539680965867,0.22536494765047843,0.3319233981838011,0.8558807713102887,0.19050103580427277,0.3051516425096911,0.5507291288005975,0.5421820381918682,0.021875,0.01646213586405364,1.9660402531402688,0.41070940268532885
main,3.0,endogenous,3,130,2.6017948116088183,0.23196410441246812,0.40452429388802785,1.079427736636438,0.23409202497201234,0.3447832634689666,0.7346444731674714,0.7577699766073724,0.0062499999999999995,0.01415159570856877,2.033440515290912,0.5080245336915455
main,3.0,endogenous,4,130,1.98908205152688,0.19508611878889962,0.2734085256673068,0.819192231994362,0.1942490688677386,0.26166301044012263,0.5575292215542396,0.5600273822312101,0.014583333333333334,0.016194249817299132,1.9083520206488989,0.46277941404873657
main,3.0,endogenous,5,130,2.148504406668093,0.2070548265296835,0.2912806267006508,0.8822799532994756,0.2098908819125445,0.276539090523007,0.6057408627764685,0.5958149218462621,0.021875,0.01504252351166816,1.9291447893956266,0.42735192563829416
main,3.0,endogenous,6,130,1.8745680140202352,0.22133743030878525,0.3893976809440626,0.8284343750910276,0.1620312618960919,0.32912168339878317,0.49931269169224457,0.4938598945687799,0.017708333333333333,0.018506102537249762,2.004583506490952,0.32538972001166744
main,3.0,endogenous,7,130,1.7677529462548787,0.18407631898975635,0.26180014279453456,0.73787646934639,0.17068934687136283,0.2516998757431419,0.486176593603248,0.4904070658987127,0.016666666666666666,0.01922423640750415,1.889131062943664,0.4221158226606754
main,3.0,endogenous,8,130,2.1248592885720146,0.22118397516741287,0.2952741316078409,0.880439131782423,0.21110040034689787,0.28578400489170624,0.5946551268907166,0.5891605485077189,0.01666666666666667,0.015288249003985139,1.9397818835764251,0.341630817567398
main,3.0,endogenous,9,130,2.367133180261518,0.20985299870291194,0.30322941297246264,0.9600718639789644,0.23018395518706117,0.28477679196212907,0.6752950720168351,0.6797359236175546,0.010416666666666666,0.014079808434819782,1.9408074681461556,0.4626870845991509
main,3.0,endogenous,10,130,0.6509855107468161,0.02746030199804985,1.841026131860748,0.8398239815352048,0.05041709919934436,0.2371852114239211,0.6026387701112836,0.6280034674072887,0.21666666666666665,0.21691655888871245,2.5958626919675667,-0.22294193081801686
main,3.0,endogenous,11,130,0.47535777308411953,0.04292097564142263,1.9400569573403292,0.8194452353552905,0.08629275628610085,0.2275011381835388,0.5919440971717517,0.5807728223915065,0.28125,0.2842180705959743,2.405157188907148,-0.300102315288412
main,3.0,endogenous,12,130,2.161798779763315,0.16177858403902015,0.225015565095938,0.8495309762994243,0.2150533155871861,0.22125548364156047,0.6282754926578638,0.6260658681659239,0.014583333333333332,0.014460163256721253,1.8650114285640427,0.5183912485654549
main,3.0,endogenous,13,130,2.064582083966882,0.18172278490867178,0.2305639732550684,0.8256229473768739,0.21060106460047212,0.23407349689638593,0.591549450480488,0.5840618606031325,0.020833333333333332,0.015239190964990518,1.876932888280446,0.48990333746273756
main,3.0,endogenous,14,130,2.578883713872939,0.13490333201402877,0.17943527277346852,0.9644074395534789,0.26452601263548353,0.18784210276770832,0.7765653367857706,0.7822546176965615,0.010416666666666668,0.012777529904614207,1.831126640299883,0.4877224262393572
main,3.0,endogenous,15,130,2.186233362987196,0.2004985938782759,0.27355142334690086,0.8867611267374574,0.21678930733825266,0.26478712588702863,0.6219740008504289,0.614996431710053,0.017708333333333333,0.014695917957329482,1.914399676857188,0.5526259934964453
main,3.0,endogenous,16,130,2.5876749479245036,0.22807653984588425,0.3770851815265863,1.0642788897656579,0.2386975571412869,0.33023621522814267,0.7340426745375155,0.7412031229601841,0.009375,0.014006447946040912,2.008278626502129,0.48356519685637595
main,3.0,endogenous,17,130,2.1510108457693837,0.21540306726033367,0.30168488389046627,0.8893662656400612,0.21010457095260437,0.2858245665845297,0.6035416990555313,0.6017367191372445,0.014583333333333332,0.01512634875834607,1.9410828378093279,0.3240271581932621
main,3.0,endogenous,18,130,2.1574479091012924,0.23173680723917758,0.35150242668240095,0.9135623810076237,0.20258091929045485,0.31782808280105634,0.5957342982065674,0.5808063796902413,0.01979166666666667,0.015431875731735833,1.9869982212101889,0.4831367996467388
main,3.0,endogenous,19,130,1.9299998059033292,0.20961478297461666,0.3330191429587437,0.8242112439455631,0.17708922701749302,0.2973214068991396,0.5268898370464237,0.5233965331150083,0.01875,0.017286901999555748,1.955589663961082,0.5127325992491018
main,3.0,endogenous,0,140,2.595114913589423,0.20605857274557243,0.2797186168760346,1.0269640344036768,0.26003680817807406,0.2735114723832274,0.7534525620204493,0.7522934919068117,0.012499999999999999,0.01339797445360418,1.9240825569310254,0.46844340905880166
main,3.0,endogenous,1,140,2.6241200870382775,0.2524832648918461,0.3941728101790173,1.0902587207030467,0.24601199069757226,0.3519583307978338,0.738300389905213,0.7382866485079013,0.014583333333333332,0.014146386319334597,2.038561686568307,0.5264992090572796
main,3.0,endogenous,2,140,2.026457218106627,0.23062462976055884,0.3255197474240822,0.8608671984304228,0.19548746292440694,0.3049756283704374,0.5558915700599854,0.5596570143995228,0.013541666666666665,0.016294223870494416,1.964951475281989,0.41640011756445905
main,3.0,endogenous,3,140,2.6364094445439443,0.2421500262113553,0.39132534616921444,1.0899616056415047,0.24462589397707873,0.3449548199469791,0.7450067856945254,0.7403825971160358,0.0125,0.014066137450502164,2.029322862935691,0.5187253734148614
main,3.0,endogenous,4,140,2.003042750227113,0.199407348307445,0.26851594677060886,0.8236553484350558,0.19871218530843227,0.2615201318458131,0.5621352165892427,0.5788489802059237,0.01145833333333333,0.016062248998577878,1.9080111029485696,0.4677007261303988
main,3.0,endogenous,5,140,2.1704079411555135,0.2136736276313572,0.2834231787774854,0.8891682491881188,0.2167791778011876,0.276347577095836,0.6128206720922827,0.6227678483078872,0.008333333333333333,0.014893978976428296,1.9280558259507483,0.43483592910942603
main,3.0,endogenous,6,140,1.9109114967008165,0.23361251168994945,0.3733461346448229,0.8392900476785297,0.17288693448359388,0.3286247583682141,0.5106652893103156,0.5164052669067343,0.013541666666666665,0.01794669351578169,2.0005957017666485,0.33863869363451876
main,3.0,endogenous,7,140,1.7787133429315944,0.18750289134496315,0.25769128087796905,0.741302505051509,0.1741153825764818,0.2514115980004973,0.4898909070510117,0.49757339924985483,0.011458333333333333,0.01900838086797956,1.8888677347776475,0.4262490443520324
main,3.0,endogenous,8,140,2.138131295674734,0.22539073260793469,0.29051248084136316,0.8846781697080106,0.21533943827248553,0.28571622454016793,0.5989619451678426,0.6161918815851155,0.009375,0.015197028882633506,1.9393210154761622,0.346175741155177
main,3.0,endogenous,9,140,2.3669048731087563,0.20978335727422678,0.3033025221616484,0.959996917514877,0.23010900872297407,0.2847754657756023,0.675221451739275,0.6855349156619094,0.010416666666666666,0.014080434609845047,1.9408103942604538,0.46261436721589905
main,3.0,endogenous,10,140,0.6270010513466675,0.03115601277482561,1.8820857698090427,0.8467476113101787,0.0573407289743183,0.23651504448432617,0.6102325668258526,0.6046753517297828,0.20416666666666666,0.22631473387994228,2.577233444294259,-0.23806880879201522
main,3.0,endogenous,11,140,0.45329157436508166,0.0487663759153876,1.9858437865965484,0.8293005789590058,0.0961480998898163,0.225984619345945,0.6033159596130608,0.6044265567090198,0.303125,0.2935381726166679,2.386148495228498,-0.3165125671785435
main,3.0,endogenous,12,140,2.1673242329522426,0.16324111043573283,0.2233003405178192,0.8512885613019314,0.2168109005896933,0.22119487664773235,0.6300936846541991,0.6235090667978719,0.014583333333333332,0.014426687101130686,1.8648530407428392,0.5202712423749902
main,3.0,endogenous,13,140,2.06093443292949,0.18066272759725815,0.23172255491309263,0.8244399051466136,0.2094180223702118,0.23409776255860465,0.5903421425880089,0.5904022234166976,0.014583333333333334,0.015267070601029095,1.8769713686780463,0.4886373207738338
main,3.0,endogenous,14,140,2.5909481205020755,0.1375542871701778,0.1764064241502403,0.968302943940831,0.26842151702283584,0.18781295793398303,0.7804899860068478,0.7833272619429319,0.012500000000000002,0.012756061902139024,1.8308864490519547,0.49147843444589157
main,3.0,endogenous,15,140,2.1989034248956916,0.20424254837968894,0.26921740369095365,0.8907877923221112,0.2208159729229065,0.26469996706381554,0.6260878252582959,0.6279678336161518,0.011458333333333333,0.01462185188634404,1.9139176034754932,0.5569111273548311
main,3.0,endogenous,16,140,2.6247147248657665,0.2387473327719123,0.36313246102958785,1.0755315062224222,0.24995017359805116,0.3302829153397456,0.7452485908826768,0.7512825257023478,0.0125,0.013908198786170518,2.0040296718442154,0.49511676993436005
main,3.0,endogenous,17,140,2.165739322468165,0.21989645095793237,0.2962116263000675,0.8939491332420548,0.21468743855459818,0.2856791450558097,0.6082699881862451,0.6134744116678486,0.015624999999999997,0.015019319241792724,1.9401603285691043,0.3290805393810488
main,3.0,endogenous,18,140,2.1785195039220513,0.23855321339488675,0.3433237413736189,0.9201321528968522,0.20915069117968338,0.3177479219278597,0.6023842309689926,0.5793748230204689,0.027083333333333338,0.015293665291250433,1.9854999892274825,0.4902859182529924
main,3.0,endogenous,19,140,1.9450101831105986,0.21441161859350824,0.3268791434936197,0.8287669817325755,0.1816449648045052,0.2970512687760322,0.5317157129565432,0.5219377310692106,0.02291666666666666,0.017085505769570297,1.9543675166443477,0.5181566641631615
main,3.0,endogenous,0,150,2.5947418803394164,0.2060381935509749,0.2799866238165643,1.0269222325689853,0.25999500634338246,0.27356672481150895,0.7533555077574763,0.739032716844772,0.017708333333333333,0.013403250328303806,1.9243427477549488,0.46829242285462874
main,3.0,endogenous,1,150,2.632721682153259,0.2551493488877513,0.39101349257774026,1.092961507872917,0.2487147778674422,0.3520247606704404,0.7409367472024766,0.7383009584238333,0.01875,0.014129695064115527,2.037879975096096,0.5291328942978601
main,3.0,endogenous,2,150,2.0314839538047265,0.2323274448850135,0.3236473562658032,0.8624862516518478,0.1971065161458318,0.3049577823827557,0.5575284692690918,0.5658659317017026,0.011458333333333333,0.016254090765006977,1.964821817514141,0.4181445142833242
main,3.0,endogenous,3,150,2.654477151412331,0.2475285778099529,0.38455695155280323,1.0955208935916958,0.2501851819272699,0.34505569857704155,0.7504651950146541,0.7655301095479539,0.008333333333333335,0.0140255358295304,2.027428695305263,0.5242837762306716
main,3.0,endogenous,4,150,2.000148981698234,0.19846095508827702,0.26943093644276594,0.8226802910764259,0.19773712794980242,0.2615060234691863,0.5611742676072395,0.5513838395197791,0.020833333333333336,0.016079712173564343,1.907943277544112,0.4667065176881522
main,3.0,endogenous,5,150,2.164099448833673,0.21174546404412747,0.2856436468982847,0.8871628532586951,0.21477378187176396,0.27638659062052795,0.6107762626381672,0.6061578505510992,0.0125,0.01493374670456397,1.928303302436376,0.4326911487833855
main,3.0,endogenous,6,150,1.921675363825018,0.23722027148345695,0.36853171527172013,0.8424757835267316,0.17607267033179586,0.3284650586563985,0.5140107248703332,0.503982492886461,0.017708333333333333,0.017773424012385356,1.9993094422786295,0.34257792815563143
main,3.0,endogenous,7,150,1.7866344257940654,0.19000427349481303,0.25477180414529405,0.7438035011447242,0.1766163786696971,0.2512281848534415,0.49257531629128265,0.4842449737918095,0.021875,0.018860195113591098,1.8887372482695306,0.4292224113420371
main,3.0,endogenous,8,150,2.1324440285731243,0.22356115179463928,0.2924993757631406,0.8828348520436347,0.2134961206081095,0.28572629130126187,0.5971085607423727,0.5965894902224405,0.013541666666666665,0.01523212358253076,1.9394332291157372,0.3442416643167721
main,3.0,endogenous,9,150,2.3749576012678477,0.21211222824320944,0.30048167251360597,0.9625171673415543,0.2326292585496513,0.28473640822518875,0.6777807591163657,0.6901518895380238,0.009375,0.014049463227211827,1.9403066654979912,0.4652376427808888
main,3.0,endogenous,10,150,0.6072982139090094,0.03478790494378225,1.9172159198288665,0.8531006795605528,0.06369379722469233,0.23625225990007276,0.61684841966048,0.6264237068201044,0.22291666666666665,0.23420490141920736,2.560910768782805,-0.2508209560894973
main,3.0,endogenous,11,150,0.4389852682998491,0.0530836396571973,2.0168113325751627,0.8362934135107363,0.10314093444154677,0.22519536771911422,0.6110980457916221,0.5997924062650971,0.3145833333333333,0.2995869651301393,2.37369024986375,-0.3274620463432314
main,3.0,endogenous,12,150,2.1801889957796354,0.166597349791286,0.219219645545699,0.8553353303722068,0.22085766965996867,0.22100633175108428,0.6343289986211226,0.645913926696026,0.007291666666666666,0.014342617387924469,1.8643753494318092,0.5246710177534522
main,3.0,endogenous,13,150,2.0517025893900294,0.17806260082786127,0.23480855464517308,0.8215245816210212,0.2065026988446193,0.2342389961893591,0.5872855854316621,0.6003413989122125,0.010416666666666668,0.015350942463276063,1.8772643276841368,0.48539265990505276
main,3.0,endogenous,14,150,2.58556569679589,0.13638549383910445,0.1777800132596708,0.9665770679648885,0.26669564104689336,0.1878396574742596,0.7787374104906288,0.7804462746950177,0.010416666666666668,0.012766309076169352,1.8310193834032258,0.48979717754308216
main,3.0,endogenous,15,150,2.208584333170029,0.2070913719416975,0.26588330773047275,0.8938530042807331,0.22388118488152825,0.26462406844900715,0.629228935831726,0.6285711069921772,0.0125,0.014563676806462417,1.9135155020738366,0.5601909890222954
main,3.0,endogenous,16,150,2.6350934053141786,0.2417718927811821,0.35928969982378384,1.0787183326397147,0.25313700001534356,0.33030424455123686,0.748414088088478,0.7342281521609804,0.018749999999999996,0.013883302987887747,2.0029750512017803,0.49833842078097434
main,3.0,endogenous,17,150,2.170534458442386,0.2214067830867547,0.2945233102461384,0.8954881839250929,0.21622648923763638,0.28566471279052313,0.6098234711345698,0.6088777387939659,0.013541666666666669,0.014990702156465474,1.9400106920964517,0.33070234838229484
main,3.0,endogenous,18,150,2.185188264666869,0.2407308821583663,0.3407772120490907,0.9222321196247751,0.21125065790760647,0.3177321162064786,0.6045000034182968,0.614093815027104,0.013541666666666665,0.015253040847514884,1.9851015838249886,0.4925382454582369
main,3.0,endogenous,19,150,1.9465982681316205,0.2149555154874217,0.3263049058752235,0.8292862298314219,0.1821642129033517,0.2970472048368898,0.5322390249945321,0.5431174981937816,0.013541666666666665,0.017072651154390918,1.9543572338092166,0.5187111969992909
main,3.0,endogenous,0,160,2.598820706567112,0.20711242991252754,0.27860382885847623,1.0281789884460382,0.2612517622204356,0.273534966028363,0.7546440224176754,0.7713252275054587,0.005208333333333333,0.013392688021711036,1.9240269053891619,0.46957881560136305
main,3.0,endogenous,1,160,2.6511322193686544,0.2607989375231367,0.38413886067875047,1.0986900058568474,0.25444327585137255,0.3521609824297187,0.7465290234271285,0.7440885700157984,0.013541666666666665,0.014089798462299172,2.0361784147143873,0.534795139933786
main,3.0,endogenous,2,160,2.0370409289835734,0.23419923036040688,0.32155535467440527,0.8642651713394619,0.19888543583344592,0.30493167034598867,0.5593335009934732,0.5509869574752824,0.02291666666666667,0.016207534585909164,1.9646417340052522,0.42007850538951147
main,3.0,endogenous,3,160,2.661438186524203,0.24944750857585113,0.38164922766763754,1.0975116409225638,0.2521759292581381,0.3450642595673735,0.7524473813551904,0.7501175397426224,0.0125,0.014000271911220547,2.0260679709306446,0.5264924375953091
main,3.0,endogenous,4,160,2.009462075017967,0.20133028123743246,0.2661410400182428,0.8256444654245474,0.2007013022979241,0.26139934057743147,0.564245124847116,0.5697974478472096,0.013541666666666665,0.01598869676977359,1.907679654134584,0.4699963035290802
main,3.0,endogenous,5,160,2.1714497393089958,0.21396778359716348,0.28300923901030606,0.8894755873054885,0.21708651591855727,0.2763231799002203,0.613152407405268,0.6190315242010878,0.010416666666666666,0.014884117404849906,1.9279415357604042,0.4352020039755371
main,3.0,endogenous,6,160,1.9507648783364904,0.24724549007468863,0.3561197472046603,0.8513767052052795,0.1849735920103438,0.3281565160042077,0.5232201892010719,0.5282046880911693,0.014583333333333332,0.017381199883451475,1.9968756232232632,0.3530722834160124
main,3.0,endogenous,7,160,1.7787225982598964,0.18753413084546247,0.2577445092486014,0.7413337461179869,0.1741466236429597,0.2514395603969222,0.48989418572106463,0.48987729871095553,0.017708333333333333,0.019017317144614083,1.8889350159924814,0.42623698335173377
main,3.0,endogenous,8,160,2.140269346584802,0.22604215655436927,0.2896931590324994,0.8853348873905569,0.21599615595503177,0.2856867889394085,0.5996480984511485,0.5942828385108966,0.017708333333333333,0.015178469739009593,1.9391635320957548,0.3469210715327199
main,3.0,endogenous,9,160,2.3903305127725916,0.2166693947775827,0.29530797697150235,0.9674359615072253,0.23754805271532228,0.2847328717222049,0.6827030897850204,0.6886301453966117,0.007291666666666666,0.014000209496558627,1.93969811714767,0.4701945588176765
main,3.0,endogenous,10,160,0.5895243543322894,0.038320911370371684,1.9495098834501712,0.8591183830509441,0.06971150071508382,0.2361198633719454,0.6229985196789988,0.6395859122121554,0.25312499999999993,0.24137630331404614,2.5458853076674473,-0.2624649004720751
main,3.0,endogenous,11,160,0.423297478649169,0.05780253748677979,2.050732149612609,0.8439440552495192,0.11079157618032973,0.22432294518761914,0.6196211100619,0.6170415546647463,0.3104166666666667,0.306218305689732,2.3600596006849566,-0.3394598857317326
main,3.0,endogenous,12,160,2.1895922587033887,0.16914076134596318,0.21639773783913596,0.8583769192961628,0.22389925858392448,0.220956130666001,0.6374207886301617,0.6433682334916568,0.010416666666666666,0.014291858731829341,1.8642272034275504,0.5278452019727953
main,3.0,endogenous,13,160,2.0600920967976415,0.18043409697253082,0.23202012395417393,0.8241821059081156,0.20916022313171356,0.23411896053604253,0.5900631453720729,0.5984764631425916,0.013541666666666665,0.015276080612046624,1.8770184585776089,0.48833705670753647
main,3.0,endogenous,14,160,2.598342205898746,0.1391824791418829,0.17455564314794259,0.970693442729524,0.2708120158115288,0.18779851041453402,0.78289493231499,0.7777292259228175,0.014583333333333334,0.012743040958284843,1.8307456360378698,0.4937790510777743
main,3.0,endogenous,15,160,2.209324702457913,0.20729661020024043,0.2656042615827595,0.8940751914136376,0.22410337201443276,0.26460825615161754,0.62946693526202,0.6301743150154826,0.014583333333333332,0.01455772717223359,1.9134487101474105,0.560447888025178
main,3.0,endogenous,16,160,2.640996166491253,0.24346188811647124,0.3570457894692164,1.08050128135898,0.2549199487346089,0.330308092448114,0.7501931889108662,0.7374080363560764,0.01875,0.013867033756699402,2.0022573738632277,0.5001839250466565
main,3.0,endogenous,17,160,2.1779220425112285,0.22369996652268442,0.2918557118230535,0.8978259069523222,0.21856421226486566,0.2856187823287071,0.612207124623615,0.6132727880164778,0.013541666666666665,0.014942685542187476,1.9396728999879116,0.3332176111472192
main,3.0,endogenous,18,160,2.20170075904671,0.2460160976374904,0.33425240677230794,0.9273230878188363,0.21634162610166724,0.31764233640267137,0.6096807514161647,0.609902358384958,0.016666666666666663,0.01513648316593685,1.9837182559957334,0.4981688372639776
main,3.0,endogenous,19,160,1.9670843821077377,0.2215755820093916,0.31807697153863645,0.8355789785519218,0.18845696162385153,0.29672774518574385,0.5388512333661779,0.5441929267827772,0.013541666666666665,0.016815011149851955,1.9529290739524456,0.5260749836781754
main,3.0,endogenous,0,170,2.6017996245274757,0.20791493389678445,0.27762655006303993,1.0291137028291,0.2621864766034973,0.27352373189904966,0.7555899709300504,0.7593115270035614,0.014583333333333332,0.013386014102583119,1.9238496844296091,0.47051063101627405
main,3.0,endogenous,1,170,2.6544499732251707,0.2617744355211228,0.3828155539494672,1.0996799875652534,0.25543325755977897,0.3521772054481077,0.7475027821171458,0.7318473213719431,0.022916666666666665,0.014080099943779905,2.0356921676291937,0.5358344379083866
main,3.0,endogenous,2,170,2.036283887610827,0.23396032774687564,0.3218737616915439,0.8640393256830821,0.19865959017706622,0.30494514513358617,0.5590941805494959,0.5718393028188485,0.0125,0.016217000123520037,1.9647218052809385,0.41980658566957035
main,3.0,endogenous,3,170,2.666048675690717,0.2508334891511556,0.3799484832723278,1.0989435493714002,0.2536078377069744,0.34509216082508454,0.7538513885463155,0.7564603185343092,0.015625,0.01399083158218017,2.025640492496419,0.527904912835143
main,3.0,endogenous,4,170,2.014376333055648,0.20283093979681427,0.2643788372097841,0.8271953700207486,0.20225220689412526,0.2613314696893386,0.5658639003314101,0.5818342288013858,0.009375000000000001,0.015938026627510336,1.9075039787565689,0.47173907463378184
main,3.0,endogenous,5,170,2.170038624753062,0.21353315558900166,0.28349944639692626,0.8890237422463301,0.21663467085939897,0.2763294464083143,0.6126942958380157,0.6234676067800663,0.013541666666666665,0.01489256027034506,1.9279868250281385,0.4347238779573332
main,3.0,endogenous,6,170,1.9608019158155703,0.25077630551033797,0.35199324767627976,0.8545238230007293,0.18812070980579346,0.32808402568640166,0.5264397973143276,0.5241603395753435,0.01875,0.017263832822453962,1.9963091397950112,0.35665377448247204
main,3.0,endogenous,7,170,1.793489575676377,0.1921950861227345,0.25229728276728575,0.7459939815221324,0.1788068590471054,0.25109547399317333,0.4948985075289591,0.49293641792617204,0.021875,0.018739823165017266,1.888686983509725,0.4317813693284358
main,3.0,endogenous,8,170,2.134907907745713,0.2243017562224941,0.29153511469478743,0.8835815928876647,0.21424286145213975,0.2856854523713168,0.5978961405163481,0.5995110462393798,0.014583333333333332,0.015208840055374654,1.9392200065816305,0.345105639643147
main,3.0,endogenous,9,170,2.3927167873491495,0.21733271224129172,0.29442116006400054,0.9681568865514805,0.2382689777595774,0.28470423677187207,0.6834526497796085,0.6774028854382977,0.015624999999999997,0.013988626480151372,1.9394637748410044,0.4709841996391619
main,3.0,endogenous,10,170,0.5688022359963624,0.042735966223992235,1.9878562148222834,0.8664648056808792,0.07705792334501894,0.23608434710685974,0.6303804585740196,0.608341600388514,0.23125,0.24979733484731428,2.5280358018553644,-0.2762020613717052
main,3.0,endogenous,11,170,0.41475981682079277,0.06051830234519601,2.0695515401690807,0.8482765531116897,0.11512407404250014,0.22390223430247042,0.6243743188092192,0.6247937363775575,0.309375,0.30982850164955555,2.352605265069896,-0.3460761876714275
main,3.0,endogenous,12,170,2.189781797783524,0.1692149576538143,0.2163817207058376,0.8584594920477254,0.22398183133548705,0.2209773777182496,0.6374821143294757,0.6298425425134521,0.014583333333333334,0.014293447639583057,1.8642753704268518,0.5278985732760351
main,3.0,endogenous,13,170,2.0449152088636726,0.1761318290534493,0.23704190698661534,0.8193629816345791,0.20434109885817708,0.2343243938833069,0.5850385877512723,0.5975654947607064,0.009374999999999998,0.015409472878580882,1.8774345890024708,0.4830164956449102
main,3.0,endogenous,14,170,2.600922245048161,0.13974211601174327,0.1738962278416478,0.9715201963005173,0.27163876938252224,0.1877850934167753,0.7837351028837422,0.7735765867092887,0.014583333333333334,0.012738140466300086,1.8306808102800782,0.494585200401886
main,3.0,endogenous,15,170,2.2191444472020287,0.2102328562511932,0.2623110593401065,0.8972294542644427,0.22725763486523803,0.2645680125626913,0.6326614417017516,0.6360267921134224,0.008333333333333333,0.014504510946368435,1.9131736772417995,0.563752431872681
main,3.0,endogenous,16,170,2.6426884886425324,0.24400467473908125,0.35651513300793347,1.081069432129849,0.25548809950547785,0.33032799460002343,0.7507414375298256,0.7604079808939573,0.011458333333333333,0.013865935334877316,2.002276841598259,0.5006875069691717
main,3.0,endogenous,17,170,2.165709177528142,0.21990211978060098,0.2962521695421357,0.893954488950293,0.21469279426283627,0.2856898583013049,0.608264630648988,0.6276605555619322,0.007291666666666666,0.015021325445910772,1.9402095188295565,0.32906285702148186
main,3.0,endogenous,18,170,2.199914740595731,0.24543108082046167,0.33493072850331523,0.9267588499731693,0.2157773882560005,0.31764588106191116,0.6091129689112581,0.6273880434416894,0.008333333333333333,0.015146951186706512,1.983818317177755,0.4975665230239379
main,3.0,endogenous,19,170,1.974161321394383,0.22395586379648008,0.3154279921165461,0.8378483924358029,0.19072637550773275,0.2966806534771268,0.5411677389586762,0.5434505910838711,0.016666666666666666,0.016747047153003798,1.952741611941282,0.5285692188987665
main,3.0,endogenous,0,180,2.598413995209158,0.20703190062264704,0.2787900379897664,1.0280786446071906,0.2611514183815877,0.27355541343877954,0.7545232311684109,0.7517327807329192,0.014583333333333332,0.0133954660414539,1.9241381052079565,0.46943916318117357
main,3.0,endogenous,1,180,2.6475736142347874,0.2597019154661394,0.3854577569310474,1.097577762210658,0.25333103220518327,0.35213265847191355,0.7454451037387443,0.7547558602914787,0.011458333333333333,0.014097377046975728,2.036486825551136,0.5337028944829807
main,3.0,endogenous,2,180,2.0324584459812423,0.23269041685941247,0.32335257760501535,0.8628338134818898,0.19745407797587397,0.304974510357536,0.557859303124354,0.5393368908527625,0.022916666666666665,0.016252772902578858,1.9649100073683983,0.418465440674451
main,3.0,endogenous,3,180,2.677304262038387,0.2542223468622115,0.37580675856041357,1.1024444558203372,0.25710874415591156,0.34516184244870524,0.7572826133716319,0.7466339138450109,0.015625,0.013968033228589033,2.024618194020269,0.5313508826948603
main,3.0,endogenous,4,180,2.022428519295034,0.2053189155633659,0.26154830753661906,0.8297652474650065,0.20482208433838292,0.26124535499554724,0.5685198924694591,0.5612707293205947,0.019791666666666662,0.01586078865047562,1.907295487753513,0.4745798136525747
main,3.0,endogenous,5,180,2.1778115075488884,0.21593460957342994,0.28081359273060386,0.8915199032843073,0.21913083189737642,0.27630031478427697,0.6152195885000306,0.622049674600046,0.011458333333333333,0.014847187596664025,1.9277596466298923,0.4373539396571289
main,3.0,endogenous,6,180,1.9626653026338723,0.2514645189815606,0.3512983739433069,0.8551427318529132,0.18873961865797745,0.3280862649450941,0.5270564669078192,0.5232527427765719,0.020833333333333336,0.017249987781372458,1.9963288897355629,0.35730067414498157
main,3.0,endogenous,7,180,1.7965223775263133,0.19313404721008456,0.2511419556460587,0.7469327934608189,0.1797456709857918,0.2510064876256832,0.49592630583513575,0.4971817163765661,0.015625,0.0186775072311939,1.8885917469569495,0.4329300964142882
main,3.0,endogenous,8,180,2.13104545306414,0.22309828459607842,0.29296222097220903,0.8823686528774758,0.2130299214419508,0.2857197531063516,0.5966488997711243,0.6035583129653971,0.0125,0.015238632238054708,1.9394199012554794,0.34377254069306695
main,3.0,endogenous,9,180,2.4065799476985203,0.22140426826318219,0.2896832673166048,0.9725558277594356,0.2426679189675324,0.2846768736182999,0.6878789541411356,0.6954829299968639,0.012499999999999999,0.01394073412747382,1.9387941635681671,0.4754717463268593
main,3.0,endogenous,10,180,0.5596537239883782,0.04483751667741455,2.005143600904471,0.8698782805234213,0.08047139818756091,0.23612637112594057,0.6337519093974807,0.6429773954560128,0.25,0.2535425553485594,2.5200120096176972,-0.2823500843414276
main,3.0,endogenous,11,180,0.4051184681094397,0.06393452502007238,2.0916531151354727,0.8535687027549951,0.1204162236858056,0.22354916898587912,0.6300195337691159,0.6382343290089179,0.2822916666666667,0.31390233983925053,2.344221153079913,-0.3537532123942001
main,3.0,endogenous,12,180,2.202248099864645,0.17253939358244688,0.21255599726327165,0.8624478302367878,0.22797016952454968,0.2208647090169039,0.6415831212198839,0.6350026357754556,0.016666666666666666,0.014220646707694861,1.8639731801083503,0.5321286893114041
main,3.0,endogenous,13,180,2.0484737002333637,0.17713083288622283,0.23584637048866136,0.8204836345360826,0.2054617517596807,0.23426683853913968,0.5862167959969429,0.6011800373017713,0.009375,0.01537657088535777,1.8773140581025192,0.48426876098480776
main,3.0,endogenous,14,180,2.594046868329877,0.13823453755076204,0.17562742326888955,0.9693029430498428,0.26942151613184767,0.18780483411947324,0.7814981089303695,0.7734789496924358,0.013541666666666665,0.012750518729628046,1.8308235523500986,0.49244342547870223
main,3.0,endogenous,15,180,2.2110251129796685,0.20777929897985725,0.2649849330646629,0.8945964483413962,0.22462462894219143,0.26458092342403106,0.6300155249173652,0.6433320274845975,0.008333333333333333,0.014545363581841405,1.9133276122404301,0.5610324766290737
main,3.0,endogenous,16,180,2.6519640085005305,0.24675779527905356,0.35317759844094526,1.083966467406843,0.258385134782472,0.3303643840728242,0.753602083334019,0.7567057471419856,0.011458333333333334,0.013846534593155147,2.001526820108279,0.5035448022036958
main,3.0,endogenous,17,180,2.1664731274067863,0.22012562972215877,0.29594941450593204,0.8941827238782925,0.2149210291908359,0.2856755744338613,0.6085071494444312,0.6052831430663039,0.017708333333333333,0.01501470477510596,1.9401312236292174,0.32932968889207537
main,3.0,endogenous,18,180,2.1911250728870564,0.24263352081724943,0.3384362911889526,0.924064961631086,0.21308349991391712,0.31770150383332085,0.606363457797765,0.6164306433233807,0.009375,0.015211095371529624,1.9846132442515767,0.49456142153462307
main,3.0,endogenous,19,180,1.9805101148987845,0.22602571368487925,0.31291587596925885,0.839817234850974,0.19269521792290384,0.2965937734160925,0.5432234614348816,0.5370526382031737,0.021875,0.01667151279598884,1.952358740102476,0.5308416204683855
main,3.0,endogenous,0,190,2.6055410437940667,0.2089854992326532,0.276512999745748,1.0303465142574892,0.2634192880318865,0.2735516044355399,0.7567949098219493,0.7499889959868044,0.016666666666666666,0.013381164484816573,1.923813357446485,0.47165413721084126
main,3.0,endogenous,1,190,2.6480687232767597,0.2598336240482495,0.3852328064863559,1.0977117179371216,0.25346498793164696,0.3521333751858073,0.7455783427513144,0.7451659324792528,0.012499999999999999,0.01409494719730665,2.036355230769061,0.5338641413256466
main,3.0,endogenous,2,190,2.0232050592137734,0.22960094331060826,0.3268930041327437,0.8598996688857085,0.1945199333796926,0.30503466895135795,0.5548649999343506,0.5580728807030974,0.008333333333333333,0.016335899581138368,1.9653041981619808,0.4152306130798136
main,3.0,endogenous,3,190,2.7015015938882674,0.2615313104208389,0.3669489957348574,1.1099939666813212,0.2646582550168954,0.34531604967802493,0.7646779170032961,0.7540455254396715,0.017708333333333333,0.01392053761587761,2.02251766762048,0.538748723754307
main,3.0,endogenous,4,190,2.0095467508124853,0.20129559680711412,0.2659922660853473,0.8256115379016491,0.2006683747750256,0.2613458379986563,0.5642656999029927,0.5684118037088519,0.014583333333333334,0.015976170735465665,1.9075111686625632,0.47005724141948557
main,3.0,endogenous,5,190,2.1881341049556715,0.21908712623919602,0.27717528932017876,0.8947988401716824,0.22240976878475105,0.27623454875373976,0.6185642914179424,0.6345622272481987,0.0062499999999999995,0.014781839077263392,1.9273470040085556,0.4408646917127782
main,3.0,endogenous,6,190,1.9689571686456806,0.2536441124276131,0.3486381439028981,0.8570798083253972,0.1906766951304615,0.32802503262394034,0.5290547757014569,0.5303873509069229,0.015625,0.017167638895949543,1.9958455545969027,0.35956436378833945
main,3.0,endogenous,7,190,1.798228406561714,0.19371922134347042,0.2506060353549022,0.7475178877533623,0.18033076527833508,0.2510133787712372,0.49650450898212506,0.5001262323531994,0.015624999999999997,0.018659514042938776,1.8886755623005527,0.43354502206109996
main,3.0,endogenous,8,190,2.145399411040883,0.22764786794641662,0.2878121670107784,0.886953148666026,0.21761441723050096,0.2856464863097076,0.6013066623563184,0.5926114221793574,0.017708333333333333,0.015139757428148933,1.9389211940485225,0.3486880295282823
main,3.0,endogenous,9,190,2.402852824352193,0.22027853708258677,0.29089799335286404,0.9713431182625476,0.24145520947064464,0.28466425273470797,0.6866788655278399,0.6736586718746935,0.017708333333333333,0.0139509435109858,1.9388756439457384,0.47427951383805567
main,3.0,endogenous,10,190,0.5475814855708021,0.04777234085043513,2.0283356268977655,0.8745631511063341,0.08515626877047386,0.23624244236386022,0.6383207087424738,0.6542520230195461,0.25625,0.25851321993662923,2.5092743200731302,-0.29055126240879947
main,3.0,endogenous,11,190,0.4015209670777987,0.0652066077232811,2.0998935600943662,0.8555403782984821,0.12238789922929252,0.22341628553929568,0.6321240927591865,0.6126351377688355,0.30833333333333335,0.31542232074784887,2.3410984842298035,-0.3566162191215826
main,3.0,endogenous,12,190,2.1845935056682033,0.167811321723319,0.2179381909982193,0.8567810061299138,0.22230334541767577,0.22100479542496015,0.6357762107049539,0.6460719527815666,0.011458333333333334,0.014321612097199649,1.8643563218198647,0.5261473405901979
main,3.0,endogenous,13,190,2.0529442456894733,0.1784208940699991,0.23440944007501555,0.8219248599448292,0.20690297716842743,0.2342282472125193,0.58769661273231,0.5875515591034002,0.013541666666666665,0.015341293333811573,1.8772450208262406,0.4858248577271773
main,3.0,endogenous,14,190,2.5939397711413004,0.13822885227392134,0.17568292700026794,0.9692838501384966,0.2694024232205014,0.18782268050409806,0.7814611696343985,0.7811404823980633,0.014583333333333332,0.012751521443134062,1.8308587237854783,0.49240296168348185
main,3.0,endogenous,15,190,2.2149108014561403,0.20896469178297733,0.26372660458237046,0.8958673659404962,0.22589554654129113,0.26458362189482376,0.6312837440456723,0.6389634274275332,0.0125,0.01452711183325677,1.9132858730721558,0.5623288007589348
main,3.0,endogenous,16,190,2.6606107731008217,0.24930624539741011,0.35003140638359287,1.0866494749606082,0.261068142336237,0.33039184956713263,0.7562576253934756,0.7432987862109568,0.017708333333333333,0.013827469362127637,2.0007583800368107,0.5062163167887814
main,3.0,endogenous,17,190,2.1763525465151496,0.2231516219620629,0.2923017353699576,0.8972686346157234,0.2180069399282666,0.28558612640463715,0.611682508211086,0.595609099620093,0.01979166666666667,0.014944822527192541,1.9395503288652403,0.33271343717896806
main,3.0,endogenous,18,190,2.189002035624637,0.24194592244080565,0.3392586368681535,0.9234021983111986,0.21242073659402982,0.3177092825980138,0.6056929157131848,0.6031457272039272,0.01666666666666667,0.015224783599229446,1.9847612105687116,0.4938415346857716
main,3.0,endogenous,19,190,1.9776348540498563,0.22509243306268267,0.31406210100064913,0.8389297960377295,0.19180777910965918,0.29663597426620447,0.542293821771525,0.5469381128020671,0.016666666666666666,0.016706612407580434,1.952545617408997,0.5298103007522552
main,3.0,endogenous,0,200,2.61474181787307,0.21150012300069188,0.2735599618848276,1.03326730091953,0.26634007469392706,0.2735415968153098,0.75972570410422,0.7563338761258326,0.013541666666666665,0.01336231427942782,1.923372286251778,0.4745167626095765
main,3.0,endogenous,1,200,2.671531259104344,0.26702819089799557,0.3764611910536983,1.1050068803520126,0.2607601503465379,0.3523037357716974,0.7527031445803153,0.7539675447439088,0.011458333333333333,0.014044148754297946,2.034165651209494,0.541082510381254
main,3.0,endogenous,2,200,2.047939778511155,0.237800710551101,0.3173077903038256,0.8676827597886939,0.202303024282678,0.3048385985771564,0.5628441612115375,0.5644852095731032,0.017708333333333333,0.01610124891264002,1.9640492832261205,0.4239081718468115
main,3.0,endogenous,3,200,2.7057048753871946,0.26280838827080266,0.3654249069521812,1.1113127235367262,0.2659770118723004,0.34534425430121696,0.7659684692355093,0.7619966558132665,0.013541666666666665,0.013912765086974293,2.022183484901139,0.5400305284336744
main,3.0,endogenous,4,200,2.012747176212675,0.20229001031680202,0.264878081026201,0.8266384225185593,0.20169525939193594,0.2613163934104258,0.5653220291081336,0.5667649236382719,0.015625,0.015946589891459095,1.9074433944037945,0.4711834935776064
main,3.0,endogenous,5,200,2.193728481043679,0.22081155812813882,0.27523447730044326,0.8965915054907535,0.22420243410382237,0.2762106684148817,0.6203808370758719,0.6183179335102388,0.013541666666666665,0.01474858829452334,1.9271715281734125,0.44275956780174475
main,3.0,endogenous,6,200,1.971334585200409,0.2544892269047712,0.34767985856528366,0.8578345568901543,0.19143144369521872,0.3280120127592922,0.5298225441308624,0.5272488845910279,0.015625000000000003,0.01714207095565367,1.995744830349776,0.3604078527079154
main,3.0,endogenous,7,200,1.7966231636354806,0.1931588270260411,0.2510907129265421,0.7469575678626879,0.17977044538766088,0.25099712883424663,0.49596043902844134,0.4802278497889129,0.027083333333333338,0.018673398519249033,1.8885732516272493,0.4329717951381197
main,3.0,endogenous,8,200,2.142324798513604,0.2266552007177814,0.28887920425787805,0.8859530678297544,0.2166143363942294,0.28564938937397866,0.6003036784557757,0.6034384301245103,0.016666666666666666,0.015158223423267194,1.9389705432987707,0.34764423231928415
main,3.0,endogenous,9,200,2.4117238399786873,0.22289166636376673,0.2878809391299627,0.974165481824139,0.2442775730322358,0.2846517642101313,0.6895137176140077,0.6874154381331213,0.013541666666666669,0.013920923952683444,1.938471690933382,0.4771475379331565
main,3.0,endogenous,10,200,0.5397095857453132,0.04959514158067892,2.0432447664474163,0.8775164979244694,0.08810961558860911,0.23628856138467524,0.6412279365397942,0.6139560453534804,0.27604166666666663,0.26174286494255494,2.5023217852128123,-0.29584929892243605
main,3.0,endogenous,11,200,0.4001909469584023,0.06558942866187997,2.1027274523418127,0.8561692759873651,0.12301679691817553,0.22333734222551205,0.632831933761853,0.6437228011964083,0.303125,0.3159855401830645,2.339917619454245,-0.35762326114796417
main,3.0,endogenous,12,200,2.186797085748183,0.168409607220501,0.21728092189492187,0.857495871621202,0.2230182109089638,0.22099522385213738,0.6365006477690647,0.6334206411009958,0.014583333333333332,0.014309891736775698,1.8643266853218994,0.5268901410472286
main,3.0,endogenous,13,200,2.052160327274419,0.1782045736373922,0.23467978607315101,0.8216815623283207,0.2066596795519188,0.23424456597906063,0.58743699634926,0.5792132110048722,0.01875,0.015348998721543054,1.8772805536777724,0.48554715241696866
main,3.0,endogenous,14,200,2.592588371657983,0.13790451837280565,0.17597829470298956,0.9688237282445928,0.26894230132659774,0.18779894681938872,0.7810247814252042,0.7775907507447133,0.011458333333333333,0.01275270292692931,1.8308349715620729,0.49199315803532306
main,3.0,endogenous,15,200,2.210173009442337,0.20756728790797335,0.26535219469905486,0.894364164016455,0.22439234461725013,0.26461824252372884,0.629745921492726,0.6423599550964532,0.010416666666666668,0.014555185867579623,1.9134735169263486,0.5607251890544238
main,3.0,endogenous,16,200,2.654983951992441,0.24761447465047545,0.35201420896642216,1.0848708785364463,0.2592895459120749,0.3303626703304112,0.7545082082060348,0.7646005157441854,0.007291666666666666,0.013837937712413715,2.001129806451001,0.5044924725257818
main,3.0,endogenous,17,200,2.1736590190171667,0.22238431735407455,0.2934101316064154,0.8964844893258856,0.21722279463842895,0.2856504190122496,0.610834070313636,0.6116043162672796,0.013541666666666665,0.014971765163029241,1.9398918790581754,0.33176240151034675
main,3.0,endogenous,18,200,2.1911950916028315,0.24263024819175288,0.3383559231007611,0.9240604209651153,0.21307895924794634,0.3176887311951695,0.6063716897699457,0.6155593118680762,0.0125,0.015206933193408665,1.9845120329922576,0.49459817786972887
main,3.0,endogenous,19,200,1.9808625401520907,0.22612242608580457,0.3127387666726708,0.8399079109701886,0.1927858940421184,0.29657689783398145,0.5433310131362072,0.5501001064522629,0.013541666666666665,0.01666294569687724,1.9522780283637449,0.5309774208759788
main,3.0,endogenous,0,210,2.615717034131724,0.21175599353386582,0.27322758075774306,1.0335668694744442,0.2666396432488414,0.27353349814070105,0.7600333713337432,0.7539530731077595,0.014583333333333332,0.013359660191673298,1.9232937152287124,0.47482474511796446
main,3.0,endogenous,1,210,2.6921017765448996,0.27339355913156727,0.36888492945650053,1.1114600883776558,0.2672133583721812,0.35246234604227705,0.7589977423353786,0.7406950262734469,0.02291666666666666,0.0140033227571605,2.032489988290357,0.5473855719131311
main,3.0,endogenous,2,210,2.0471325484522773,0.23753199504762454,0.31761830062092955,0.8674276147069439,0.20204787920092807,0.30484403236111146,0.5625835823458326,0.5451393991450905,0.028125,0.016109195150449805,1.9640859610862003,0.4236255588894049
main,3.0,endogenous,3,210,2.7007810451660417,0.26129526928711966,0.36717675912501807,1.10975102452606,0.2644153128616343,0.34530727844168607,0.7644437460843739,0.7711846063677005,0.010416666666666668,0.013920881267233643,2.0225048753238584,0.5385364883227932
main,3.0,endogenous,4,210,2.01044944772759,0.20160349177559372,0.26573162443859266,0.8259281879805922,0.20098502485396863,0.26136120721457495,0.5645669807660172,0.5563617861798618,0.019791666666666666,0.0159731717697758,1.9075669289236512,0.4703609102160703
main,3.0,endogenous,5,210,2.1930931293001814,0.220614154735204,0.27545185702624264,0.8963863803538759,0.22399730896694484,0.2762122127065075,0.6201741676473684,0.6226279772639352,0.013541666666666665,0.0147522009561121,1.9271867014873512,0.4425451311548588
main,3.0,endogenous,6,210,1.979297694972869,0.25725479760478437,0.3443283319006653,0.8602936081594394,0.1938904949645038,0.32793754460842467,0.5323560635510148,0.5341283232577915,0.018749999999999996,0.017039931243006918,1.995159622113528,0.3632689508430982
main,3.0,endogenous,7,210,1.7974046130096077,0.19341138335082977,0.25081426317951305,0.7472100865133168,0.18002296403828977,0.2509848255792114,0.49622526093410546,0.502825789044618,0.011458333333333333,0.018660383818665516,1.8885745106273863,0.4332619574953294
main,3.0,endogenous,8,210,2.1444364329706707,0.2273293063073787,0.28813113768749876,0.8866322923218496,0.2172935608863244,0.28564193923430575,0.6009903530875437,0.5937892026359342,0.019791666666666662,0.015144513021940503,1.9389123421726897,0.3483649470377239
main,3.0,endogenous,9,210,2.402874683115087,0.22031084675472007,0.29093970564651395,0.9713750785054405,0.2414871697135373,0.2846811646871775,0.686693913818263,0.6735399532951571,0.015625,0.013952849128345924,1.9389564301193658,0.47427472412826255
main,3.0,endogenous,10,210,0.5279739067800991,0.05274176664410966,2.066480188664784,0.8823986206963308,0.09299173836047053,0.23650561379851615,0.6458930068978147,0.6488737168517705,0.24479166666666666,0.2666209290385886,2.491657307557925,-0.30398229794571985
main,3.0,endogenous,11,210,0.3927579831182178,0.0684089866283025,2.12021834360341,0.8604617711166433,0.12730929204745395,0.22312918335103885,0.6373325877656046,0.6441389896950529,0.30625,0.3191239553678361,2.333492132044734,-0.36365109442966415
main,3.0,endogenous,12,210,2.187574177260916,0.16865494893907512,0.2171103643090853,0.857779830169692,0.22330216945745388,0.2210251746556525,0.6367546555140395,0.6377074163200943,0.0125,0.014310071263848265,1.8643926978953451,0.5271361918309039
main,3.0,endogenous,13,210,2.0504618169426956,0.1777057415333158,0.23520957482246546,0.821125711099492,0.20610382832309027,0.23425080603233903,0.5868749050671531,0.5967056019300813,0.010416666666666666,0.015361214393421807,1.877286104426283,0.4849601929409628
main,3.0,endogenous,14,210,2.5873280000623717,0.13674249123914967,0.17728908983128527,0.9671198603776023,0.26723843345960707,0.18780561002749271,0.7793142503501096,0.7674391911161209,0.018750000000000003,0.012761748433023815,1.8309282726245368,0.49035790071482976
main,3.0,endogenous,15,210,2.2079105078661616,0.206934523819042,0.26619431509278085,0.8936797822593281,0.2237079628601232,0.26466208010983566,0.6290177021494924,0.635703760202012,0.009375,0.014572817524382557,1.9136617157866769,0.5599428050914739
main,3.0,endogenous,16,210,2.6687997381220523,0.25173077894903373,0.34707307969357876,1.089201198921555,0.2636198662971837,0.3304211683939389,0.758780030527616,0.7499931641867078,0.013541666666666665,0.013810134442041508,2.0000733805240887,0.5087415658213468
main,3.0,endogenous,17,210,2.179999222251367,0.22433342819724578,0.2910833220726265,0.8984719908404131,0.21921029615295637,0.28559787430498795,0.6128741165354251,0.6221626810510195,0.010416666666666668,0.014928042748778078,1.9395417369490517,0.3339304192977859
main,3.0,endogenous,18,210,2.197065149120958,0.2445983044449657,0.3362194482083854,0.9259609672581028,0.21497950554093412,0.3176998983135578,0.6082610689445451,0.6196107033162803,0.014583333333333334,0.01517815567247549,1.984351493707901,0.49655507023363077
main,3.0,endogenous,19,210,1.980020991923059,0.22580840107479427,0.31298962254930995,0.8396063385157211,0.19248432158765078,0.29656141836846495,0.543044920147256,0.5285450740528639,0.02395833333333334,0.016664190834659698,1.9521987349637562,0.5306972712184421
main,3.0,endogenous,0,220,2.6082813195598433,0.20968002390538382,0.2755345924271799,1.0311653119641353,0.2642380857385326,0.27351220752114386,0.7576531044429915,0.7425919521868727,0.017708333333333333,0.013372455466279645,1.9235201860020137,0.4725300102866886
main,3.0,endogenous,1,220,2.687099714919123,0.2718540589916953,0.370743756908924,1.1098991769399142,0.2656524469344393,0.35242483684073367,0.7574743400991804,0.7568366708721186,0.017708333333333333,0.014013834424903466,2.032932962639491,0.5458491756538902
main,3.0,endogenous,2,220,2.0452713660076913,0.23687669256942695,0.31826004166002914,0.8668027000790491,0.20142296457303321,0.30483538649987924,0.56196731357917,0.5660514568781766,0.0125,0.016119176868805842,1.964048358755996,0.4229927119214619
main,3.0,endogenous,3,220,2.7038900033521585,0.26227392758109047,0.36611614548468274,1.110760025472644,0.2654243138082182,0.3453357945276233,0.7654242309450207,0.7814971714600369,0.010416666666666668,0.013917129436515277,2.0223972896011615,0.539469652482839
main,3.0,endogenous,4,220,2.0059118811624193,0.20024047841793485,0.2674029820101522,0.8245184471968354,0.19957528407021186,0.2614435708356107,0.5630748763612247,0.5560632369440635,0.017708333333333333,0.016023562026645427,1.9077916581766943,0.4687401812361296
main,3.0,endogenous,5,220,2.18373194169804,0.21772417361190408,0.278690788597371,0.8933823013024383,0.22099322991550724,0.276248844042455,0.6171334572599834,0.6218178318282027,0.014583333333333334,0.014807270796695022,1.9274668642506896,0.4393765752809814
main,3.0,endogenous,6,220,1.9836544004189753,0.25876383117189417,0.34248587817666615,0.8616347032558455,0.1952315900609096,0.3278944271197335,0.533740276136112,0.5487465969433257,0.010416666666666668,0.01698382533519319,1.994823090926984,0.36483651360482927
main,3.0,endogenous,7,220,1.8031048435516173,0.1952140846808796,0.2487186024100927,0.7490125102141966,0.18182538773916956,0.2508554470244009,0.49815706318979575,0.5031882991164994,0.013541666666666665,0.018554762690850362,1.8884866412252694,0.43540022772756437
main,3.0,endogenous,8,220,2.1395762042616995,0.2258022602248991,0.2899016668000538,0.8850933770955509,0.21575464566002575,0.2856762404169707,0.5994171366785801,0.5959535563487195,0.014583333333333334,0.01517993710170786,1.9391238023336712,0.3466938336204408
main,3.0,endogenous,9,220,2.4044055352244853,0.22069411386896615,0.29029049729656875,0.9717967154633399,0.24190880667143683,0.2846352567730861,0.687161458690254,0.6892041758841205,0.012499999999999999,0.013942072671438311,1.9386723872196392,0.4748006687101318
main,3.0,endogenous,10,220,0.5271270799523435,0.05298747009930651,2.0682006381805715,0.8827717294107407,0.09336484707488032,0.23652826139338753,0.6462434680173531,0.6511776281014943,0.26875,0.2669762230068711,2.4908695063550335,-0.3045793525218835
main,3.0,endogenous,11,220,0.38321927374173115,0.07215109217493017,2.1429652623895445,0.8661118761020686,0.13295939703287923,0.22290416101041424,0.6432077150916544,0.6385170430927076,0.31666666666666665,0.3231497980989019,2.325288022351381,-0.3714593722087035
main,3.0,endogenous,12,220,2.189801367544435,0.16926936688093952,0.21646337904508992,0.8585113711568214,0.22403371044458317,0.22102495604880476,0.6374864151080167,0.6385714906000822,0.016666666666666666,0.0142992956150261,1.8643844213079739,0.5278824523897478
main,3.0,endogenous,13,220,2.0505207169171045,0.17769611660766438,0.23514119569126626,0.8211193430720115,0.2060974602956096,0.23422465948501564,0.5868946835869958,0.5882517915246435,0.014583333333333334,0.0153562001684277,1.8772224933771469,0.48499371971381394
main,3.0,endogenous,14,220,2.5851279344165596,0.13625762396401164,0.17783912353971237,0.9664082273067611,0.2665268003887661,0.1878095062716743,0.778598721035087,0.7760265692473802,0.014583333333333332,0.012765597015268101,1.8309694112599086,0.48967352908189865
main,3.0,endogenous,15,220,2.2194624217522705,0.21034740432951785,0.26224150994927387,0.8973504453436874,0.22737862594448255,0.2645821406933363,0.632768304650351,0.6351815187240728,0.014583333333333332,0.014505028216239002,1.9132203796270808,0.563850090305719
main,3.0,endogenous,16,220,2.675081863826201,0.25371426508435424,0.34504247074421085,1.0912795332182552,0.265698200593884,0.3304846114021254,0.7607949218161297,0.755178310770494,0.01666666666666667,0.013804184262533301,2.0000244793994737,0.5106246891561911
main,3.0,endogenous,17,220,2.1801477643648353,0.22437446632595587,0.29101967589089694,0.8985139688605625,0.21925227417310594,0.28559347345059727,0.6129204954099652,0.6108778200781193,0.013541666666666665,0.01492633937180764,1.9395188612475187,0.333983497331774
main,3.0,endogenous,18,220,2.1991129220763446,0.24523756918449333,0.335377097374695,0.9265758628785109,0.21559440116134215,0.31768073597381064,0.6088951269047004,0.6035989373489673,0.018750000000000003,0.015161599805157406,1.9841198439854555,0.49726145108411723
main,3.0,endogenous,19,220,1.9880023639943283,0.22839850850205204,0.30980667155254993,0.8420691813496435,0.19494716442157312,0.29644404530551893,0.5456251360441244,0.533649285514975,0.020833333333333336,0.01656673097483543,1.951677829451628,0.5335603886929203
main,3.0,endogenous,0,230,2.6167460067334423,0.21202971538292364,0.27288368927648243,1.033886470464283,0.26695924423867995,0.27352726151659656,0.7603592089476862,0.7484673971929887,0.017708333333333333,0.013357169751762012,1.9232221923942698,0.4751481000960053
main,3.0,endogenous,1,230,2.6951715327776373,0.2744137580425809,0.36789359233363933,1.1124929610512857,0.2682462310458112,0.3524964969464306,0.7599964641048553,0.7721439749151836,0.009375,0.014001887459503013,2.0325381272611294,0.5482949946670704
main,3.0,endogenous,2,230,2.0515946855322564,0.23898107933098825,0.3158265477512998,0.8688007708715147,0.20342103536549888,0.3047901296895545,0.5640106411819603,0.5589719058732954,0.019791666666666666,0.01606099702232033,1.9637555136303113,0.42520681189943693
main,3.0,endogenous,3,230,2.699761163333081,0.2610876869868589,0.36774676670559653,1.1095318723418455,0.26419616067741974,0.34532260685379884,0.7642092654880467,0.7664925329476597,0.0125,0.013928891226826893,2.023005640828882,0.5381806657393474
main,3.0,endogenous,4,230,2.008271685135845,0.20089254172703147,0.26642271525962863,0.8251956473741684,0.2002524842475449,0.2613516283017019,0.5638440190724665,0.5682338569776639,0.011458333333333333,0.015986608790079664,1.9075194040136512,0.4696120471662241
main,3.0,endogenous,5,230,2.1786509059950205,0.21618710118965584,0.28051022189181196,0.891782743025496,0.21939367163856494,0.27629209050904235,0.6154906525164536,0.6047327970430801,0.020833333333333336,0.014841390114611941,1.9277143949336633,0.437641312203407
main,3.0,endogenous,6,230,1.9776384968977392,0.25666019380474614,0.34498667237748437,0.8597617876933231,0.19335867449838745,0.32794391965516506,0.5318178680381582,0.5370128898538942,0.011458333333333333,0.01705730354898456,1.9952107515706032,0.36268292182961026
main,3.0,endogenous,7,230,1.8001316505879306,0.1942836397789362,0.24983134209756294,0.7480822108214766,0.18089508834644957,0.2509327448463613,0.4971494659751152,0.4987950312110782,0.016666666666666666,0.018612883487194077,1.8885560443336487,0.4342795312209217
main,3.0,endogenous,8,230,2.135177796783601,0.22439578129983836,0.29145515451570414,0.8836762441997147,0.21433751276418947,0.28569005357924404,0.5979861906204705,0.5955635073625188,0.015625,0.015208244907147474,1.939237495295835,0.345193810216744
main,3.0,endogenous,9,230,2.4141043895097063,0.2236083752128828,0.2871007003127661,0.9749378216784518,0.2450499128865486,0.2846582624397484,0.6902795592387034,0.6804748722441285,0.01666666666666667,0.013914273227859097,1.938412386201944,0.4779100853657539
main,3.0,endogenous,10,230,0.5235290136378328,0.053940184669683366,2.075296199578467,0.8842551326286608,0.0948482502928007,0.23659034960060513,0.647664783028056,0.6553782736408867,0.26562500000000006,0.2684697193659341,2.487611012248851,-0.3070662991949747
main,3.0,endogenous,11,230,0.38065224502833483,0.07320856087639803,2.149209377908648,0.8676900612711268,0.1345375822019374,0.22286080916846868,0.6448292521026582,0.640692869204489,0.33437500000000003,0.32423251103084605,2.3230948235110485,-0.3735903470614148
main,3.0,endogenous,12,230,2.188298583891743,0.1688100970291307,0.21682027624909872,0.8579763190566576,0.22349865834441932,0.22098173026978957,0.636994588786868,0.6330511801028849,0.016666666666666666,0.014301226321623922,1.8642904125097002,0.5273995986278777
main,3.0,endogenous,13,230,2.05403598433743,0.17871291469482242,0.23401577130707488,0.8222548901131093,0.2072330073367073,0.23419667077008183,0.5880582193430274,0.5905265760366608,0.0125,0.015328582499135154,1.8771740607676843,0.48621613103779787
main,3.0,endogenous,14,230,2.5965077023901317,0.13875796746295216,0.17498187967184795,0.9700825165083107,0.27020108959031547,0.18778183528086964,0.782300681227441,0.7910293579739036,0.010416666666666666,0.012745363022537362,1.8307425634190224,0.49321645818624715
main,3.0,endogenous,15,230,2.222823233057147,0.21139711024591637,0.2611997051150568,0.8984733494727069,0.22850153007350196,0.26460380802117456,0.6338695414515322,0.6333223376520589,0.014583333333333332,0.014491669093896339,1.9132545102785474,0.5649595768376207
main,3.0,endogenous,16,230,2.6884738356855697,0.2577071659235396,0.340258463406132,1.095479821671747,0.2698984890473757,0.3305427771520114,0.7649370445197355,0.7758254870124084,0.004166666666666667,0.013777291093527428,1.9990111459738542,0.5147421802090159
main,3.0,endogenous,17,230,2.175203396891534,0.22280375214208908,0.2927341289411699,0.8969137593249312,0.21765206463747444,0.2855993568041061,0.611314402520825,0.6046484424375942,0.015625,0.014953538172827468,1.939630919582306,0.33231782061882487
main,3.0,endogenous,18,230,2.198528706795668,0.24507578842248962,0.33565967721668627,0.9264213908116146,0.2154399290944457,0.31769645863913354,0.6087249321724809,0.5922553931236169,0.024999999999999998,0.015168993392901528,1.9842624417457397,0.4970495959801034
main,3.0,endogenous,19,230,1.9969174587559444,0.23137166662967185,0.3064171022674143,0.8449020758843433,0.1977800589562733,0.2963676502980742,0.5485344255862692,0.5491868699319605,0.013541666666666665,0.016475106473782787,1.9513588432927036,0.5367159493512039
main,3.0,endogenous,0,240,2.6151672738813323,0.21163831702710953,0.27346324475272465,1.033422945220389,0.26649571899478597,0.2735558727693695,0.7598670724510193,0.754350049997419,0.013541666666666665,0.013362656759402108,1.923416977040341,0.4746397516850645
main,3.0,endogenous,1,240,2.697616399513445,0.27514752912413193,0.36694801025465146,1.113237312964076,0.26899058295860134,0.352512343702981,0.7607249692610951,0.7533388707194975,0.015625,0.013995457460732136,2.0322421415456615,0.5490542363363098
main,3.0,endogenous,2,240,2.042885754294999,0.23611074741019542,0.3192362085367417,0.8660775700806452,0.20069783457462936,0.3048698256867809,0.5612077443938642,0.566116017378447,0.0125,0.01614625281526804,1.9642556999043896,0.42214270935403714
main,3.0,endogenous,3,240,2.685448347206878,0.25671485720115084,0.3728891865081242,1.1050174636387176,0.2596817519742917,0.34522036304982345,0.759797100588894,0.7713368689164474,0.010416666666666666,0.013954064962878848,2.0240450074535046,0.533826518683107
main,3.0,endogenous,4,240,2.006464101238117,0.20037853118035737,0.2671451563061932,0.8246625962415559,0.19971943311493245,0.26140941048873584,0.56325318575282,0.5672285692266658,0.015624999999999997,0.016012585090498997,1.9076877544859439,0.46895162924890244
main,3.0,endogenous,5,240,2.1761391009807887,0.215477348888062,0.2815072029146189,0.8910412175944898,0.2186521462075587,0.2763505991484078,0.6146906184460821,0.6191389542174689,0.014583333333333334,0.01486489640371159,1.9279884409858625,0.43675895669113335
main,3.0,endogenous,6,240,1.9711958385302786,0.254402398397228,0.347654133678341,0.8577507902019491,0.19134767700701333,0.32799430030804333,0.5297564898939059,0.5126765030675653,0.023958333333333335,0.017135084741077722,1.9956068061354355,0.3603792732290333
main,3.0,endogenous,7,240,1.7912892815492032,0.19148856850861926,0.2530848608807189,0.7452875703128472,0.17810044783782022,0.25113469518580334,0.494152875127044,0.49033595000345426,0.020833333333333332,0.01877767796100454,1.8886947939467142,0.43096185068527004
main,3.0,endogenous,8,240,2.141011372412576,0.22624109368911002,0.28935480913453493,0.8855357584120738,0.2161970269765487,0.28565768284035553,0.5998780755717183,0.5968134009192078,0.011458333333333333,0.015167491454028167,1.9390231939295206,0.34719335268362056
main,3.0,endogenous,9,240,2.4018163579671485,0.21997416282178056,0.2912522780663352,0.9710142662850881,0.24112635749318506,0.2846663288866629,0.6863479373984255,0.6894518743007458,0.013541666666666669,0.013954522542221473,1.938925797937322,0.47394399194834963
main,3.0,endogenous,10,240,0.5089914499059287,0.05806410543384695,2.1046102236970086,0.8905552596789283,0.10114837734306778,0.23692812471227542,0.6536271349666528,0.651492663678525,0.284375,0.27453649506485933,2.4743196274449546,-0.3172645746022916
main,3.0,endogenous,11,240,0.3826339357181846,0.07240376369472246,2.1444171234889136,0.8664849409672734,0.13333246189808398,0.22289826618746694,0.6435866747798066,0.6162143004698308,0.3260416666666667,0.32339649951457844,2.3247893636104684,-0.37195206872874065
main,3.0,endogenous,12,240,2.1913030682503987,0.1695716190667004,0.21582750241404858,0.8589007299103825,0.22442306919814428,0.22091602725388357,0.6379847026564989,0.6414453696888256,0.011458333333333333,0.01427901970579767,1.8641291350506783,0.5284374601238666
main,3.0,endogenous,13,240,2.054541602761648,0.17881838154497776,0.23377814261368152,0.8223793756401026,0.20735749286370062,0.2341533019645164,0.5882260736755861,0.5946588314892125,0.011458333333333333,0.015318003714700856,1.877070801777225,0.4864119108334314
main,3.0,endogenous,14,240,2.592342664770027,0.13788105148527857,0.17608892099031861,0.9687708790818746,0.26888945216387966,0.1878296416858444,0.7809412373960305,0.7769962199059836,0.0125,0.012754472311031634,1.8308962829227844,0.4919044833055676
main,3.0,endogenous,15,240,2.2130521801609566,0.20845516746964207,0.2644379899061405,0.8953151125122464,0.22534329311304155,0.2646278251494848,0.6306872873627617,0.6292985619240457,0.015625,0.014542565148477868,1.9134700030886613,0.5616811431752295
main,3.0,endogenous,16,240,2.6893759546580953,0.2579047067140333,0.33979806491793274,1.0956929087633538,0.2701115761389825,0.33052224440090433,0.7651706643624494,0.7669256793978676,0.011458333333333333,0.013771395662355069,1.998667847425517,0.5150508377725458
main,3.0,endogenous,17,240,2.1755600345368586,0.2229421899713583,0.2926600900205475,0.8970541048429215,0.21779241015546497,0.2856161105590907,0.6114379942838308,0.618666985847973,0.013541666666666665,0.01495530368860383,1.9397025827312118,0.3324255525999124
main,3.0,endogenous,18,240,2.194629696884622,0.24386245766540265,0.3372714233845109,0.9252545259781785,0.2142730642610097,0.3177340435821723,0.6075204823960061,0.6128735546514175,0.014583333333333332,0.015201733128159981,1.9847176350176614,0.4957027012275231
main,3.0,endogenous,19,240,1.9961582833600704,0.23113337097750822,0.3067365735569394,0.8446760759648393,0.19755405903676918,0.29638447536075685,0.5482916006040826,0.5482204040242185,0.018749999999999996,0.016485747391811422,1.9514352829892627,0.53643932781715
main,3.0,endogenous,0,250,2.621234033703845,0.21326392522952756,0.2714570598945288,1.0353183396093004,0.2683911133836977,0.27352726918032644,0.7617910704289741,nan,nan,0.013348503835560558,1.9230299047093715,0.47654119763468195
main,3.0,endogenous,1,250,2.7050572498001726,0.277451500906012,0.3642103976394445,1.115573049448543,0.27132631944306834,0.3525706292056631,0.7630024202428797,nan,nan,0.013980680998906115,2.031641810401455,0.5513335549711266
main,3.0,endogenous,2,250,2.045491528782841,0.23695676346866618,0.31818942985075604,0.8668792407007544,0.20149950519473867,0.3048379176908495,0.5620413230099051,nan,nan,0.016118578981998796,1.9640615605751701,0.4230662322728854
main,3.0,endogenous,3,250,2.696968416339721,0.2601894358333553,0.3686620593682117,1.108606637180429,0.2632709255160035,0.34529235714305495,0.7633142800373744,nan,nan,0.013931192423477864,2.0230241178565853,0.537350794027093
main,3.0,endogenous,4,250,2.0028023514288917,0.19923356260186342,0.2684058326492154,0.8234805822266568,0.19853741910003342,0.26143685885653056,0.5620437233701262,nan,nan,0.016045037601901672,1.90774558659261,0.4676667176376668
main,3.0,endogenous,5,250,2.1789136015614616,0.2162637523955711,0.2804106695340358,0.891862674497023,0.21947360311009173,0.2762877958054495,0.6155748786915733,nan,nan,0.014839199301774426,1.9276930856757608,0.43773240680118775
main,3.0,endogenous,6,250,1.9748737390466655,0.255686659542565,0.34612126831737633,0.8588938889688688,0.19249077577393314,0.3279632298494503,0.5309306591194185,nan,nan,0.017089674537513387,1.9953628623612256,0.36169690394721604
main,3.0,endogenous,7,250,1.7810987571698487,0.1882616516957006,0.25682303973129794,0.7420611495322825,0.17487402705725544,0.25136177340950283,0.4906993761227797,nan,nan,0.018965677598645737,1.888841273898143,0.4271414624447959
main,3.0,endogenous,8,250,2.1546038581959834,0.23057750542220762,0.28453402679458223,0.8899051301375911,0.22056639870206612,0.28560814284839486,0.6042969872891963,nan,nan,0.015078048626306979,1.938640256015501,0.35183394735548157
main,3.0,endogenous,9,250,2.4031619619256017,0.22035093222475544,0.2907573927233721,0.9714234289579098,0.24153552016600655,0.28465189647137007,0.6867715324865397,nan,nan,0.013948253257383239,1.9388023330380437,0.4743880142101723
main,3.0,endogenous,10,250,0.5046055261416658,0.05926917623880072,2.11336226811395,0.8924123234981387,0.1030054411622785,0.23701954116880822,0.6553927823293307,nan,nan,0.27636408039405513,2.4703117055549053,-0.32031998546361423
main,3.0,endogenous,11,250,0.3834948088986019,0.07208887387103455,2.1424197197203885,0.8660011341633416,0.1328486550941521,0.22292631117404532,0.6430748229892963,nan,nan,0.32303287798744135,2.32553891120436,-0.3712607945718821
main,3.0,endogenous,12,250,2.19036532926717,0.16933171466052355,0.216133397777571,0.8586101472350881,0.22413248652285006,0.220934377208284,0.6376757700268041,nan,nan,0.014285650873999958,1.8641745355483792,0.5281145587397091
main,3.0,endogenous,13,250,2.059939891890977,0.18035961117726398,0.2320122756095572,0.8241039262259328,0.2090820434495308,0.2340907849984387,0.5900131412274942,nan,nan,0.015272324751876915,1.876948660917283,0.4882990315372445
main,3.0,endogenous,14,250,2.5968739221881085,0.13886042169208632,0.17492518540172247,0.9702198430939722,0.27033841617597715,0.1878026242411666,0.7824172188528058,nan,nan,0.01274569234311906,1.8307759318663692,0.4933217017989661
main,3.0,endogenous,15,250,2.2124350083940567,0.20826157355168667,0.26462772667886103,0.895108102874868,0.22513628347566325,0.26462317566260096,0.6304849272122672,nan,nan,0.014544978418766416,1.913461337204252,0.5614777972261618
main,3.0,endogenous,16,250,2.6936862212721877,0.2592320268562548,0.33833989198056325,1.097086046703002,0.27150471407863075,0.3305550493864955,0.7665309973165064,nan,nan,0.013765225262473327,1.9985044130786052,0.5163575898316172
main,3.0,endogenous,17,250,2.174213865094858,0.2225036546292869,0.2931053828463013,0.8966076341901484,0.217345939502692,0.28561046333280593,0.6109971708573426,nan,nan,0.014960823354229307,1.939698628888701,0.33197742564244853
main,3.0,endogenous,18,250,2.2040341821010734,0.24687433508767423,0.33355889043083464,0.9281558025398609,0.217174340822692,0.3176838053401746,0.6104719971996863,nan,nan,0.01513553843557221,1.9839363017132938,0.4989086574865171
main,3.0,endogenous,19,250,2.0101749523846872,0.2357853744423239,0.301360732913199,0.8491070199134034,0.20198500298533323,0.2962488332911413,0.5528581866222623,nan,nan,0.016337174577258484,1.9508594854861188,0.5414125835145295
main,3.0,static,0,0,1.2165075461553096,0.01836615402685984,1.065907978494639,0.7669272262256028,0.0,0.3085964897923242,0.4583307364332788,0.432860018542052,0.0625,0.061716349884855595,2.5531546318472063,-0.04143794588701599
main,3.0,static,1,0,1.2674582080841381,0.01338188671834814,1.2519000952139376,0.8442467300054748,0.0,0.272488991602918,0.5717577384025568,0.5483147790809973,0.05729166666666667,0.060116533667540176,2.756544870992175,0.03061898285364813
main,3.0,static,2,0,0.967375847977765,0.013909758001107744,1.0148536005391746,0.6653797355060158,0.0,0.3235844333876398,0.341795302118376,0.3386151351972472,0.09791666666666667,0.09917650052091273,2.3891312485515934,-0.025674632202080515
main,3.0,static,3,0,1.2793657053256156,0.013597653924858333,1.2430437757428037,0.8453357116644258,0.0,0.2735532796221515,0.5717824320422745,0.5959648771363419,0.05208333333333333,0.058630132727803264,2.7523825056149223,0.024396991563823946
main,3.0,static,4,0,0.9444504778149432,0.013541141653546088,0.916837869911381,0.6249431631266235,0.0,0.33028570421651365,0.2946574589101098,0.2974533273217294,0.09583333333333333,0.09929968041221658,2.2720327215623035,0.022141198894527814
main,3.0,static,5,0,1.01965430533947,0.013657503306924789,0.9838554055143991,0.6723890713869312,0.0,0.3235364924505939,0.3488525789363374,0.3147439037826864,0.11041666666666668,0.08796167883498397,2.3817204118590913,-0.030682353517168377
main,3.0,static,6,0,0.9385438974204414,0.016202729545794832,1.044462712618571,0.6664031131949358,0.0,0.3236960507483765,0.3427070624465594,0.3032723283307374,0.11979166666666667,0.1065302636985879,2.4053149894096855,-0.07694421447685129
main,3.0,static,7,0,0.8440548430128947,0.013333337547823246,0.8441731868643629,0.567187122475027,0.0,0.3332422190387621,0.2339449034362649,0.24875810093031853,0.109375,0.11728046745921336,2.1414768487025104,0.009028085379982714
main,3.0,static,8,0,1.0008578657756628,0.013345944839043222,0.9938123836918693,0.669338731435525,0.0,0.32342220077487077,0.3459165306606541,0.3252306422920269,0.10520833333333335,0.09179153731700909,2.3833944485695118,-0.11769383071572943
main,3.0,static,9,0,1.1252996302217084,0.014663910593011475,1.04970018556099,0.7298879087919035,0.0,0.31252542538141886,0.41736248341048443,0.4088860266615371,0.07708333333333334,0.07323362386326714,2.500081121914529,-0.01699588983935215
main,3.0,static,10,0,1.057057440963519,0.024717117616678667,1.2864460884273832,0.7894068823358605,0.0,0.28955248144148105,0.4998544008943793,0.5133318548817623,0.08958333333333333,0.0919376053475434,2.7045343067737133,0.00047058120499928374
main,3.0,static,11,0,0.9593030796446274,0.028260795668895826,1.2118935618940456,0.7331524790691895,0.0,0.3101506982052294,0.42300178086396023,0.40389098459035305,0.12083333333333332,0.1093128483400567,2.5860206137000357,-0.006953877971731304
main,3.0,static,12,0,1.017529531086808,0.01949139086755953,0.8664120601823468,0.6344776607122382,0.0,0.3322025241153699,0.30227513659686833,0.27485134011843537,0.09375,0.0836249438935369,2.2536092078165395,0.05475501834236063
main,3.0,static,13,0,0.9607851644108992,0.015692533906705806,0.8685879500116007,0.6150218827764019,0.0,0.3318514392030033,0.28317044357339854,0.27461884806175074,0.10416666666666667,0.09389885956972942,2.228776266659601,0.03108778200364452
main,3.0,static,14,0,1.1958692530367607,0.04078135863828949,0.8629936690789355,0.6998814269179953,0.0,0.3394393991736253,0.36044202774436984,0.3550863969483537,0.055208333333333325,0.05862302905308843,2.323924847989641,-0.026551299410991137
main,3.0,static,15,0,1.0304717953636533,0.014421503693146768,0.9650221591408144,0.6699718193992049,0.0,0.32490504653293245,0.34506677286627246,0.3604706989865286,0.08645833333333335,0.08531832886203891,2.366382586102641,0.08711201335709237
main,3.0,static,16,0,1.2591805750038032,0.013967553886091697,1.2035958689832194,0.8255813326243713,0.0,0.28188007791249836,0.543701254711873,0.5150484370827366,0.05520833333333334,0.0600509202444159,2.708542556147855,-0.004618353449510263
main,3.0,static,17,0,1.0210353799644099,0.0134117242495464,1.0033379798484139,0.6792616946874566,0.0,0.3217055364114287,0.35755615827602805,0.3641173648230902,0.08333333333333333,0.08849209634412532,2.4034587199676127,-0.13414723339760617
main,3.0,static,18,0,1.0420131063034819,0.013630870919768934,1.077300407928256,0.7109814617171689,0.0,0.3129892665006063,0.3979921952165627,0.42286618325262565,0.09791666666666668,0.08759356382649795,2.4924739387965436,0.03311746661624755
main,3.0,static,19,0,0.9421037399899692,0.013827276363475121,0.9854350344307663,0.6471220169280701,0.0,0.3269890112905376,0.3201330056375325,0.2967517679336372,0.1125,0.1030048940491993,2.3444081012826103,0.09207065672303336
main,3.0,static,0,10,1.3936281886026851,0.01342556331280327,0.9120851203500523,0.77304629075518,0.006119064529577283,0.28415240856588053,0.4888938821892997,0.508530641229218,0.05520833333333334,0.061716349884855595,2.5531546318472063,0.03651021350722901
main,3.0,static,1,10,1.3598728079877536,0.014495641219867466,1.1634067240679165,0.8459250577585126,0.0016783277530377696,0.26579950667069935,0.5801255510878132,0.5757426206122083,0.057291666666666664,0.060116533667540176,2.756544870992175,0.07113069012940551
main,3.0,static,2,10,1.051207455567633,0.01778264745920933,0.932722957394631,0.6672376868071578,0.0018579513011418845,0.31690429479039167,0.35033339201676605,0.38234224973237974,0.10208333333333335,0.09917650052091273,2.3891312485515934,0.016287780094915192
main,3.0,static,3,10,1.37904144940596,0.014096410623109384,1.1486033890636351,0.8472470830309018,0.0019113713664755607,0.2655234864772665,0.5817235965536351,0.5867125075805983,0.052083333333333336,0.058630132727803264,2.7523825056149223,0.0678408327185365
main,3.0,static,4,10,1.0520690030513176,0.014946762913243825,0.8167207485778656,0.6279121715141424,0.0029690083875187905,0.3170282269029069,0.31088394461123536,0.2893210678593482,0.10520833333333332,0.09929968041221658,2.2720327215623035,0.07636688681537522
main,3.0,static,5,10,1.1432967517904908,0.015109207929382858,0.869579634714254,0.6759951981447092,0.0036061267577780797,0.309328404038114,0.36666679410659525,0.35968589993131045,0.08645833333333333,0.08796167883498397,2.3817204118590913,0.02914701431713541
main,3.0,static,6,10,0.9902801917000662,0.01981993338718695,0.9914475069281966,0.66718254400515,0.0007794308102141367,0.32091551559541565,0.3462670284097343,0.37175827814356766,0.0875,0.1065302636985879,2.4053149894096855,-0.05045601727419039
main,3.0,static,7,10,0.9437282714325909,0.016192094596744578,0.7501965836069802,0.5700389832121051,0.0028518607370781246,0.32152496877443093,0.2485140144376742,0.24034274205041398,0.12187500000000002,0.11728046745921336,2.1414768487025104,0.062142743045791635
main,3.0,static,8,10,1.1106133745803848,0.015894174741599154,0.8902985992225835,0.6722687161815225,0.0029299847459974054,0.31207418834815825,0.3601945278333642,0.36635561399015304,0.09374999999999999,0.09179153731700909,2.3833944485695118,-0.06394474394805506
main,3.0,static,9,10,1.2615107828547063,0.014032280295468219,0.9259519090678945,0.7338316574060231,0.003943748614119801,0.29615975573673164,0.43767190166929143,0.4114078425479293,0.090625,0.07323362386326714,2.500081121914529,0.045719918187309125
main,3.0,static,10,10,1.0345818333256898,0.02251250902001593,1.31160417764027,0.7895661733286585,0.00015929099279817088,0.28916930129621055,0.500396872032448,0.518308796430011,0.06979166666666667,0.0919376053475434,2.7045343067737133,-0.0106072744204115
main,3.0,static,11,10,0.9328986106754404,0.025133448005196783,1.2420757171279602,0.733369258602866,0.00021677953367628177,0.30954761477049186,0.42382164383237403,0.41138218246951935,0.109375,0.1093128483400567,2.5860206137000357,-0.02063935059535127
main,3.0,static,12,10,1.1960918429224763,0.01344346360143058,0.7159742885326876,0.6418365316855315,0.00735887097329326,0.3025081921362967,0.33932833954923475,0.35230890423059236,0.09062500000000001,0.0836249438935369,2.2536092078165395,0.1401777011613646
main,3.0,static,13,10,1.1216013304926542,0.014313795972565001,0.7281410380124179,0.621352054825879,0.00633017204947699,0.3086215203940488,0.3127305344318302,0.3102783690682104,0.10625,0.09389885956972942,2.228776266659601,0.11044392407407548
main,3.0,static,14,10,1.4772586817425428,0.015242316968902787,0.652262884398187,0.7149212943698775,0.015039867451882353,0.27987671078651777,0.4350445835833597,0.432906118583107,0.05,0.05862302905308843,2.323924847989641,0.09591449932991869
main,3.0,static,15,10,1.1727717331138574,0.014624631219244778,0.8366301097902769,0.6746754913744597,0.0047036719752547645,0.3069570262096961,0.3677184651647636,0.3659589752169116,0.084375,0.08531832886203891,2.366382586102641,0.15532807046803132
main,3.0,static,16,10,1.3833944848415343,0.01423762754587457,1.0881264544599971,0.8285861889491353,0.0030048563247639846,0.27080276964737526,0.55778341930176,0.5418836393215672,0.065625,0.0600509202444159,2.708542556147855,0.04967825048289973
main,3.0,static,17,10,1.1354595172578943,0.015552115783400683,0.8961396661717129,0.682383766404336,0.00312207171687931,0.3095792668323654,0.37280449957197054,0.3649441638836385,0.09270833333333334,0.08849209634412532,2.4034587199676127,-0.07870928393780484
main,3.0,static,18,10,1.1244869942933404,0.016610933124183234,0.996660588521587,0.7125861719797036,0.001604710262534679,0.3064801269881504,0.4061060449915532,0.41357220475884515,0.08020833333333333,0.08759356382649795,2.4924739387965436,0.07298440926839139
main,3.0,static,19,10,1.024247866966268,0.017447559953847308,0.9049706429998692,0.648888689973328,0.0017666730452578472,0.3198709258061206,0.3290177641672075,0.30563409959811694,0.11875,0.1030048940491993,2.3444081012826103,0.13377200195585717
main,3.0,static,0,20,1.5042099968072216,0.016198924161794043,0.8266971202561202,0.7823686804083787,0.015441454182775741,0.275376682365188,0.5069919980431906,0.5106075668507726,0.06145833333333332,0.061716349884855595,2.5531546318472063,0.08266759634262318
main,3.0,static,1,20,1.4194045477056028,0.016841700329157005,1.1096279527338102,0.8486247335895232,0.00437800358404858,0.26325805837516036,0.5853666752143629,0.5635053889164691,0.060416666666666674,0.060116533667540176,2.756544870992175,0.09650493001706525
main,3.0,static,2,20,1.099358105203276,0.021429601274399173,0.8885017719516959,0.6697631594764571,0.004383423970441099,0.31467760828801117,0.35508555118844587,0.3477053640556592,0.11041666666666668,0.09917650052091273,2.3891312485515934,0.03964336253034728
main,3.0,static,3,20,1.4479006334789508,0.01655357863127301,1.0874959067417707,0.8506500396173315,0.005314327952905583,0.26227053040682896,0.5883795092105026,0.5999805659537073,0.05937500000000001,0.058630132727803264,2.7523825056149223,0.09692780858279706
main,3.0,static,4,20,1.1304491931424454,0.019405281463822203,0.750521837090383,0.6334587705655503,0.008515607438926789,0.31128157531012357,0.32217719525542665,0.32159801917156294,0.09999999999999999,0.09929968041221658,2.2720327215623035,0.11410668434906716
main,3.0,static,5,20,1.2208895987620745,0.019421525839384664,0.8044875894211252,0.6815995713408614,0.00921049995393028,0.304249192758407,0.3773503785824545,0.3857000001948862,0.08229166666666667,0.08796167883498397,2.3817204118590913,0.06502802839976618
main,3.0,static,6,20,1.0204844205477277,0.022484851259362344,0.9617008076400605,0.6682233598157168,0.0018202466207810452,0.3199189069902433,0.3483044528254736,0.3451811424076245,0.090625,0.1065302636985879,2.4053149894096855,-0.03529640612400764
main,3.0,static,7,20,1.0127553529398639,0.021155404847020977,0.6910824324103892,0.574997730065758,0.007810607590731007,0.31684310866844656,0.2581546213973115,0.23941156823319626,0.11770833333333333,0.11728046745921336,2.1414768487025104,0.09728953671784293
main,3.0,static,8,20,1.179262142642236,0.020184400706705345,0.8309178068882241,0.6767881167457217,0.007449385310196681,0.3080222391727972,0.36876587757292467,0.354181898050781,0.09479166666666668,0.09179153731700909,2.3833944485695118,-0.0316781581450917
main,3.0,static,9,20,1.3575387926514502,0.018025526179419677,0.8471420196773041,0.7409021128360579,0.01101420404415465,0.289570941202897,0.4513311716331609,0.43084682543950414,0.07395833333333332,0.07323362386326714,2.500081121914529,0.08789996204291786
main,3.0,static,10,20,1.0225251558384465,0.021411978298101646,1.3252927420432656,0.7897432920599379,0.0003364097240774742,0.2890532231607462,0.5006900688991918,0.4887327395907743,0.09062500000000001,0.0919376053475434,2.7045343067737133,-0.016594676019644147
main,3.0,static,11,20,0.917079211122552,0.023454561571701442,1.260631869922152,0.7337218808721351,0.0005694018029454951,0.309402182194026,0.4243196986781091,0.41393255559278314,0.12083333333333335,0.1093128483400567,2.5860206137000357,-0.028953076448288612
main,3.0,static,12,20,1.3053202132137873,0.01656831002283026,0.636112019100384,0.6526668474456673,0.018189186733428963,0.2920424225707143,0.360624424874953,0.37155829441715593,0.08541666666666667,0.0836249438935369,2.2536092078165395,0.18927382773384704
main,3.0,static,13,20,1.2026748226544697,0.018099205908103794,0.6656585677243968,0.62881086542899,0.013788982652588103,0.3019945448453412,0.32681632058364884,0.32017373257810916,0.10520833333333332,0.09389885956972942,2.228776266659601,0.14825820727065792
main,3.0,static,14,20,1.6621623600348212,0.014340453053895603,0.5392513417020673,0.7385847182635947,0.038703291345599536,0.25837792369091445,0.4802067945726802,0.4909076746128197,0.057291666666666664,0.05862302905308843,2.323924847989641,0.17005172129922336
main,3.0,static,15,20,1.2595777346399972,0.019067047695132486,0.7665348939925996,0.6817265587759096,0.011754739376704765,0.3008784914602146,0.380848067315695,0.40972220192525854,0.07708333333333334,0.08531832886203891,2.366382586102641,0.1948681489032088
main,3.0,static,16,20,1.4624908038290232,0.017298039130248827,1.0201840854483917,0.8333243094692213,0.007742976844850077,0.26690189531454434,0.566422414154677,0.5586578015663319,0.06770833333333334,0.0600509202444159,2.708542556147855,0.0829876241171077
main,3.0,static,17,20,1.2079048559975034,0.01982901685371193,0.8340360892791379,0.6872566540434513,0.00799495935599442,0.3051947539798916,0.38206190006355956,0.3790423750019788,0.08333333333333334,0.08849209634412532,2.4034587199676127,-0.0450524231277436
main,3.0,static,18,20,1.1718373024532482,0.019680978540207186,0.9531520438173555,0.7148901082702703,0.003908646553101347,0.30426442422057565,0.4106256840496946,0.43137426165731585,0.08645833333333333,0.08759356382649795,2.4924739387965436,0.09519140054085723
main,3.0,static,19,20,1.0768090490152313,0.02144537585586206,0.856965975524498,0.6517401334651971,0.004618116537126834,0.317227556983681,0.33451257648151617,0.34416787688919986,0.10625,0.1030048940491993,2.3444081012826103,0.1595623556884013
main,3.0,static,0,30,1.5755583959884827,0.020164396623998205,0.7755595774204818,0.7904274566776542,0.02350023045205136,0.27212369184578244,0.5183037648318718,0.5308735009813331,0.058333333333333334,0.061716349884855595,2.5531546318472063,0.11151709396022176
main,3.0,static,1,30,1.4524747736112986,0.018670262810951417,1.0807944151273239,0.850646483849858,0.006399753844383231,0.2624164793163008,0.5882300045335571,0.5825005938054455,0.06145833333333332,0.060116533667540176,2.756544870992175,0.11036737694034178
main,3.0,static,2,30,1.120584050867659,0.023310405183648575,0.8695749570232006,0.6711564710248362,0.005776735518820247,0.3140052218954823,0.35715124912935386,0.3818545456629652,0.10520833333333335,0.09917650052091273,2.3891312485515934,0.049795711557941956
main,3.0,static,3,30,1.4965510224497451,0.019196914669253363,1.0460980764763914,0.8539486711984633,0.008612959534037398,0.2609575711949684,0.592991100003495,0.6134379307735882,0.0625,0.058630132727803264,2.7523825056149223,0.11708090208128434
main,3.0,static,4,30,1.1822832788399182,0.023785406843599748,0.7095434794799973,0.6385373883878385,0.013594225261214959,0.3091104995478549,0.32942688883998344,0.3387335974362515,0.08958333333333332,0.09929968041221658,2.2720327215623035,0.13833371841416217
main,3.0,static,5,30,1.2620399217344915,0.022659857135422172,0.7718192798432912,0.6855063529044018,0.01311728151747052,0.3026287767032961,0.3828775762011057,0.39267045950178425,0.08333333333333334,0.08796167883498397,2.3817204118590913,0.08359122280707725
main,3.0,static,6,30,1.0506563461137306,0.02553768922719833,0.9328365985274104,0.6696768779561131,0.0032737647611772933,0.3193660898503466,0.35031078810576644,0.3668801941981751,0.109375,0.1065302636985879,2.4053149894096855,-0.02036811604798127
main,3.0,static,7,30,1.055102138385547,0.025311196576681565,0.6570390691505796,0.5791508013709361,0.011963678895909043,0.31524902596458027,0.26390177540635584,0.24927045104319911,0.12083333333333335,0.11728046745921336,2.1414768487025104,0.1182419556892917
main,3.0,static,8,30,1.2184042280299787,0.0234905412118891,0.7987708276044889,0.6802218656154523,0.010883134179927235,0.30668331285709094,0.3735385527583614,0.3719322971941265,0.11041666666666665,0.09179153731700909,2.3833944485695118,-0.013711567344367959
main,3.0,static,9,30,1.4082495352261348,0.021479525945623256,0.8080794061438556,0.7459361557718713,0.016048246979968123,0.28759141035211566,0.45834474541975556,0.4471724268648458,0.07916666666666666,0.07323362386326714,2.500081121914529,0.10955798993793935
main,3.0,static,10,30,1.013952786215633,0.020677448249271348,1.335138077116381,0.789922770527095,0.0005158881912346173,0.2890229536157277,0.5008998169113672,0.5134286962996641,0.08229166666666668,0.0919376053475434,2.7045343067737133,-0.02087796048132211
main,3.0,static,11,30,0.911587389282235,0.022913130861329425,1.2671744366495707,0.7338916522643784,0.000739173195188791,0.30939759171766273,0.4244940605467156,0.4414431526156445,0.10833333333333335,0.1093128483400567,2.5860206137000357,-0.0318635928044972
main,3.0,static,12,30,1.3794625578962747,0.021146143438929812,0.5862811208814444,0.6622966074055496,0.02781894669331141,0.2877098586271304,0.37458674877841924,0.3830174375066172,0.07395833333333332,0.0836249438935369,2.2536092078165395,0.22146265545152827
main,3.0,static,13,30,1.2606090725176504,0.02237051383054759,0.6239185203830201,0.6356327022437394,0.020610819467337352,0.29903628746339816,0.3365964147803412,0.34064730265019305,0.09166666666666667,0.09389885956972942,2.228776266659601,0.17451355771094723
main,3.0,static,14,30,1.7788406638687697,0.019108438162492806,0.4764958840998202,0.758148328710361,0.058266901792365655,0.2507404218020861,0.5074079069082748,0.515122703801594,0.046875000000000014,0.05862302905308843,2.323924847989641,0.2147044267106751
main,3.0,static,15,30,1.3142036409001585,0.023250588382063328,0.7250689587149735,0.6875077293323985,0.017535909933193556,0.29861863039909864,0.3888890989332999,0.38912671885945,0.08541666666666667,0.08531832886203891,2.366382586102641,0.21908388805546336
main,3.0,static,16,30,1.506733514006322,0.019899724241003013,0.9839011347657364,0.8368447910043539,0.011263458379982574,0.26569123582030935,0.5711535551840445,0.5863814054649865,0.03854166666666666,0.0600509202444159,2.708542556147855,0.1012294852301655
main,3.0,static,17,30,1.2498960955053093,0.023238192954524832,0.7998751537958319,0.6910031474185553,0.011741452731098665,0.30370173145933854,0.38730141595921685,0.3826631202514752,0.08645833333333333,0.08849209634412532,2.4034587199676127,-0.02600326808984014
main,3.0,static,18,30,1.2056300813570968,0.022373046935686487,0.9231291471820967,0.7170440918249599,0.006062630107790993,0.3032439915175616,0.4138001003073982,0.4278916426899636,0.07291666666666667,0.08759356382649795,2.4924739387965436,0.11078871555277489
main,3.0,static,19,30,1.1050576852939242,0.024080991248714063,0.8321747299203126,0.6537711354876503,0.0066491185595800835,0.3163605156097127,0.3374106198779375,0.32372981862004424,0.10208333333333335,0.1030048940491993,2.3444081012826103,0.1731645608322139
main,3.0,static,0,40,1.6163614123902021,0.02310159668880502,0.7475316538482935,0.7956648876424335,0.028737661416830602,0.2710044787091257,0.5246604089333078,0.519861930652618,0.05625,0.061716349884855595,2.5531546318472063,0.12772906086921074
main,3.0,static,1,40,1.4852345841983903,0.02082224015782281,1.0529063644013292,0.8529877295858475,0.008740999580372614,0.2619524868956472,0.5910352426902001,0.5817841446433374,0.06875,0.060116533667540176,2.756544870992175,0.12394858284388018
main,3.0,static,2,40,1.1364955418578726,0.024813239991686005,0.8555798528862697,0.6722962115786093,0.006916476072593433,0.31360638848668054,0.35868982309192887,0.35832184363333797,0.1,0.09917650052091273,2.3891312485515934,0.05735738820170379
main,3.0,static,3,40,1.5283473578966498,0.0213993672448931,1.0199711961778115,0.8565726404397849,0.011236928775358942,0.2606151500878945,0.5959574903518905,0.5942892155342692,0.05,0.058630132727803264,2.7523825056149223,0.13004431204711814
main,3.0,static,4,40,1.2146816430388045,0.027078563785836396,0.6850166601876342,0.6422589556707583,0.017315792544134907,0.30838557105016773,0.33387338462059063,0.32918984256563577,0.09999999999999999,0.09929968041221658,2.2720327215623035,0.15319302294760417
main,3.0,static,5,40,1.2917654508957754,0.02538571515982966,0.7489736114889233,0.6887082591815095,0.016319187794578367,0.3018943949772314,0.38681386420427816,0.3845779799587033,0.08437499999999999,0.08796167883498397,2.3817204118590913,0.09681131814064872
main,3.0,static,6,40,1.0636545449135735,0.027027540789355466,0.9207820246263513,0.6704880367764267,0.0040849235814909846,0.3193258334821053,0.35116220329432146,0.36796190594226796,0.1,0.1065302636985879,2.4053149894096855,-0.014033096654798408
main,3.0,static,7,40,1.068535239357762,0.02681686687547563,0.6466147599283378,0.5806556220538586,0.01346849957883139,0.3149589527643516,0.2656966692895069,0.28168730747535986,0.1,0.11728046745921336,2.1414768487025104,0.12478560644058323
main,3.0,static,8,40,1.247592270897251,0.02634842356483346,0.7755798269759707,0.6831735071460183,0.013834775710493389,0.3061282712479456,0.3770452358980728,0.37103764621735336,0.09375,0.09179153731700909,2.3833944485695118,-0.0005107651545941741
main,3.0,static,9,40,1.4428601472417713,0.02441902982356318,0.7825246004812699,0.7499345925155347,0.020046683723631546,0.28688940350559816,0.4630451890099366,0.47749540820366454,0.07500000000000001,0.07323362386326714,2.500081121914529,0.12407303483412205
main,3.0,static,10,40,1.0129434130434736,0.020568082705732498,1.3362435819755398,0.789918359241582,0.0005114769057215846,0.2889944572734508,0.5009239019681311,0.48995022993857446,0.09583333333333334,0.0919376053475434,2.7045343067737133,-0.02136980375709645
main,3.0,static,11,40,0.9073506880918947,0.022419789919146445,1.2720378349448729,0.733936104318638,0.0007836252494484261,0.3093101957480787,0.4246259085705592,0.4225926962772875,0.12395833333333335,0.1093128483400567,2.5860206137000357,-0.03406445147272205
main,3.0,static,12,40,1.4254727632584523,0.025035163218234503,0.5572257521958863,0.6692445595575244,0.034766898845286096,0.2862036489428493,0.38304091061467516,0.3814119461371171,0.08020833333333334,0.0836249438935369,2.2536092078165395,0.24095293233710283
main,3.0,static,13,40,1.298989872038905,0.025921596152239802,0.5976061171437218,0.6408391951116222,0.0258173123352202,0.29789504942543427,0.3429441456861879,0.34937193372496345,0.08854166666666667,0.09389885956972942,2.228776266659601,0.1915544875917684
main,3.0,static,14,40,1.8390088916084355,0.023001979176080035,0.4464349102080871,0.7694819269975343,0.06960050007953898,0.2483957990572636,0.5210861279402705,0.5488975616053204,0.04791666666666667,0.05862302905308843,2.323924847989641,0.23715827222842623
main,3.0,static,15,40,1.350934382727738,0.026626168738485983,0.6982586898439058,0.6919397471033766,0.021967927704171743,0.29773349254202636,0.3942062545613503,0.3939815502471705,0.07291666666666666,0.08531832886203891,2.366382586102641,0.2350966162530385
main,3.0,static,16,40,1.5420348547673168,0.022434686385619945,0.9558386585252336,0.8401027332260569,0.01452140060168559,0.26522635042170284,0.574876382804354,0.5497560105783802,0.057291666666666664,0.0600509202444159,2.708542556147855,0.11558359219421462
main,3.0,static,17,40,1.2697461142158026,0.025091547810488175,0.7842038713086813,0.6930138444449907,0.013752149757534086,0.30326844809675413,0.3897453963482367,0.38892640169703274,0.08229166666666667,0.08849209634412532,2.4034587199676127,-0.01711775991176178
main,3.0,static,18,40,1.2168158853837248,0.023404622077825437,0.9134794472845293,0.7178999849153598,0.006918523198190908,0.30306345332621665,0.414836531589143,0.41218532667605484,0.08229166666666668,0.08759356382649795,2.4924739387965436,0.11588116212475501
main,3.0,static,19,40,1.1251321753417334,0.02614306376036875,0.8149487975462255,0.6554080122161092,0.008285995288039036,0.3159593364631188,0.3394486757529904,0.3340766411490329,0.09062500000000001,0.1030048940491993,2.3444081012826103,0.18273034378123826
main,3.0,static,0,50,1.6587515024175232,0.026598993734931842,0.7192241893268545,0.8015248951597697,0.034597668934166874,0.2703354573728871,0.5311894377868827,0.5210479552718954,0.06562499999999999,0.061716349884855595,2.5531546318472063,0.14438067735629367
main,3.0,static,1,50,1.4922752414527145,0.021353037702706114,1.0470480664853465,0.8535587818802556,0.009312051874780982,0.261926904116021,0.5916318777642348,0.5793539456582932,0.05937500000000001,0.060116533667540176,2.756544870992175,0.126837116129565
main,3.0,static,2,50,1.1525042954662195,0.026529487536355773,0.8419230924595595,0.6736522918207115,0.008272556314695598,0.3134362974181839,0.3602159944025276,0.36962671170242045,0.08854166666666666,0.09917650052091273,2.3891312485515934,0.06485810915139419
main,3.0,static,3,50,1.5274839440441923,0.02133143367804436,1.0206647519330612,0.8564933765517659,0.011157664887339977,0.26061562244306574,0.5958777541087003,0.5753549991422061,0.071875,0.058630132727803264,2.7523825056149223,0.12969585702663503
main,3.0,static,4,50,1.223627571260398,0.02801896107905682,0.6783050356893999,0.6433171893429517,0.018374026216328068,0.3082207741086072,0.3350964152343444,0.33588134652042084,0.10208333333333333,0.09929968041221658,2.2720327215623035,0.15728014800971496
main,3.0,static,5,50,1.3025865507358085,0.026453684353991935,0.7408043408544163,0.6899481919814056,0.01755912059447448,0.30171241671161525,0.38823577526979036,0.4159859301399821,0.08229166666666668,0.08796167883498397,2.3817204118590913,0.10158683248989894
main,3.0,static,6,50,1.0735792786857998,0.028129669125049946,0.911500635741158,0.6710698611840024,0.0046667479890667145,0.3192549403346622,0.3518149208493403,0.34185046590552814,0.109375,0.1065302636985879,2.4053149894096855,-0.009176502099169882
main,3.0,static,7,50,1.0847967976432549,0.028682845880486852,0.6340820833710659,0.5825205756316024,0.015333453156575486,0.314657594258427,0.26786298137317555,0.2405458610557071,0.121875,0.11728046745921336,2.1414768487025104,0.13268333779222435
main,3.0,static,8,50,1.2571788870484197,0.02732679292873552,0.7680419089775139,0.6841825296515565,0.014843798216031262,0.3059908368659549,0.3781916927856015,0.37110088024526877,0.1,0.09179153731700909,2.3833944485695118,0.0038050369833238173
main,3.0,static,9,50,1.4614234738540044,0.02609076716459579,0.7689990743974673,0.7521711051386892,0.022283196346785928,0.2866189636668247,0.4655521414718645,0.45332115435978526,0.06979166666666667,0.07323362386326714,2.500081121914529,0.13181454408518375
main,3.0,static,10,50,1.0085912577961724,0.0202115478946466,1.3412805136796364,0.790027773123485,0.0006208907876246046,0.28899694456723046,0.5010308285562546,0.4984293296841821,0.10208333333333333,0.0919376053475434,2.7045343067737133,-0.023553361964387814
main,3.0,static,11,50,0.9048540032262171,0.02217960046670584,1.2750266848362257,0.7340200961763829,0.0008676171071932846,0.3093147096925787,0.42470538648380424,0.41655742359488357,0.10729166666666667,0.1093128483400567,2.5860206137000357,-0.03539112781718483
main,3.0,static,12,50,1.4554659910940777,0.027864102998655355,0.5388085934708087,0.6740462291878473,0.03956856847560905,0.28555316227207433,0.388493066915773,0.3738549352557601,0.09166666666666666,0.0836249438935369,2.2536092078165395,0.25352236713028503
main,3.0,static,13,50,1.3309914535250302,0.029251008437631464,0.5763516114483169,0.6455313578036594,0.03050947502725751,0.29736169697675574,0.34816966082690365,0.3443919893856721,0.10104166666666665,0.09389885956972942,2.228776266659601,0.2055827503560404
main,3.0,static,14,50,1.8849850820220375,0.02662146593490744,0.42449758964807816,0.7787013792016741,0.07881995228367904,0.2473199588576121,0.5313814203440621,0.5661035835397855,0.049999999999999996,0.05862302905308843,2.323924847989641,0.2540587817796366
main,3.0,static,15,50,1.37111858422339,0.028687203805947425,0.6839185700316606,0.6945747860203326,0.024602966621127757,0.2974795124249993,0.3970952735953333,0.38796654910630857,0.09479166666666666,0.08531832886203891,2.366382586102641,0.24379695902742374
main,3.0,static,16,50,1.555192129884531,0.023517580683550667,0.9456464245130792,0.8414520450270537,0.015870712402682362,0.2652038036191463,0.5762482414079074,0.5609363018882265,0.06979166666666667,0.0600509202444159,2.708542556147855,0.12087306759928822
main,3.0,static,17,50,1.2919983196111748,0.02735478783447536,0.7670024276652342,0.6954518450369613,0.016190150349504714,0.30299191005204495,0.39245993498491655,0.38144895056534733,0.1,0.08849209634412532,2.4034587199676127,-0.007248591008323121
main,3.0,static,18,50,1.234040215094416,0.02499107353773538,0.8986163504297284,0.7192158796872932,0.008234417970124367,0.3027832065906462,0.4164326730966471,0.4083199338825508,0.08541666666666667,0.08759356382649795,2.4924739387965436,0.12372371328222198
main,3.0,static,19,50,1.1399765985832317,0.027769881243948254,0.8024219766342469,0.6567228188204755,0.009600801892405331,0.31577860705656446,0.3409442117639111,0.3225690721011031,0.11874999999999998,0.1030048940491993,2.3444081012826103,0.18974976510723415
main,3.0,static,0,60,1.6668442799380299,0.027343654198654734,0.7139598586958672,0.802715930944184,0.03578870471858113,0.2702929434952508,0.5324229874489331,0.53074452694959,0.06458333333333333,0.061716349884855595,2.5531546318472063,0.14752671888113558
main,3.0,static,1,60,1.5138438392649014,0.023029769261438605,1.0292019453159655,0.8553585179474353,0.011111787941960502,0.261903530988143,0.5934549869592922,0.576018818128645,0.06979166666666665,0.060116533667540176,2.756544870992175,0.13566346882410393
main,3.0,static,2,60,1.1605921965579218,0.027361567339382477,0.8349508167483913,0.6743015268818984,0.008921791375882632,0.3133107469913485,0.36099077989055,0.3689791434913927,0.11041666666666668,0.09917650052091273,2.3891312485515934,0.06866597115297095
main,3.0,static,3,60,1.5266344897895576,0.02126104721635015,1.0213401436084841,0.8564118935381305,0.011076181873704651,0.26061223054007576,0.5957996629980549,0.6015353976103258,0.05937500000000001,0.058630132727803264,2.7523825056149223,0.12935459139295666
main,3.0,static,4,60,1.2373720163068982,0.029521078876147706,0.6681054243034097,0.6449995064954852,0.020056343368861706,0.3080327916965544,0.33696671479893087,0.3214104642253144,0.109375,0.09929968041221658,2.2720327215623035,0.1635303171699249
main,3.0,static,5,60,1.3244219362487288,0.028735416213675848,0.7245667075092318,0.692574686657212,0.020185615270280892,0.30148817991357435,0.3910865067436379,0.39951409163365575,0.08229166666666667,0.08796167883498397,2.3817204118590913,0.11116106634278282
main,3.0,static,6,60,1.0797516758996402,0.028884651523208505,0.905879744205478,0.6715053572094422,0.005102244014506325,0.3192896429914702,0.35221571421797193,0.3551720652740541,0.103125,0.1065302636985879,2.4053149894096855,-0.006194368591251694
main,3.0,static,7,60,1.0927288256037098,0.029662955613766077,0.6281087892780761,0.583500190165184,0.01631306769015693,0.3145910525959442,0.26890913756923973,0.29123054884282207,0.10416666666666667,0.11728046745921336,2.1414768487025104,0.13649731300413218
main,3.0,static,8,60,1.2698963832695618,0.028702886404738864,0.7581977566523951,0.6855990087755653,0.016260277340040173,0.3058968540326425,0.37970215474292274,0.40556074581919993,0.08333333333333334,0.09179153731700909,2.3833944485695118,0.009491125152504068
main,3.0,static,9,60,1.4717710129041217,0.02700745569732816,0.7614308822400621,0.7534031169471707,0.023515208155267458,0.2864513029197497,0.4669518140274211,0.4749313278884828,0.07083333333333333,0.07323362386326714,2.500081121914529,0.13613675529654656
main,3.0,static,10,60,1.0071061483947363,0.020081696430113778,1.3429800497705053,0.7900559648651184,0.0006490825292580076,0.2889888683225689,0.5010670965425494,0.5316127606575425,0.08958333333333332,0.0919376053475434,2.7045343067737133,-0.02429399402350408
main,3.0,static,11,60,0.9111033283473787,0.0227664083935503,1.2675104446921115,0.7337933938110136,0.0006409147418239908,0.30928745158385523,0.42450594222715843,0.4325879148480191,0.11354166666666668,0.1093128483400567,2.5860206137000357,-0.03206192645132097
main,3.0,static,12,60,1.474305077417198,0.029842825277369513,0.527600260944404,0.6772493878796573,0.04277172716741899,0.28537226982009223,0.39187711805956504,0.3605692179914895,0.103125,0.0836249438935369,2.2536092078165395,0.2613239795272229
main,3.0,static,13,60,1.3445202700617027,0.03075360712379841,0.5675427631286374,0.6476055467713795,0.03258366399497758,0.29724410258049666,0.3503614441908829,0.35286262824828585,0.096875,0.09389885956972942,2.228776266659601,0.211466746885433
main,3.0,static,14,60,1.9084897632615103,0.028636589445470907,0.41354653687823467,0.7835576298617386,0.08367620294374345,0.24695292108025474,0.536604708781484,0.5301437079082347,0.059375,0.05862302905308843,2.323924847989641,0.262633209067672
main,3.0,static,15,60,1.3741123158708206,0.029039526437443546,0.6818804627930424,0.6950107683671022,0.02503894896789735,0.297494427021064,0.39751634134603825,0.4143740667158132,0.075,0.08531832886203891,2.366382586102641,0.24506501358825572
main,3.0,static,16,60,1.555284637341344,0.023451390393093095,0.9454320413264578,0.8413893563536317,0.0158080237292603,0.26512308413543123,0.5762662722182003,0.5726768870602669,0.059375,0.0600509202444159,2.708542556147855,0.12094258899699725
main,3.0,static,17,60,1.2892990509511948,0.027084601775104987,0.769097612876686,0.6951604218676619,0.01589872718020524,0.303030360813113,0.39213006105454895,0.39736993949254373,0.08958333333333333,0.08849209634412532,2.4034587199676127,-0.008447904030303606
main,3.0,static,18,60,1.2503023716858905,0.026651390516500756,0.8849169323893958,0.7206235648639291,0.009642103146760133,0.302700497615467,0.4179230672484621,0.44026750959133604,0.1,0.08759356382649795,2.4924739387965436,0.13104668077943188
main,3.0,static,19,60,1.14364980305318,0.02822990476463408,0.7994412710177277,0.6571069929451806,0.009984976017110365,0.3157992185279995,0.34130777441718113,0.3579802019299132,0.075,0.1030048940491993,2.3444081012826103,0.19145617633575976
main,3.0,static,0,70,1.6657751308874,0.02726618433531814,0.7146933437151497,0.8025782196459559,0.0356509934203531,0.27032170825026125,0.5322565113956947,0.5402077872132792,0.06770833333333333,0.061716349884855595,2.5531546318472063,0.14710213883179285
main,3.0,static,1,70,1.508741265442117,0.02260778096764656,1.0333737131232625,0.8549075865110088,0.010660856505534066,0.26188157983981186,0.593026006671197,0.600028937981728,0.06458333333333334,0.060116533667540176,2.756544870992175,0.1335866149900064
main,3.0,static,2,70,1.160179114480517,0.027327659001398708,0.8353247473780939,0.6742771736200031,0.00889743811398723,0.3133268823659637,0.36095029125403955,0.3552313688245818,0.084375,0.09917650052091273,2.3891312485515934,0.06846698040927782
main,3.0,static,3,70,1.5327233465153411,0.021698979327561648,1.0163686157596856,0.8569303138675295,0.011594602203103509,0.26056422137088203,0.5963660924966472,0.6087717065549997,0.051041666666666666,0.058630132727803264,2.7523825056149223,0.13182994255871544
main,3.0,static,4,70,1.236744192182676,0.029473074360655806,0.668611635657023,0.6449429674001182,0.019999804273494775,0.30806483350085245,0.3368781338992658,0.3451042107300327,0.08645833333333333,0.09929968041221658,2.2720327215623035,0.1632342974211352
main,3.0,static,5,70,1.330222396328604,0.02936001295995384,0.7202892176672309,0.6932905423185962,0.020901470931665063,0.3014494453192915,0.39184109699930464,0.410665624285634,0.07708333333333332,0.08796167883498397,2.3817204118590913,0.11369537153327228
main,3.0,static,6,70,1.0834177638429832,0.029295235675985985,0.9024588547742688,0.6717239514310794,0.005320838236143601,0.3192673872181917,0.35245656421288774,0.35776110716558096,0.10208333333333333,0.1065302636985879,2.4053149894096855,-0.0044023059065005565
main,3.0,static,7,70,1.1009391791306675,0.03067910796003932,0.6219292030696044,0.5845158300534371,0.0173287075784101,0.3145240764500382,0.269991753603399,0.27886877396639603,0.103125,0.11728046745921336,2.1414768487025104,0.14044420997213009
main,3.0,static,8,70,1.2577053039500643,0.027440434087905103,0.767747183958761,0.6842976406655769,0.014958909230051725,0.3060509738992497,0.3782466667663272,0.35875829134782755,0.1,0.09179153731700909,2.3833944485695118,0.004011984864335992
main,3.0,static,9,70,1.4692781969701665,0.026762731678043432,0.763208753281666,0.7530832273099587,0.023195318518055445,0.28646506214586476,0.4666181651640938,0.48689861223456454,0.065625,0.07323362386326714,2.500081121914529,0.13510644227654361
main,3.0,static,10,70,1.0062523622840416,0.020011903220415964,1.343968525114382,0.7900775968729465,0.000670714537086137,0.28898951993765093,0.5010880769352957,0.49284586527260876,0.090625,0.0919376053475434,2.7045343067737133,-0.02472243665481955
main,3.0,static,11,70,0.9035891045100225,0.02205145069108265,1.2765252199772161,0.7340552583927736,0.0009027793235841456,0.309309833523272,0.4247454248695017,0.43088603311448476,0.09999999999999999,0.1093128483400567,2.5860206137000357,-0.03605946417639131
main,3.0,static,12,70,1.4831299777076492,0.030796008160446357,0.5223967102843583,0.6787742320508181,0.044296571338579754,0.2853171780998408,0.39345705395097724,0.3648680212187173,0.10208333333333333,0.0836249438935369,2.2536092078165395,0.26496637348436514
main,3.0,static,13,70,1.3484393678634141,0.031228034946550597,0.5650636828425059,0.6482436952174904,0.03322181244108834,0.2972544584447556,0.3509892367727347,0.3760289542065439,0.08229166666666668,0.09389885956972942,2.228776266659601,0.21315210020707154
main,3.0,static,14,70,1.930589513991706,0.03066019714891501,0.4034567817661506,0.7882354976355905,0.08835407071759536,0.24675104739723214,0.5414844502383585,0.5667018787425722,0.046875,0.05862302905308843,2.323924847989641,0.27064367772312986
main,3.0,static,15,70,1.3876199108562264,0.030521974825634048,0.6724803596925856,0.696874081791482,0.026902262392277186,0.2974408084598857,0.39943327333159645,0.37552220002012854,0.10208333333333333,0.08531832886203891,2.366382586102641,0.25083789537039647
main,3.0,static,16,70,1.5617615842300299,0.023986805312110487,0.9404192185081415,0.842055869350094,0.016474536725722633,0.26511453628423015,0.5769413330658638,0.5666348998734918,0.06041666666666666,0.0600509202444159,2.708542556147855,0.12354542119952536
main,3.0,static,17,70,1.2929354865454759,0.027440016539377565,0.7662580632505652,0.6955445221118063,0.016282827424349555,0.30296889233244684,0.3925756297793594,0.381481036722916,0.0875,0.08849209634412532,2.4034587199676127,-0.006827962820469463
main,3.0,static,18,70,1.2479180654325945,0.02653762595929206,0.8871915599613105,0.720549083784399,0.00956762206723008,0.30285776829838984,0.4176913154860091,0.41781566608113796,0.09270833333333332,0.08759356382649795,2.4924739387965436,0.1299079815824461
main,3.0,static,19,70,1.1397352288095166,0.02774840634039128,0.8026359689200019,0.65670653468997,0.009584517761899775,0.3157872034303621,0.34091933125960794,0.35374843621922136,0.09791666666666668,0.1030048940491993,2.3444081012826103,0.18963298641301876
main,3.0,static,0,80,1.6737005308638484,0.027982699179387747,0.7095147256661936,0.8037326519031434,0.036805425677540374,0.270265964111225,0.5334666877919182,0.5290209600058045,0.06354166666666666,0.061716349884855595,2.5531546318472063,0.1501885692464171
main,3.0,static,1,80,1.5024452846702308,0.022114052139168814,1.0385745988040143,0.8543779785378046,0.010131248532329976,0.26188375398977737,0.5924942245480272,0.6020268289295232,0.05729166666666667,0.060116533667540176,2.756544870992175,0.1310120590673713
main,3.0,static,2,80,1.1675917132929832,0.02819495671354081,0.8291519245164141,0.6749795315076461,0.00959979600163014,0.3133303249819222,0.3616492065257238,0.3777382045055039,0.10104166666666665,0.09917650052091273,2.3891312485515934,0.0719019607315883
main,3.0,static,3,80,1.534844945628354,0.021862015663062312,1.0146567789289793,0.8571212467401319,0.011785535075706004,0.26055883455994683,0.596562412180185,0.5653435629161508,0.06979166666666667,0.058630132727803264,2.7523825056149223,0.13268787838076224
main,3.0,static,4,80,1.2405012233736967,0.029870859316140953,0.6657985123508116,0.645390198346883,0.020447035220259577,0.30799886163546697,0.337391336711416,0.3436459852982262,0.10104166666666665,0.09929968041221658,2.2720327215623035,0.16494931914822622
main,3.0,static,5,80,1.3432622617071517,0.030845265940464977,0.7108310382542502,0.6949795219672888,0.02259045058035782,0.3014538754809507,0.39352564648633837,0.4085190281642184,0.08229166666666665,0.08796167883498397,2.3817204118590913,0.11935296183021035
main,3.0,static,6,80,1.0790433764308167,0.028747902790191664,0.9064156660288575,0.6714023150832886,0.004999201888352794,0.3192288855624539,0.3521734295208347,0.33339335212196014,0.10625,0.1065302636985879,2.4053149894096855,-0.0065089910927056795
main,3.0,static,7,80,1.1107017647992619,0.0320102322772763,0.6148270642635226,0.5858463537800203,0.018659231304993314,0.31458579561846123,0.27126055816155914,0.26311850372040835,0.13229166666666664,0.11728046745921336,2.1414768487025104,0.14506989507707413
main,3.0,static,8,80,1.2650003485028085,0.028164079803594623,0.7619696312013988,0.6850446865026008,0.015705955067075554,0.3059228327622451,0.3791218537403557,0.3707661139296464,0.10312500000000002,0.09179153731700909,2.3833944485695118,0.0073065996507085725
main,3.0,static,9,80,1.4796911120283245,0.02775142415083301,0.7557185281757339,0.7543870214516306,0.024499112659727342,0.28637016741150356,0.46801685404012694,0.4479308207422637,0.07708333333333334,0.07323362386326714,2.500081121914529,0.1394256158698234
main,3.0,static,10,80,1.0052154059264413,0.01994483258174084,1.3452106494385627,0.7901236293155816,0.0007167469797211947,0.28900959731962644,0.5011140319959552,0.48514055611785467,0.07916666666666666,0.0919376053475434,2.7045343067737133,-0.025252467461174145
main,3.0,static,11,80,0.9055572401856974,0.022246008176422034,1.2741817914678613,0.7339950132766603,0.0008425342074706487,0.3093120570887776,0.4246829561878826,0.42321489804718854,0.10520833333333335,0.1093128483400567,2.5860206137000357,-0.03501671256414775
main,3.0,static,12,80,1.484207251076548,0.030960097946339103,0.5218465686382064,0.6790046392203644,0.044526978508126196,0.28536429978750655,0.3936403394328579,0.4075546236003723,0.07083333333333333,0.0836249438935369,2.2536092078165395,0.26538892096573
main,3.0,static,13,80,1.3526858725094715,0.031710847989400416,0.5623194541840294,0.648905391560967,0.033883508784565024,0.29723022037846186,0.35167517118250513,0.365612434334306,0.090625,0.09389885956972942,2.228776266659601,0.2149935393532984
main,3.0,static,14,80,1.9358866066361593,0.03117958940031264,0.40109344807721914,0.789386548037897,0.0895051211199018,0.24674082181911486,0.5426457262187822,0.5507328869463066,0.04895833333333334,0.05862302905308843,2.323924847989641,0.2725500010240119
main,3.0,static,15,80,1.3796095468225766,0.029589205242991024,0.6779526917364529,0.6957171479340067,0.02574532853480192,0.2974121159152511,0.3983050320187558,0.4004549837767086,0.078125,0.08531832886203891,2.366382586102641,0.24744017246221506
main,3.0,static,16,80,1.5673369880344257,0.024445956078292575,0.9361007818902486,0.8426279086676557,0.01704657604328436,0.2651052807218739,0.5775226279457819,0.5670020550842886,0.06354166666666668,0.0600509202444159,2.708542556147855,0.12578671994741192
main,3.0,static,17,80,1.301877478831195,0.028397989371677267,0.7594414259333108,0.6965722980453944,0.01731060335793773,0.3029124235900531,0.3936598744553413,0.4057054565781225,0.09270833333333332,0.08849209634412532,2.4034587199676127,-0.0028860060933375196
main,3.0,static,18,80,1.246565165223674,0.026310596883188257,0.8881488393507416,0.7203415338192013,0.009360072102032385,0.3027651347955389,0.41757639902366234,0.4254577058473097,0.0875,0.08759356382649795,2.4924739387965436,0.12934334603443692
main,3.0,static,19,80,1.139204730894869,0.027657008705511937,0.803014767377596,0.6566255023259925,0.00950348539792218,0.31575585406441203,0.3408696482615804,0.326497086900141,0.11666666666666667,0.1030048940491993,2.3444081012826103,0.189399795173659
main,3.0,static,0,90,1.6791105376034605,0.02847204099723661,0.7059801479592943,0.8045209088533305,0.03759368262772763,0.2702281748097809,0.5342927340435496,0.4988649521467865,0.07499999999999998,0.061716349884855595,2.5531546318472063,0.15229531524053644
main,3.0,static,1,90,1.4997424929235177,0.021905121137638407,1.0408132649978539,0.8541536263530032,0.009906896347528579,0.26188796660617686,0.5922656597468264,0.6000763725242222,0.060416666666666674,0.060116533667540176,2.756544870992175,0.12990549147700126
main,3.0,static,2,90,1.1634854334173235,0.02770259617797576,0.8325466927024101,0.674578240765903,0.009198505259887094,0.3133149329755792,0.36126330779032384,0.33927978994461316,0.1,0.09917650052091273,2.3891312485515934,0.07000537238074403
main,3.0,static,3,90,1.5407222685210198,0.02234490652092146,1.0099757424493487,0.8576809724970967,0.012345260832670834,0.26057784076372786,0.597103131733369,0.5839449861480632,0.06354166666666666,0.058630132727803264,2.7523825056149223,0.1350508746223919
main,3.0,static,4,90,1.2470162878451643,0.03064649827946179,0.6610881680043786,0.6462503180430017,0.021307154916378152,0.30798215090464354,0.33826816713835817,0.33846474687870487,0.1125,0.09929968041221658,2.2720327215623035,0.16787951204190765
main,3.0,static,5,90,1.3468845106031753,0.03130595251534311,0.7082973930136236,0.6954959520440475,0.02310688065711619,0.3015093806904054,0.39398657135364196,0.40819946276540964,0.08333333333333333,0.08796167883498397,2.3817204118590913,0.12090098643675766
main,3.0,static,6,90,1.0815755712457737,0.029066496728898727,0.9041290247018525,0.6715903642255083,0.00518725103057253,0.3192531671915362,0.35233719703397215,0.3479680623699896,0.10625,0.1065302636985879,2.4053149894096855,-0.005290466469648627
main,3.0,static,7,90,1.110273653881925,0.032016003482821215,0.615266810310947,0.5858521558918978,0.018665033416870706,0.3146568902807371,0.2711952656111606,0.26924637514854033,0.11979166666666666,0.11728046745921336,2.1414768487025104,0.14483185780340582
main,3.0,static,8,90,1.280228994879778,0.029850303405194328,0.7502581018356691,0.6867791333735471,0.017440401938021995,0.30585368312296923,0.38092545025057784,0.37099698645954887,0.09895833333333334,0.09179153731700909,2.3833944485695118,0.014096183942481544
main,3.0,static,9,90,1.4807291725582261,0.027887361968379737,0.7550428314998614,0.7545531220088224,0.024665213216919127,0.2864023801077968,0.46815074190102557,0.4849113511483797,0.065625,0.07323362386326714,2.500081121914529,0.13983906372314
main,3.0,static,10,90,1.012439459101715,0.020575888211431824,1.3369421831881276,0.7899858435004248,0.0005789611645643421,0.28904824636466436,0.5009375971357605,0.5381192067646758,0.0875,0.0919376053475434,2.7045343067737133,-0.02164947410103786
main,3.0,static,11,90,0.9044564711150042,0.02213690079527845,1.2754917495067069,0.7340283738056632,0.0008758947364735315,0.30931048947156403,0.42471788433409896,0.41822288537677055,0.11979166666666666,0.1093128483400567,2.5860206137000357,-0.03559974681164413
main,3.0,static,12,90,1.5016171580645623,0.032862853705638836,0.511620662609081,0.6820335581264274,0.04755589741418914,0.2852807714940738,0.3967527866323535,0.4205043204333122,0.06875,0.0836249438935369,2.2536092078165395,0.27256437595285227
main,3.0,static,13,90,1.3605346497641784,0.032634071696072076,0.5573046116354223,0.6501577776985574,0.035135894922155596,0.29722042141000987,0.3529373562885476,0.34826785189322457,0.09791666666666667,0.09389885956972942,2.228776266659601,0.21838196400577958
main,3.0,static,14,90,1.94282431121011,0.03186734078082431,0.39801015884941704,0.7909006036134503,0.09101917669545523,0.24673575314550789,0.5441648504679426,0.5468866849879004,0.058333333333333334,0.05862302905308843,2.323924847989641,0.2750437596153613
main,3.0,static,15,90,1.3783977791611548,0.029478856510211492,0.6788391082492877,0.6955719146402178,0.025600095241013032,0.29744246012122444,0.39812945451899345,0.3782498133060411,0.09375000000000001,0.08531832886203891,2.366382586102641,0.24691141705651062
main,3.0,static,16,90,1.5623109199022185,0.02402678747226611,0.9399835633425144,0.8421070902389998,0.016525757614628395,0.2651078858000037,0.576999204438996,0.5680246538540112,0.06458333333333334,0.0600509202444159,2.708542556147855,0.12376855586081455
main,3.0,static,17,90,1.3131548498394359,0.029616452396117127,0.7508648116084848,0.6978787046146793,0.01861700992722253,0.3028528117658135,0.39502589284886575,0.3793671675570177,0.08854166666666666,0.08849209634412532,2.4034587199676127,0.002080387115707207
main,3.0,static,18,90,1.25017725022169,0.026669783176368082,0.8850862881453967,0.7206444405144851,0.009662978797316027,0.30273602159917046,0.4179084189153146,0.4022404550780142,0.08854166666666667,0.08759356382649795,2.4924739387965436,0.13097470702175382
main,3.0,static,19,90,1.147796335400538,0.028690137877534383,0.7959541518386988,0.6574802083722571,0.010358191444186817,0.31575533925932453,0.34172486911293254,0.3577614988730302,0.10104166666666665,0.1030048940491993,2.3444081012826103,0.19341384461050398
main,3.0,static,0,100,1.6760745449542411,0.02815718842173392,0.7078905329982804,0.8040407554580851,0.03711352923248229,0.2702048270686081,0.5338359283894771,0.5095582307559126,0.07708333333333331,0.061716349884855595,2.5531546318472063,0.15113027940881674
main,3.0,static,1,100,1.5071395908659144,0.022496709008147896,1.034725591647709,0.8547872971739239,0.010540567168448938,0.2618979057052454,0.5928893914686784,0.5987626774701683,0.05416666666666666,0.060116533667540176,2.756544870992175,0.13292520975759647
main,3.0,static,2,100,1.1727702394352029,0.028744934984827615,0.8247234404383585,0.675412871619463,0.010033136113447104,0.3132694230805555,0.36214344853890756,0.36851782390860377,0.08645833333333335,0.09917650052091273,2.3891312485515934,0.07433102711277259
main,3.0,static,3,100,1.5376043025528652,0.022110741948914332,1.0125021541102743,0.8574057328706847,0.012070021206258691,0.26059166359881947,0.5968140692718652,0.6152466998252695,0.044791666666666674,0.058630132727803264,2.7523825056149223,0.13378764397702753
main,3.0,static,4,100,1.25115702747746,0.031137655940925973,0.658090902346969,0.6467951952551182,0.021852032128494847,0.30796946978394424,0.33882572547117407,0.337594728622669,0.09375,0.09929968041221658,2.2720327215623035,0.169742761097176
main,3.0,static,5,100,1.342616854096032,0.030771741988447142,0.7112991482354822,0.6948959147733206,0.022506843386389246,0.3014536433316307,0.39344227144168975,0.379095248274847,0.09895833333333334,0.08796167883498397,2.3817204118590913,0.11907294521612959
main,3.0,static,6,100,1.0787288370029857,0.028730973782810178,0.9067490012317577,0.6714029373391844,0.004999824144248688,0.31925152575255095,0.3521514115866336,0.36661359066995175,0.10520833333333332,0.1065302636985879,2.4053149894096855,-0.006672817204850409
main,3.0,static,7,100,1.1141059451647266,0.032421753440002296,0.6122452867033586,0.5862576617693624,0.019070539294335453,0.3145467546731144,0.2717109070962481,0.2765625575519847,0.11250000000000002,0.11728046745921336,2.1414768487025104,0.14671173372418514
main,3.0,static,8,100,1.2902512063431435,0.03097771946209694,0.7425857430275109,0.6879382229442503,0.01859949150872526,0.30582815290884235,0.382110070035408,0.3868714212118506,0.09479166666666666,0.09179153731700909,2.3833944485695118,0.018555649148374605
main,3.0,static,9,100,1.483851550747527,0.028190390867422525,0.7528093084402478,0.754950416685066,0.02506250789316266,0.2863812431888381,0.46856917349622773,0.48197809704745875,0.07708333333333334,0.07323362386326714,2.500081121914529,0.14113118717357956
main,3.0,static,10,100,1.0046192133229264,0.01990813251769422,1.3459291773360522,0.7901521743922244,0.0007452920563639401,0.28902316984587795,0.5011290045463463,0.492166400105935,0.115625,0.0919376053475434,2.7045343067737133,-0.025558223362160293
main,3.0,static,11,100,0.9004618747721084,0.021723901930524932,1.2802040077564631,0.7341299281530322,0.000977449083842589,0.3092858933769794,0.42484403477605265,0.4273314422391902,0.09687500000000002,0.1093128483400567,2.5860206137000357,-0.037705499219455096
main,3.0,static,12,100,1.4963141618865052,0.032261430741521636,0.514696497352995,0.6810906966603406,0.04661303594810236,0.28528156487258893,0.3958091317877517,0.4111224489215668,0.07812499999999999,0.0836249438935369,2.2536092078165395,0.2703888682488443
main,3.0,static,13,100,1.3660472147794178,0.033267728802779915,0.5537550250182428,0.6510233228668134,0.03600144009041156,0.2971967835182852,0.35382653934852826,0.3547514611858058,0.084375,0.09389885956972942,2.228776266659601,0.22076903844247125
main,3.0,static,14,100,1.948227782324587,0.03242748648192191,0.3956479823749974,0.7921010837271687,0.09221965680917352,0.24675900634978903,0.5453420773773797,0.5349640706516813,0.06666666666666667,0.05862302905308843,2.323924847989641,0.2769762675856602
main,3.0,static,15,100,1.3863012475967595,0.030313096807029677,0.673275818288707,0.6966300542308321,0.026658234831627207,0.2973736920751711,0.39925636215566096,0.3812734044568258,0.09791666666666668,0.08531832886203891,2.366382586102641,0.25030512357029655
main,3.0,static,16,100,1.5617776423980383,0.023968499714138336,0.9403688238220044,0.8420383219780602,0.016456989353688976,0.26509308459372943,0.5769452373843308,0.5717263863486066,0.058333333333333334,0.0600509202444159,2.708542556147855,0.12356047508077188
main,3.0,static,17,100,1.3144974547602413,0.02975091971419979,0.7498228290289957,0.6980237345011456,0.018762039813688867,0.3028337743211256,0.39518996018001995,0.3778791410647332,0.09374999999999999,0.08849209634412532,2.4034587199676127,0.002676881923634392
main,3.0,static,18,100,1.2459445776998674,0.0262415435025036,0.8886599469988747,0.7202820227337484,0.009300561016579601,0.30276191821017917,0.4175201045235693,0.44748182002922066,0.08229166666666668,0.08759356382649795,2.4924739387965436,0.1290667461873759
main,3.0,static,19,100,1.1528439295697852,0.029290473621827535,0.7917922871700552,0.6579755634538892,0.010853546525818967,0.3157474991900192,0.3422280642638701,0.3561283140949229,0.09166666666666667,0.1030048940491993,2.3444081012826103,0.19577563245635748
main,3.0,static,0,110,1.67848293897807,0.028405897630844158,0.7063731398550824,0.8044206588213321,0.03749343259572921,0.27022217789591363,0.5341984809254186,0.5241965157190084,0.07083333333333333,0.061716349884855595,2.5531546318472063,0.15205493235802386
main,3.0,static,1,110,1.516801712220352,0.02322791016137388,1.026691549882387,0.8555737240880378,0.011326994082562936,0.26186580495927486,0.5937079191287628,0.5889306513357943,0.059375,0.060116533667540176,2.756544870992175,0.13688800794748418
main,3.0,static,2,110,1.1792548309323672,0.029544125416793337,0.819407418079342,0.6760687914761674,0.010689055970151604,0.31331824884499265,0.3627505426311749,0.38164335631452173,0.096875,0.09917650052091273,2.3891312485515934,0.07731473106833746
main,3.0,static,3,110,1.5372790165424355,0.022069820531443952,1.012733446354209,0.8573607611426961,0.012025049478270312,0.26057519561221737,0.5967855655304788,0.6034964247628211,0.05625,0.058630132727803264,2.7523825056149223,0.13366307989686496
main,3.0,static,4,110,1.2513910624637892,0.031154687135747067,0.6579005122281625,0.6468154206092329,0.021872257482609486,0.3079565427734387,0.3388588778357942,0.333755696815494,0.09895833333333333,0.09929968041221658,2.2720327215623035,0.16985354970604927
main,3.0,static,5,110,1.333001781708048,0.02965327257663698,0.7182278548812521,0.6936276363886458,0.02123856500171453,0.3014240865666854,0.3922035498219604,0.3989552409765279,0.07708333333333334,0.08796167883498397,2.3817204118590913,0.11491267597480895
main,3.0,static,6,110,1.075004668948343,0.0283202740611959,0.9102379948313934,0.6711876459469776,0.004784532752041625,0.31928137271142676,0.3519062732355507,0.3414808676193338,0.10208333333333335,0.1065302636985879,2.4053149894096855,-0.008496787729453014
main,3.0,static,7,110,1.1102662620458432,0.03188253582827753,0.6150072398960075,0.5857186792567094,0.018531556781682376,0.3145044411843737,0.2712142380723358,0.27312168060678826,0.10937499999999997,0.11728046745921336,2.1414768487025104,0.1449010257698176
main,3.0,static,8,110,1.2917314767915544,0.031160895073022554,0.7414856802920868,0.6881260173855547,0.01878728595002959,0.30584319866543047,0.38228281872012426,0.3784239671826263,0.0875,0.09179153731700909,2.3833944485695118,0.019205956326020086
main,3.0,static,9,110,1.4822201259373213,0.02800791237526823,0.7539304384203538,0.7547194922443144,0.024831583452411207,0.2863653630213591,0.46835412922295533,0.4694788068279797,0.06979166666666667,0.07323362386326714,2.500081121914529,0.14046712702237682
main,3.0,static,10,110,1.0059511974189161,0.02000138763821608,1.3443503408860091,0.7901009753143806,0.0006940929785201735,0.2890051203289273,0.5010958549854532,0.527669638045489,0.0875,0.0919376053475434,2.7045343067737133,-0.024881272970056777
main,3.0,static,11,110,0.9031667934542561,0.022005000981559227,1.2770166269226229,0.7340628071194792,0.0009103280502899061,0.309304143722971,0.4247586633965085,0.4136041816966391,0.12708333333333335,0.1093128483400567,2.5860206137000357,-0.03628044683557745
main,3.0,static,12,110,1.4887271914470357,0.03136847104306746,0.519039147412155,0.6797116033007528,0.04523394258851452,0.2852460293771746,0.39446557392357817,0.40505317172773553,0.08020833333333334,0.0836249438935369,2.2536092078165395,0.2672914216548803
main,3.0,static,13,110,1.3732714540887594,0.034187616750364316,0.5492694741336792,0.6522428483242676,0.03722096554786572,0.29726733823471807,0.3549755100895496,0.3380764902526915,0.10833333333333332,0.09389885956972942,2.228776266659601,0.22385353117275142
main,3.0,static,14,110,1.939891390864356,0.03156190874416125,0.3992900771033536,0.7902477922372901,0.09036636531929497,0.24672158354492382,0.5435262086923663,0.5161973746114532,0.06770833333333334,0.05862302905308843,2.323924847989641,0.273995380316882
main,3.0,static,15,110,1.3912829612896502,0.030888191424311012,0.669862998197965,0.697344716970642,0.027372897571437144,0.29738589443448465,0.3999588225361574,0.4171654817099027,0.07916666666666666,0.08531832886203891,2.366382586102641,0.25242059807006756
main,3.0,static,16,110,1.5570659788544263,0.023590369817186423,0.944037373306253,0.8415645739926221,0.015983241368250745,0.2651117010206727,0.5764528729719492,0.5722462761055883,0.057291666666666664,0.0600509202444159,2.708542556147855,0.12166206554871073
main,3.0,static,17,110,1.3158015517516044,0.02992633179695934,0.74889915997884,0.6982090145091348,0.018947319821678014,0.30286577682144394,0.39534323768769064,0.3885489870623455,0.08333333333333334,0.08849209634412532,2.4034587199676127,0.0032341484852004532
main,3.0,static,18,110,1.2569785764923334,0.027363021614475753,0.879354403922969,0.7212320006765927,0.01025053895942371,0.30270013576914023,0.4185318649074524,0.43173014257099507,0.09270833333333331,0.08759356382649795,2.4924739387965436,0.1340379736959631
main,3.0,static,19,110,1.1441014319730067,0.028241715010897193,0.79898211590315,0.6571084209623513,0.00998640403428099,0.3157508822628457,0.3413575386995056,0.3279479364020347,0.10416666666666667,0.1030048940491993,2.3444081012826103,0.1916897490896552
main,3.0,static,0,120,1.6890345466823518,0.029437307585389115,0.6996193195178437,0.8060303912618615,0.03910316503625859,0.2702337272065212,0.5357966640553403,0.5555415266457303,0.052083333333333336,0.061716349884855595,2.5531546318472063,0.15613093403490597
main,3.0,static,1,120,1.5131705491634746,0.022948318200811887,1.0297013541045392,0.8552734071562751,0.011026677150800421,0.2618726628298022,0.5934007443264727,0.6153299401896526,0.04687499999999999,0.060116533667540176,2.756544870992175,0.1354008599745399
main,3.0,static,2,120,1.1802787710785079,0.029636675091965003,0.818498164916657,0.6761378703623766,0.010758134856360752,0.3132878727154456,0.3628499976469311,0.34689505165843454,0.10625,0.09917650052091273,2.3891312485515934,0.07780352568467791
main,3.0,static,3,120,1.5414507673924258,0.022336855844726482,1.0092626150718942,0.8576834127696822,0.012347701105256199,0.26050645181023224,0.5971769609594499,0.5968936495205923,0.05729166666666667,0.058630132727803264,2.7523825056149223,0.13537351541228862
main,3.0,static,4,120,1.2589936077026838,0.03205460946176212,0.6523937868192365,0.6478140013278942,0.022870838201270845,0.3079311423110586,0.3398828590168357,0.32377764287032174,0.1125,0.09929968041221658,2.2720327215623035,0.17327549115305801
main,3.0,static,5,120,1.3396003667421446,0.030435488875006335,0.7135013586549275,0.6945124047573594,0.022123333370428256,0.3014608852560499,0.39305151950130945,0.4184146422029274,0.07083333333333333,0.08796167883498397,2.3817204118590913,0.11776059766954745
main,3.0,static,6,120,1.0657410923360562,0.027229463764697197,0.9187658918875877,0.6705788159961137,0.0041757028011779615,0.3192771836555638,0.35130163234055,0.3463416013708346,0.11250000000000002,0.1065302636985879,2.4053149894096855,-0.012995664243790764
main,3.0,static,7,120,1.112167896211106,0.032105832366252765,0.6135518401521803,0.5859418562431797,0.01875473376815275,0.3144750543099789,0.2714668019332009,0.2879741537996785,0.1,0.11728046745921336,2.1414768487025104,0.14582179869874312
main,3.0,static,8,120,1.2960391263297717,0.03167955984801357,0.7382558369384581,0.6886581743720812,0.019319442936556054,0.30587073400414744,0.3827874403679338,0.3645520383594425,0.09375,0.09179153731700909,2.3833944485695118,0.021105589195033518
main,3.0,static,9,120,1.4850739202048733,0.028290716700981995,0.751900138231069,0.7550882583789746,0.025200349587071475,0.2863525576259046,0.4687357007530701,0.4377395918323395,0.08333333333333334,0.07323362386326714,2.500081121914529,0.14164542600298602
main,3.0,static,10,120,1.001903389324477,0.019694085946919532,1.3490921414198185,0.7902298722304051,0.0008229898945447343,0.28903391775003573,0.5011959544803692,0.5108534382900596,0.1,0.0919376053475434,2.7045343067737133,-0.026925414446053442
main,3.0,static,11,120,0.9076454686978126,0.022439219812844045,1.2716632386518187,0.7339159757208252,0.0007634966516355268,0.3092997655081217,0.4246162102127034,0.40116729598031553,0.109375,0.1093128483400567,2.5860206137000357,-0.03390256269856791
main,3.0,static,12,120,1.4879048005431155,0.03129630423087174,0.5195537559618457,0.6795849535786112,0.04510729286637273,0.2852699574651568,0.39431499611345416,0.394926839494938,0.09270833333333332,0.0836249438935369,2.2536092078165395,0.2669442786418904
main,3.0,static,13,120,1.3747439957211647,0.0343747474573006,0.5483544755757486,0.6524910729180713,0.03746919014166928,0.29728129613575577,0.35520977678231547,0.3516206459398915,0.096875,0.09389885956972942,2.228776266659601,0.22448243657911604
main,3.0,static,14,120,1.9502053820566356,0.03258587213493015,0.39470870698080285,0.7924999870574563,0.09261856013946107,0.24671572841305758,0.5457842586443988,0.5267523117873923,0.06458333333333334,0.05862302905308843,2.323924847989641,0.2777021419400271
main,3.0,static,15,120,1.3918891193049365,0.030980489400378668,0.6694902616491268,0.6974532901181474,0.027481470718942518,0.29741255300928054,0.40004073710886684,0.39289194563062,0.084375,0.08531832886203891,2.366382586102641,0.2526672855623983
main,3.0,static,16,120,1.5575134417042962,0.023691239290495512,0.943814591832103,0.841673090942298,0.016091758317926905,0.2651808389651075,0.5764922519771907,0.6037639917160551,0.04895833333333333,0.0600509202444159,2.708542556147855,0.12181389918459792
main,3.0,static,17,120,1.310865524730492,0.029334177602000654,0.7525369450969833,0.6975788824764919,0.01831718778903528,0.30282555078945395,0.39475333168703797,0.3961981572038521,0.08645833333333333,0.08849209634412532,2.4034587199676127,0.0010894444537579806
main,3.0,static,18,120,1.2639947054573744,0.028135286690702775,0.8735587229477939,0.7218962383652904,0.010914776648121415,0.3027270689488556,0.4191691694164348,0.41124131781943263,0.09479166666666668,0.08759356382649795,2.4924739387965436,0.13716933341004942
main,3.0,static,19,120,1.1395523753323027,0.02778678210811942,0.8029112407483924,0.6567501327296047,0.009628115801534517,0.3158558329551645,0.3408942997744403,0.3503280156083248,0.103125,0.1030048940491993,2.3444081012826103,0.1895154990776931
main,3.0,static,0,130,1.6821603309955642,0.02874547871131628,0.703983194984702,0.8049630015638607,0.03803577533825801,0.2702041926630529,0.534758808900808,0.5222012651439074,0.071875,0.061716349884855595,2.5531546318472063,0.15348399122151177
main,3.0,static,1,130,1.5173556977860199,0.02328018683364453,1.0262514248506958,0.8556291031567869,0.011382373151312101,0.26187520191226177,0.593753901244525,0.6203046933447279,0.04791666666666666,0.060116533667540176,2.756544870992175,0.1371106245479925
main,3.0,static,2,130,1.1808583033505207,0.02970133904727822,0.8180090369266273,0.6761895597748089,0.01080982426879276,0.31328458385813385,0.3629049759166748,0.34853983408379624,0.10208333333333333,0.09917650052091273,2.3891312485515934,0.07807372907323648
main,3.0,static,3,130,1.5441870535516986,0.0225913239674334,1.007141313526357,0.8579732303484964,0.01263751868407042,0.2605475003747818,0.5974257299737145,0.6332611729605818,0.052083333333333336,0.058630132727803264,2.7523825056149223,0.13646065983360584
main,3.0,static,4,130,1.2541574944918483,0.03152329099383409,0.6559771714828304,0.6472193189895042,0.022276155862880787,0.3079941172603124,0.33922520172919185,0.3500544341577224,0.09895833333333334,0.09929968041221658,2.2720327215623035,0.17107773129947673
main,3.0,static,5,130,1.33691067590732,0.030128909056192903,0.7154518354461944,0.6941638068032356,0.021774735416304508,0.30145972158195866,0.3927040852212771,0.3747273733508508,0.10625,0.08796167883498397,2.3817204118590913,0.11659373327840591
main,3.0,static,6,130,1.05770328326996,0.02629794881977644,0.9261979298539634,0.6700663873145667,0.0036632741196307274,0.319290495692831,0.3507758916217355,0.33749495167067606,0.10520833333333335,0.1065302636985879,2.4053149894096855,-0.016907478003101946
main,3.0,static,7,130,1.1124143171192813,0.03215346639526322,0.6134006448220086,0.5859894761121843,0.018802353637157394,0.3144927598274997,0.27149671628468475,0.25904285001254207,0.13541666666666666,0.11728046745921336,2.1414768487025104,0.1459308575519706
main,3.0,static,8,130,1.2969385949959937,0.03178937752711043,0.7375844392448409,0.6887708039226484,0.0194320724871233,0.30587819686568885,0.38289260705695954,0.37566065348122124,0.09375000000000001,0.09179153731700909,2.3833944485695118,0.021501486002207464
main,3.0,static,9,130,1.481645515397689,0.027989607954006752,0.7544126393387611,0.7546825875634856,0.024794678771582413,0.28641102209285957,0.4682715654706261,0.45570728979411407,0.08229166666666667,0.07323362386326714,2.500081121914529,0.14021216883622603
main,3.0,static,10,130,1.000015721605257,0.019622564855283825,1.3514721359761048,0.7903701408122152,0.0009632584763547981,0.2891255845275655,0.5012445562846496,0.5111034809284816,0.0875,0.0919376053475434,2.7045343067737133,-0.027917916596248493
main,3.0,static,11,130,0.9042564183177427,0.02208068251504478,1.2756413580638568,0.733992819632215,0.0008403405630252574,0.309269869182227,0.4247229504499878,0.4218351954496614,0.09895833333333333,0.1093128483400567,2.5860206137000357,-0.035684312395131826
main,3.0,static,12,130,1.480575208435725,0.030489648214543037,0.5238489064958717,0.67830458771538,0.04382692700314173,0.285298812997247,0.3930057747181331,0.39789047113196074,0.078125,0.0836249438935369,2.2536092078165395,0.26392599155518054
main,3.0,static,13,130,1.3643454590291184,0.0331414656356064,0.5549796111771794,0.650822178613968,0.03580029583756605,0.29728277346479426,0.35353940514917365,0.3595055017738083,0.09166666666666666,0.09389885956972942,2.228776266659601,0.21999820649792867
main,3.0,static,14,130,1.94722438572833,0.03226936648808482,0.39599987778356843,0.7918312099999942,0.09194978308199911,0.2466945869907101,0.5451366230092842,0.5478379320462972,0.05625,0.05862302905308843,2.323924847989641,0.2766389985335392
main,3.0,static,15,130,1.3884056023208458,0.030624312926327113,0.6719642747156268,0.6969980633209333,0.0270262439217283,0.29745585643828537,0.3995422068826478,0.41790636483827004,0.08333333333333334,0.08531832886203891,2.366382586102641,0.2511659510954125
main,3.0,static,16,130,1.5571861724241862,0.02366245165347896,0.9440645281209301,0.8416377173995319,0.016056384775160474,0.2651793781021057,0.5764583392974261,0.5310877388491346,0.07395833333333332,0.0600509202444159,2.708542556147855,0.12168314206059813
main,3.0,static,17,130,1.3128087882711743,0.029580908993625837,0.7511316419285655,0.6978404463977885,0.018578751710331846,0.30285672249277323,0.39498372390501524,0.37498024102980454,0.09895833333333334,0.08849209634412532,2.4034587199676127,0.001927074717159552
main,3.0,static,18,130,1.2611116449910835,0.02776294154301091,0.8758274095484925,0.721567332027529,0.010585870310360047,0.30265442863831826,0.4189129033892107,0.4061843028542357,0.08645833333333333,0.08759356382649795,2.4924739387965436,0.13591018475751637
main,3.0,static,19,130,1.1459332367818313,0.02846318156142803,0.797479204694209,0.6572918743458227,0.010169857417752438,0.3157521302681912,0.3415397440776315,0.34840786442924593,0.10208333333333335,0.1030048940491993,2.3444081012826103,0.19254494502448344
main,3.0,static,0,140,1.6837745151046548,0.02891155912745668,0.7029650751318605,0.8052170497879907,0.038289823562387845,0.27021514353213943,0.5350019062558513,0.5239784825502194,0.06041666666666666,0.061716349884855595,2.5531546318472063,0.15410398601951136
main,3.0,static,1,140,1.514626110382849,0.02306978641116967,1.0285134780327274,0.8554031249422487,0.011156394936773971,0.26188010967343134,0.5935230152688173,0.6029816785594602,0.059375,0.060116533667540176,2.756544870992175,0.1359928192846853
main,3.0,static,2,140,1.1824578807153454,0.029916272599366363,0.8167346487127572,0.6763696006758229,0.010989865169807083,0.31331677079617054,0.3630528298796525,0.35357970237317005,0.08854166666666666,0.09917650052091273,2.3891312485515934,0.0788003914799398
main,3.0,static,3,140,1.5491779275658455,0.022979894269810217,1.0031242370805138,0.8584273529720565,0.013091641307630608,0.2605403036990001,0.5978870492730564,0.6108387520040481,0.05729166666666667,0.058630132727803264,2.7523825056149223,0.1384766693603881
main,3.0,static,4,140,1.2526803684021508,0.03140522795684005,0.6571581578390988,0.6470812513993633,0.02213808827273981,0.30806367808786794,0.3390175733114954,0.34485558815508616,0.09479166666666666,0.09929968041221658,2.2720327215623035,0.17038387842283537
main,3.0,static,5,140,1.3454351632562047,0.031102215904422005,0.7092733806901983,0.6952702532836084,0.022881181896677216,0.3014652797935878,0.3938049734900205,0.39547554880160507,0.08020833333333333,0.08796167883498397,2.3817204118590913,0.12029108668666022
main,3.0,static,6,140,1.0695197977482298,0.02765516348269138,0.9152453658996151,0.6708067757101788,0.004403662515242901,0.3192570799495411,0.3515496957606376,0.3790365865209749,0.09895833333333334,0.1065302636985879,2.4053149894096855,-0.011149929521039346
main,3.0,static,7,140,1.1121254867427761,0.0321148685837638,0.6136123330492844,0.5859508961252748,0.01876377365024775,0.31449183597229113,0.27145906015298366,0.27468703566589603,0.10104166666666667,0.11728046745921336,2.1414768487025104,0.14579357446420163
main,3.0,static,8,140,1.2968410604535188,0.03176035925386791,0.7376232053012305,0.688741541669539,0.019402810234013915,0.3058580596935293,0.3828834819760097,0.37802683537007675,0.10520833333333335,0.09179153731700909,2.3833944485695118,0.0214671349120791
main,3.0,static,9,140,1.4763408555260362,0.027482691514320666,0.7582222244200233,0.7540152571534601,0.024127348361556854,0.2864557451501163,0.46755951200334367,0.4849021098533125,0.06145833333333334,0.07323362386326714,2.500081121914529,0.13801333635418614
main,3.0,static,10,140,1.0025326596468767,0.019733302536883757,1.3483348771881307,0.7902002797906303,0.0007933974547699498,0.2890201157071282,0.5011801640835021,0.49087164435457825,0.10416666666666666,0.0919376053475434,2.7045343067737133,-0.026602957223009045
main,3.0,static,11,140,0.8992177057814033,0.021588571750822964,1.2816554231671358,0.7341539002331207,0.001001421163931104,0.30927081011739993,0.42488309011572073,0.4468297916120904,0.10520833333333335,0.1093128483400567,2.5860206137000357,-0.03835742619070025
main,3.0,static,12,140,1.4784636560503865,0.030229732198677434,0.5250372172335378,0.677910201827534,0.04343254111529567,0.28527606986619414,0.3926341319613397,0.38871766100441996,0.08124999999999999,0.0836249438935369,2.2536092078165395,0.2630692040494864
main,3.0,static,13,140,1.3595567039287713,0.032498407796027064,0.5578911320204475,0.6499820812484154,0.034960198472013336,0.2971982312040297,0.3527838500443855,0.3603712270696745,0.08958333333333332,0.09389885956972942,2.228776266659601,0.21796986570138782
main,3.0,static,14,140,1.953858775857658,0.03293945950211367,0.39307128678737874,0.7932898407157168,0.0934084137977216,0.2467035255092878,0.5465863152064291,0.5409202864903472,0.05625,0.05862302905308843,2.323924847989641,0.27901877910345646
main,3.0,static,15,140,1.388982472826476,0.030709280140058887,0.6716040778843098,0.697098610283615,0.02712679088440999,0.29747798895949484,0.39962062132412,0.39111050597178154,0.08333333333333334,0.08531832886203891,2.366382586102641,0.25140209786746387
main,3.0,static,16,140,1.5702344457733974,0.024728364832631546,0.9339412424171636,0.8429680176743973,0.017386685050026225,0.26514827491155174,0.5778197427628458,0.6023494458824713,0.06145833333333334,0.0600509202444159,2.708542556147855,0.1269323055881419
main,3.0,static,17,140,1.310266671446001,0.02932756276792079,0.7531070351537652,0.697567089789229,0.018305395101772294,0.30289418518412836,0.39467290460510057,0.37848637247698325,0.10104166666666667,0.08849209634412532,2.4034587199676127,0.0007970380590486291
main,3.0,static,18,140,1.2622706145200047,0.02788942505845148,0.8748678167887093,0.7216759521223886,0.010694490405219538,0.3026576639900812,0.41901828813230724,0.40961061926347214,0.09895833333333334,0.08759356382649795,2.4924739387965436,0.1364279867412788
main,3.0,static,19,140,1.1455754672174323,0.02843803017483439,0.7978102265434243,0.6572745746452303,0.010152557717160034,0.31577246540645726,0.34150210923877294,0.34250227229442676,0.103125,0.1030048940491993,2.3444081012826103,0.19236830281155454
main,3.0,static,0,150,1.6858691692536212,0.02916978359193655,0.7017215421345494,0.8055868316600356,0.038659605434432795,0.2702766386418517,0.535310193018184,0.5307204620043989,0.058333333333333334,0.061716349884855595,2.5531546318472063,0.1548902396951401
main,3.0,static,1,150,1.5081207210538572,0.022558432327723376,1.0338849639932906,0.8548547057916236,0.010607975786149054,0.2618810497750965,0.5929736560165272,0.6001858617454413,0.06458333333333334,0.060116533667540176,2.756544870992175,0.13333316591347424
main,3.0,static,2,150,1.177896283948223,0.02935269162411656,0.8204713302921872,0.6759067686215088,0.010527033115492915,0.3132808517670244,0.3626259168544844,0.37266642741515016,0.08541666666666667,0.09917650052091273,2.3891312485515934,0.07670222894121576
main,3.0,static,3,150,1.5500041535841895,0.023036606893599924,1.0024443177050377,0.8584950260609425,0.013159314396516464,0.26053084337769794,0.5979641826832445,0.6046637030230901,0.057291666666666664,0.058630132727803264,2.7523825056149223,0.13881374975133248
main,3.0,static,4,150,1.2409283270688585,0.029937298985809803,0.6655202142376703,0.6454619467641128,0.02051878363748935,0.3080155102537698,0.3374464365103431,0.3402538766705094,0.10416666666666666,0.09929968041221658,2.2720327215623035,0.16513345171741903
main,3.0,static,5,150,1.3439154843270982,0.030947826356831014,0.7104120636862356,0.6950917914567216,0.022702720069790468,0.3014858638064105,0.3936059276503111,0.38895958321762697,0.08020833333333333,0.08796167883498397,2.3817204118590913,0.11962258758939175
main,3.0,static,6,150,1.0692414210823336,0.027579305586441227,0.9154078567708914,0.6707428611465556,0.004339747951619668,0.3192081482112431,0.35153471293531235,0.3420308201134218,0.103125,0.1065302636985879,2.4053149894096855,-0.011261410371129568
main,3.0,static,7,150,1.115036890190444,0.03250405127011966,0.6114787559851235,0.5863398991485624,0.01915277667353538,0.31450128377196096,0.27183861537660137,0.2700556470149957,0.125,0.11728046745921336,2.1414768487025104,0.14717732023741847
main,3.0,static,8,150,1.28383631466065,0.030251758437863856,0.7474879394513131,0.6871920041832755,0.017853272747750476,0.3058395929252022,0.3813524112580734,0.35935021278514706,0.103125,0.09179153731700909,2.3833944485695118,0.015703465689402903
main,3.0,static,9,150,1.4815481153178949,0.028000431345641664,0.7545208307505185,0.7546897924713516,0.024801883679448432,0.28643428890548667,0.46825550356586493,0.49155058809578556,0.07395833333333333,0.07323362386326714,2.500081121914529,0.14016256941773442
main,3.0,static,10,150,1.0034530273177225,0.019787880039386828,1.3472207725405958,0.7901538932992351,0.0007470109633747029,0.288996898580844,0.501156994718391,0.49456923739804665,0.09583333333333335,0.0919376053475434,2.7045343067737133,-0.026129813375124416
main,3.0,static,11,150,0.9004213754179509,0.02175774818370784,1.2803442423894906,0.7341744553303832,0.0010219762611934817,0.30932780196548,0.4248466533649031,0.4206569121708042,0.11979166666666667,0.1093128483400567,2.5860206137000357,-0.03774920972646291
main,3.0,static,12,150,1.483124424389815,0.03072891058884939,0.5222814768928485,0.678711603957171,0.0442339432449327,0.2852421974317303,0.39346940652544066,0.3976923432950989,0.09166666666666667,0.0836249438935369,2.2536092078165395,0.26499485118578664
main,3.0,static,13,150,1.3502250640848437,0.031401665603552106,0.5638551059888685,0.6484939452257548,0.03347206244935287,0.297210908812129,0.3512830364136258,0.34771778701863043,0.09479166666666668,0.09389885956972942,2.228776266659601,0.2139408259980191
main,3.0,static,14,150,1.9430011024118137,0.03188010155972267,0.3979239484254514,0.790935050798996,0.09105362388100073,0.24673033081760726,0.5442047199813886,0.570197762266627,0.04687500000000001,0.05862302905308843,2.323924847989641,0.2751092084696892
main,3.0,static,15,150,1.3935796287957394,0.03115725183297194,0.6682971089485803,0.697677996525764,0.027706177126558918,0.2973959525745673,0.4002820439511966,0.38982485520545485,0.084375,0.08531832886203891,2.366382586102641,0.2533939862927769
main,3.0,static,16,150,1.5660821577297972,0.024392265168363778,0.9371687220598952,0.8425477149860188,0.016966382361647457,0.26516155726072677,0.5773861577252919,0.5659802198143261,0.07291666666666666,0.0600509202444159,2.708542556147855,0.1252605316996317
main,3.0,static,17,150,1.3034965138598895,0.028565296224842728,0.7581950813451553,0.6967522971432959,0.017490602455839194,0.3028952753044251,0.3938570218388707,0.40462331469019974,0.08124999999999999,0.08849209634412532,2.4034587199676127,-0.0021692431043593345
main,3.0,static,18,150,1.2576746061543407,0.027413508850896863,0.8787258424324088,0.7212713191458822,0.010289857428713241,0.3026735644134926,0.4185977547323896,0.4395205264028612,0.08229166666666668,0.08759356382649795,2.4924739387965436,0.13436171962976473
main,3.0,static,19,150,1.1446519991589024,0.028306715791353566,0.7985271638687401,0.6571619596063321,0.010039942678261792,0.3157494803935197,0.3414124792128124,0.33894967503782675,0.10208333333333335,0.1030048940491993,2.3444081012826103,0.19194761690958823
main,3.0,static,0,160,1.6900209653065683,0.029533558864768005,0.6989876281683021,0.8061807174465461,0.039253491220943196,0.27023461842454605,0.5359460990220002,0.5356436232906653,0.057291666666666664,0.061716349884855595,2.5531546318472063,0.15651205254584916
main,3.0,static,1,160,1.50639485753496,0.02244635199596179,1.0353567295961499,0.8547326463756907,0.010485916370215852,0.26190689518266297,0.5928257511930275,0.5846791179945641,0.05833333333333333,0.060116533667540176,2.756544870992175,0.1326171034082931
main,3.0,static,2,160,1.1719431788596766,0.02871480700665181,0.8255504925178396,0.675402826128056,0.01002309062204004,0.31334447502840357,0.36205835109965234,0.3688420066588941,0.09895833333333334,0.09917650052091273,2.3891312485515934,0.07391279611802566
main,3.0,static,3,160,1.5524844430034324,0.023195184379084154,1.0003803902730155,0.8586866725518438,0.013350960887418092,0.26048976934652357,0.5981969032053204,0.5764210759521251,0.05416666666666666,0.058630132727803264,2.7523825056149223,0.1398307607245396
main,3.0,static,4,160,1.2481402921047386,0.030809525093715505,0.6603326523236396,0.646427489840698,0.021484326714074468,0.30801251109855377,0.33841497874214416,0.33034652186515767,0.103125,0.09929968041221658,2.2720327215623035,0.16837012722234154
main,3.0,static,5,160,1.347777062610836,0.03136571763295199,0.7075684214159259,0.6955704005532379,0.023181329166306813,0.3014624170154293,0.3941079835378087,0.3990462249795247,0.07916666666666666,0.08796167883498397,2.3817204118590913,0.12130875148038431
main,3.0,static,6,160,1.0804967397735845,0.02896091602245695,0.9051688840991394,0.6715421799650605,0.005139066770124601,0.3192769863619125,0.3522651936031479,0.3845877378748725,0.09791666666666668,0.1065302636985879,2.4053149894096855,-0.005826213466858572
main,3.0,static,7,160,1.109879457698901,0.031812322046091655,0.6152536843328055,0.5856484880259327,0.0184613655509056,0.31448189193817044,0.2711665960877622,0.26822076152415186,0.10729166666666665,0.11728046745921336,2.1414768487025104,0.14472733722417488
main,3.0,static,8,160,1.2881466405982631,0.030756932930126067,0.7442286118368469,0.6877107284550785,0.01837199701955346,0.3058515424505998,0.38185918600447877,0.3763954708780598,0.09895833333333334,0.09179153731700909,2.3833944485695118,0.017611203832695824
main,3.0,static,9,160,1.4881618018523395,0.028660502032776314,0.749824468309356,0.755548924064824,0.02566101527292078,0.2864098191002894,0.4691391049645347,0.4601222630530538,0.06770833333333334,0.07323362386326714,2.500081121914529,0.14289114465238095
main,3.0,static,10,160,1.0091596461564143,0.02024681818858856,1.3405961574512069,0.79000087393207,0.0005939915962095909,0.28898431212031894,0.501016561811751,0.515653196597875,0.09270833333333334,0.0919376053475434,2.7045343067737133,-0.023262019393763773
main,3.0,static,11,160,0.8942901502812889,0.02114867123270748,1.287637345805956,0.7343587224399842,0.0012062433707945492,0.3093175688727535,0.42504115356723055,0.43829132654479686,0.09375000000000001,0.1093128483400567,2.5860206137000357,-0.04099588300820704
main,3.0,static,12,160,1.4906256579943347,0.03158711691391654,0.5179439493313096,0.6800522414131869,0.04557458070094857,0.28524950993675074,0.39480273147643613,0.40011399657915997,0.07916666666666666,0.0836249438935369,2.2536092078165395,0.26806870675854155
main,3.0,static,13,160,1.3581521962996148,0.03233504140751426,0.5587919374512674,0.649759725052799,0.034737842276396994,0.2972020735321227,0.35255765152067625,0.3831099434806542,0.08958333333333332,0.09389885956972942,2.228776266659601,0.21736261986207145
main,3.0,static,14,160,1.9519901913787236,0.03279169080014052,0.3939618084491093,0.792914563542658,0.09303313662466269,0.24674651274465093,0.546168050798007,0.5449305542609695,0.06145833333333334,0.05862302905308843,2.323924847989641,0.27833216610090933
main,3.0,static,15,160,1.3961721238390132,0.03145020052092739,0.66650900761274,0.6980437773242267,0.028071957925021873,0.29739516204476024,0.40064861527946655,0.39030747687226924,0.08750000000000001,0.08531832886203891,2.366382586102641,0.25449792370879804
main,3.0,static,16,160,1.558045284077505,0.02368796559118453,0.9433116235754682,0.8416816244147192,0.01610029179034796,0.265128573991714,0.5765530504230055,0.5656748703516126,0.06770833333333334,0.0600509202444159,2.708542556147855,0.12204831976042844
main,3.0,static,17,160,1.3098740262745263,0.02928544550923829,0.7534062519667735,0.6975219079168461,0.018260213229389415,0.3028966056535791,0.394625302263267,0.3943295174188985,0.08958333333333333,0.08849209634412532,2.4034587199676127,0.0006239716140155626
main,3.0,static,18,160,1.2666163601529634,0.028412404324523834,0.8713696124236323,0.7221327923003733,0.011151330583204225,0.3027243184936524,0.41940847380672075,0.4484115278608128,0.08333333333333334,0.08759356382649795,2.4924739387965436,0.13834514201736964
main,3.0,static,19,160,1.15235782035438,0.029248184827235218,0.792225248875727,0.6579437513524474,0.010821734424377193,0.3157659041576793,0.3421778471947681,0.3366844755066888,0.10729166666666665,0.1030048940491993,2.3444081012826103,0.19553993451046447
main,3.0,static,0,170,1.6952322250433145,0.03007073269377079,0.6957025247555987,0.8070018274975613,0.040074601271958346,0.2702710761561525,0.5367307513414088,0.5107630110384318,0.07604166666666666,0.061716349884855595,2.5531546318472063,0.15851322757379221
main,3.0,static,1,170,1.4958062399707859,0.021602054479883677,1.0440759854847979,0.8538280933118226,0.009581363306347781,0.26189541867847577,0.5919326746333466,0.5913591007151704,0.06666666666666668,0.060116533667540176,2.756544870992175,0.12829338614531252
main,3.0,static,2,170,1.1688159718576772,0.028355628659127247,0.8281686035540424,0.6751134013569491,0.009733665850933094,0.3133506237487861,0.361762777608163,0.3691242286654074,0.10520833333333335,0.09917650052091273,2.3891312485515934,0.07246013201381188
main,3.0,static,3,170,1.5540593464718262,0.02333952168154147,0.9991552896652902,0.8588513859395526,0.013515674275126741,0.2605110876385013,0.5983402983010513,0.5898386195804143,0.060416666666666674,0.058630132727803264,2.7523825056149223,0.14045741102835269
main,3.0,static,4,170,1.2538594790055584,0.0315146223356301,0.6562450726428698,0.6472063913280195,0.022263228201395945,0.3080253940409699,0.33918099728704953,0.33018631101012763,0.10416666666666666,0.09929968041221658,2.2720327215623035,0.1709300088456765
main,3.0,static,5,170,1.3474520411854756,0.031282485443069885,0.7077141890454043,0.69548290522465,0.023093833837718757,0.3014101721927488,0.39407273303190116,0.4120599070572138,0.075,0.08796167883498397,2.3817204118590913,0.1211903620108441
main,3.0,static,6,170,1.0777079878404314,0.02860938193195428,0.9076857649708918,0.6713343782477591,0.004931265052823336,0.3192494958783786,0.35208488236938057,0.3718006507929661,0.08958333333333332,0.1065302636985879,2.4053149894096855,-0.0071678329001029955
main,3.0,static,7,170,1.1145971240646222,0.0324217290281801,0.6117539540114958,0.5862576023680994,0.019070479893072426,0.3144727767688874,0.2717848255992121,0.2736975721837435,0.10729166666666667,0.11728046745921336,2.1414768487025104,0.14698121866254016
main,3.0,static,8,170,1.29005101259804,0.030971425139922397,0.7427712767564908,0.6879312381648177,0.018592506729292576,0.3058469918928773,0.3820842462719405,0.37188222512951385,0.09687499999999999,0.09179153731700909,2.3833944485695118,0.018458436375007586
main,3.0,static,9,170,1.4904866870967006,0.028877993672208037,0.7481459503288683,0.7558368770325924,0.02594896824068913,0.2863850048380886,0.46945187219450374,0.4395760012478168,0.09479166666666668,0.07323362386326714,2.500081121914529,0.14385697485498977
main,3.0,static,10,170,1.0017864952740319,0.019637787205797574,1.3491176369274327,0.7901806398024206,0.0007737574665602115,0.2889830637341689,0.5011975760682519,0.4860294246996636,0.08645833333333333,0.0919376053475434,2.7045343067737133,-0.026958529049181845
main,3.0,static,11,170,0.8994973728093724,0.021669667990132653,1.2814523651000163,0.7342064686331737,0.0010539895639841497,0.3093303725453697,0.424876096087804,0.4106145182266377,0.1125,0.1093128483400567,2.5860206137000357,-0.03824067914726715
main,3.0,static,12,170,1.489483582237002,0.03143874916379595,0.5185727938594572,0.6798317084200851,0.04535404770784688,0.28522842451841923,0.3946032839016659,0.37658317856021595,0.08854166666666669,0.0836249438935369,2.2536092078165395,0.26760889908845914
main,3.0,static,13,170,1.347654041831677,0.031139117925603817,0.5655718766255066,0.6481216787942624,0.03309979601786047,0.29725936286258936,0.3508623159316731,0.3480080078275429,0.09270833333333332,0.09389885956972942,2.228776266659601,0.2128113722863348
main,3.0,static,14,170,1.9561564089002306,0.03320141219387583,0.3921049689576096,0.7938209300172386,0.09393950309924341,0.24673981888374552,0.5470811111334932,0.5537764104131015,0.054166666666666675,0.05862302905308843,2.323924847989641,0.2798310244446541
main,3.0,static,15,170,1.4034145506101081,0.03228714656643584,0.661549103429256,0.6990836002019333,0.029111780802728415,0.2974138854467567,0.4016697147551767,0.4117386531937103,0.07812500000000001,0.08531832886203891,2.366382586102641,0.25757298667685835
main,3.0,static,16,170,1.5598067971615632,0.023844660982250646,0.9419697307015454,0.84187372961512,0.01629239699074859,0.2651383441314422,0.5767353854836776,0.5636014175918672,0.06145833333333335,0.0600509202444159,2.708542556147855,0.1227513490787644
main,3.0,static,17,170,1.3079055275793399,0.029065721337167543,0.7548894344867544,0.6972868944677539,0.018025199780297246,0.3028990790339271,0.3943878154338267,0.4071680324681486,0.07916666666666666,0.08849209634412532,2.4034587199676127,-0.0002394523212405927
main,3.0,static,18,170,1.2624152573131435,0.0279613699565543,0.8748632904726492,0.721746639247449,0.010765177530279986,0.3027209309187497,0.41902570832869934,0.4266015874468341,0.084375,0.08759356382649795,2.4924739387965436,0.13646444545720662
main,3.0,static,19,170,1.1542000834278838,0.029458377828027286,0.7906877933183425,0.6581154181914178,0.010993401263347614,0.3157529067230445,0.3423625114683734,0.32774080931090077,0.11041666666666665,0.1030048940491993,2.3444081012826103,0.1964066714735524
main,3.0,static,0,180,1.6886539926480366,0.029414280913791547,0.6998886641737688,0.8059856459118656,0.03905841968626279,0.27024900100892135,0.5357366449029444,0.5431666127160519,0.062499999999999986,0.061716349884855595,2.5531546318472063,0.1559778613605482
main,3.0,static,1,180,1.4931347170176645,0.02138112046351156,1.0462601795896243,0.8535920056902668,0.009345275684792025,0.2618839299541259,0.5917080757361408,0.5931991818128347,0.0625,0.060116533667540176,2.756544870992175,0.1272060189777735
main,3.0,static,2,180,1.1622074324172575,0.02764208431190366,0.8337957111649288,0.6745484092980301,0.009168673792014043,0.31341510648926707,0.36113330280876293,0.3436012802705946,0.11875,0.09917650052091273,2.3891312485515934,0.06936643291045921
main,3.0,static,3,180,1.5488025202518099,0.02294373331994126,1.0034128264589017,0.8583863600102177,0.013050648345791806,0.26053331564097104,0.5978530443692468,0.5953109339108381,0.05833333333333333,0.058630132727803264,2.7523825056149223,0.13832806467349254
main,3.0,static,4,180,1.2594630586983517,0.032148356191005464,0.6521284196733927,0.6479132781875833,0.02297011506095977,0.30797302162601686,0.33994025656156635,0.3363188137948657,0.10208333333333333,0.09929968041221658,2.2720327215623035,0.17346730233172716
main,3.0,static,5,180,1.3541338304617188,0.03210683884093225,0.7029909350180997,0.6964105347735836,0.024021463386652446,0.30148384487455854,0.39492668989902513,0.38137846190897606,0.09687500000000002,0.08796167883498397,2.3817204118590913,0.1240583917853518
main,3.0,static,6,180,1.0720392096098537,0.027991272829386998,0.9130118987844306,0.6710141270745572,0.004611013879621295,0.3193029053463737,0.35171122172818337,0.3643428412114023,0.11875,0.1065302636985879,2.4053149894096855,-0.009948083288248949
main,3.0,static,7,180,1.1200302100841486,0.03313017151154459,0.6077367433199308,0.586965708305208,0.019778585830180946,0.3144698969107045,0.2724958113945036,0.2487688301656538,0.12395833333333332,0.11728046745921336,2.1414768487025104,0.1495732620012521
main,3.0,static,8,180,1.2828388191444637,0.03014510119080211,0.7482626039043301,0.6870821747465319,0.017743443311006808,0.30584840642407024,0.3812337683224617,0.38002637146860646,0.09166666666666667,0.09179153731700909,2.3833944485695118,0.015256837961197745
main,3.0,static,9,180,1.50044144366231,0.029910017536411905,0.7411502441106317,0.7571672351031177,0.027279326311214554,0.2863911022748884,0.47077613282822944,0.467256501179045,0.08229166666666668,0.07323362386326714,2.500081121914529,0.14794631284703125
main,3.0,static,10,180,1.0055074006649496,0.01999054745232389,1.3449239247688483,0.7901406242953739,0.0007337419595135127,0.28903318298199765,0.5011074413133763,0.5179179501977421,0.07916666666666666,0.0919376053475434,2.7045343067737133,-0.025117878494207956
main,3.0,static,11,180,0.9024786761235941,0.021920832332383722,1.2777967073398147,0.7340654052652641,0.000912926196074644,0.3092854696868448,0.42477993557841937,0.4180512722787283,0.09270833333333334,0.1093128483400567,2.5860206137000357,-0.0366355303975902
main,3.0,static,12,180,1.4989556340397283,0.0325307993373637,0.5131105643947181,0.6815323325906032,0.047054671878365026,0.28524709484598115,0.3962852377446222,0.4058990518799095,0.08229166666666667,0.0836249438935369,2.2536092078165395,0.27148648586085683
main,3.0,static,13,180,1.3474271109893547,0.03108772925712852,0.565671000266505,0.6480619468376628,0.033040064061260775,0.2972316235425024,0.35083032329516034,0.36759069859315596,0.08437499999999999,0.09389885956972942,2.228776266659601,0.21272548580444028
main,3.0,static,14,180,1.9513341116142922,0.03274032875306824,0.39427531554555684,0.7927832519709724,0.09290182505297721,0.24676218488946783,0.5460210670815047,0.5581093700034774,0.04583333333333334,0.05862302905308843,2.323924847989641,0.27809088109343294
main,3.0,static,15,180,1.3939927396870824,0.031205854056607567,0.668015837077766,0.6977381436071519,0.027766324207947037,0.2973979932271903,0.40034015037996173,0.42090680917269657,0.07604166666666666,0.08531832886203891,2.366382586102641,0.253568975049066
main,3.0,static,16,180,1.56136897930682,0.02397394047395019,0.9407609572101127,0.8420346256636277,0.016453293039256404,0.2651364376426805,0.5768981880209472,0.5973100787813936,0.06145833333333332,0.0600509202444159,2.708542556147855,0.12337906684394792
main,3.0,static,17,180,1.3096187226114098,0.02921186261902245,0.7535096235759322,0.6974467362687882,0.018185041581331614,0.30284611202411604,0.3946006242446722,0.4008328711451822,0.08854166666666667,0.08849209634412532,2.4034587199676127,0.0005342504619850917
main,3.0,static,18,180,1.254760587141254,0.02714699631595242,0.8812442528280122,0.7210506120950727,0.010069150377903882,0.30272308551725635,0.4183275265778164,0.4347135736647565,0.07708333333333334,0.08759356382649795,2.4924739387965436,0.13303396885299174
main,3.0,static,19,180,1.1582328178719672,0.02990066082145553,0.7872853594666689,0.6584729460533639,0.011350929125293738,0.31570418480433726,0.3427687612490268,0.35258059506989925,0.10833333333333332,0.1030048940491993,2.3444081012826103,0.19831343824692088
main,3.0,static,0,190,1.6835910165018924,0.028897029251526995,0.7030887210044904,0.8051922555859699,0.03826502936036698,0.27021871459897195,0.5349735409869979,0.5567428977517768,0.05625000000000001,0.061716349884855595,2.5531546318472063,0.15403164331907412
main,3.0,static,1,190,1.4996275003271065,0.021887298177912816,1.0408908090832552,0.8541352025294249,0.009888472523950186,0.26187844847580316,0.5922567540536218,0.5781400748893387,0.054166666666666675,0.060116533667540176,2.756544870992175,0.12986237568918835
main,3.0,static,2,190,1.1650559815168808,0.02791694836578213,0.8313023216635675,0.6747584171820769,0.009378681676060945,0.3133502931305009,0.36140812405157596,0.3403070967989042,0.09375,0.09917650052091273,2.3891312485515934,0.07071710530160737
main,3.0,static,3,190,1.555752443623208,0.02349694030213792,0.9978426494742175,0.8590306777998545,0.013694966135428555,0.260536448296474,0.5984942295033806,0.6054978827803535,0.060416666666666674,0.058630132727803264,2.7523825056149223,0.14113010512722773
main,3.0,static,4,190,1.2512872722641557,0.031189157748579648,0.6580671383169232,0.6468478561098862,0.02190469298326268,0.308010100821471,0.3388377552884152,0.3660996841992894,0.08958333333333333,0.09929968041221658,2.2720327215623035,0.16978296235378063
main,3.0,static,5,190,1.3567937691986183,0.032380998524219176,0.7010055111792729,0.6967267596340367,0.024337688247105548,0.30145224648118957,0.3952745131528471,0.40646189770722463,0.07395833333333332,0.08796167883498397,2.3817204118590913,0.12522656255208814
main,3.0,static,6,190,1.0758003367098383,0.028399483099643196,0.9094739879352349,0.6712246025815721,0.004821489386636306,0.3192653240077069,0.3519592785738653,0.326072774947661,0.10937499999999997,0.1065302636985879,2.4053149894096855,-0.008102397482862359
main,3.0,static,7,190,1.1225927140217826,0.033494210302547,0.6059018471604685,0.5873295904949327,0.020142468019905747,0.31450294409060575,0.2728266464043271,0.2777467569960501,0.115625,0.11728046745921336,2.1414768487025104,0.15077938832487878
main,3.0,static,8,190,1.2935487671399166,0.0314161927856543,0.7401956716871251,0.688386877204232,0.0190481457687069,0.30589603038503527,0.3824908468191967,0.386859479751977,0.08645833333333333,0.09179153731700909,2.3833944485695118,0.019989071787657305
main,3.0,static,9,190,1.494364193795726,0.029297570490184083,0.7454544479900411,0.7563720707586503,0.026484161966747154,0.28640699251294033,0.46996507824570993,0.4505782405107528,0.08020833333333333,0.07323362386326714,2.500081121914529,0.1454417633395942
main,3.0,static,10,190,0.9959507298937371,0.019202760318398796,1.355972767522129,0.790375419244755,0.0009685369088945795,0.2890333142980447,0.5013421049467104,0.511232806327303,0.09479166666666665,0.0919376053475434,2.7045343067737133,-0.029909967267564386
main,3.0,static,11,190,0.9078593900862885,0.022465757320165973,1.2714216302896257,0.7339155925653601,0.0007631134961704722,0.30930598235714263,0.4246096102082174,0.42297860017456645,0.09479166666666668,0.1093128483400567,2.5860206137000357,-0.03379239284801015
main,3.0,static,12,190,1.4888604742490859,0.03143611384369077,0.5190554509715888,0.6797840130214552,0.04530635230921683,0.28530526446408355,0.3944787485573714,0.4029506764176041,0.08541666666666667,0.0836249438935369,2.2536092078165395,0.26732179453695537
main,3.0,static,13,190,1.3549566193604772,0.03200144239185464,0.5609122382448989,0.6492900999990769,0.034268217222674965,0.2972540451830946,0.3520360548159823,0.3679765303157436,0.08020833333333334,0.09389885956972942,2.228776266659601,0.2159623568385444
main,3.0,static,14,190,1.9503195989599846,0.032608409900344894,0.394675928211616,0.7925346456906485,0.09265321877265319,0.2467281033591137,0.5458065423315347,0.5237001826060925,0.06770833333333334,0.05862302905308843,2.323924847989641,0.27773872231603863
main,3.0,static,15,190,1.4015848611178505,0.03204462031581427,0.6627429326989899,0.6987908047108847,0.028818985311679944,0.2973741000923912,0.40141670461849366,0.41780794320529085,0.08020833333333334,0.08531832886203891,2.366382586102641,0.25681104122456366
main,3.0,static,16,190,1.5629416401430136,0.024073344782821707,0.9394846258495659,0.8421665369251338,0.01658520430076254,0.26510096146854945,0.5770655754565843,0.5818286180457057,0.05729166666666667,0.0600509202444159,2.708542556147855,0.12402446260239444
main,3.0,static,17,190,1.3164712449009985,0.029991963796745697,0.7483765744808999,0.6982799277262146,0.01901823303875805,0.3028546574120693,0.39542527031414537,0.3820815575238375,0.0875,0.08849209634412532,2.4034587199676127,0.003532392111257069
main,3.0,static,18,190,1.2498214234749356,0.02660764700415874,0.8853330862939487,0.7205873855910144,0.009605923873845457,0.3027089433585258,0.41787844223248855,0.40957367617602947,0.09479166666666666,0.08759356382649795,2.4924739387965436,0.13082741828357602
main,3.0,static,19,190,1.1593900129660073,0.030049327153252946,0.7863540759441785,0.6585978053544796,0.011475788426409322,0.31571493182902344,0.3428828735254562,0.3494620718086666,0.10104166666666667,0.1030048940491993,2.3444081012826103,0.198849033605961
main,3.0,static,0,200,1.677524838189692,0.02829700355410043,0.7069586924683334,0.8042601780707084,0.03733295184510569,0.27020425593199043,0.5340559221387181,0.5451722377903924,0.05104166666666667,0.061716349884855595,2.5531546318472063,0.15169135083675384
main,3.0,static,1,200,1.5109207436185832,0.022796421654546307,1.0316084482982721,0.8551085378571338,0.010861807851659135,0.26190006896309426,0.5932084688940396,0.6026273312713623,0.05416666666666666,0.060116533667540176,2.756544870992175,0.13446998277543848
main,3.0,static,2,200,1.179647193298802,0.029668173975144548,0.8192428685225608,0.6761860785988357,0.010806343092819776,0.3134068850904591,0.3627791935083765,0.34278031269749165,0.11770833333333333,0.09917650052091273,2.3891312485515934,0.07745554241327698
main,3.0,static,3,200,1.5519394487900091,0.023173231558310727,1.0008591292264115,0.8586572698582436,0.01332155819381782,0.2605127945464078,0.5981444753118359,0.5912064079480827,0.06354166666666668,0.058630132727803264,2.7523825056149223,0.1396016458080714
main,3.0,static,4,200,1.2524429258674519,0.031314082292536696,0.6572068488515013,0.6469879523371633,0.022044789210539824,0.3079927292673684,0.3389952230697949,0.34061891734472877,0.103125,0.09929968041221658,2.2720327215623035,0.17030918836032077
main,3.0,static,5,200,1.3547629528304521,0.032173102341121154,0.7025241120102516,0.6964867223939415,0.024097651007010404,0.3014779731764715,0.39500874921747,0.39650675330523144,0.0875,0.08796167883498397,2.3817204118590913,0.12433398950888616
main,3.0,static,6,200,1.071875771224909,0.027909506666379907,0.9130262544449664,0.6709371774454185,0.004534064250482576,0.3192319980245103,0.3517051794209081,0.35717878619791876,0.09583333333333334,0.1065302636985879,2.4053149894096855,-0.009993041534570002
main,3.0,static,7,200,1.1158000611121,0.032561543407681075,0.6108304185376564,0.5863973410191459,0.0192102185441188,0.3144525318974101,0.27194480912173574,0.2624199928912334,0.13020833333333331,0.11728046745921336,2.1414768487025104,0.14756447113622861
main,3.0,static,8,200,1.2809858417637998,0.029952416774484892,0.7497124760200807,0.6868835781861218,0.017544846750596747,0.3058709297213188,0.3810126484648031,0.38754822794590543,0.09583333333333333,0.09179153731700909,2.3833944485695118,0.014424438971928919
main,3.0,static,9,200,1.4942461283934163,0.02928381694739667,0.7455345432131717,0.7563548295179947,0.026466920726091615,0.2864052326381196,0.4699495968798752,0.44950317742551354,0.07604166666666667,0.07323362386326714,2.500081121914529,0.14539395663458124
main,3.0,static,10,200,0.9979969582775041,0.01934430812369379,1.3535432926073991,0.7902948530028656,0.0008879706670052344,0.289003719112834,0.5012911338900315,0.4884715465371342,0.08541666666666667,0.0919376053475434,2.7045343067737133,-0.028869082384782647
main,3.0,static,11,200,0.9089363283443896,0.022588256911592476,1.2701783305145433,0.7339009719235083,0.0007484928543187978,0.30932497879826953,0.42457599312523886,0.4269009318311072,0.1125,0.1093128483400567,2.5860206137000357,-0.033231243379728645
main,3.0,static,12,200,1.4928855830647259,0.031822752796986806,0.5165963209156785,0.6804348855924639,0.04595722488022552,0.2852258581356041,0.39520902745685965,0.39150648657053866,0.08437499999999999,0.0836249438935369,2.2536092078165395,0.26900538401991014
main,3.0,static,13,200,1.3497540071762022,0.03137882562917338,0.564216573468606,0.6484498020913272,0.033427919314925246,0.2972484534063109,0.35120134868501623,0.35653573923783616,0.08541666666666667,0.09389885956972942,2.228776266659601,0.21372152954768026
main,3.0,static,14,200,1.945668682878864,0.03211962408770036,0.3966984511678099,0.7914955860447915,0.09161415912679627,0.2467006981726282,0.5447948878721632,0.530295125499868,0.06354166666666666,0.05862302905308843,2.323924847989641,0.2760780141804605
main,3.0,static,15,200,1.3995269099652712,0.03182943003886017,0.6641954094187027,0.6985172498076112,0.028545430408406382,0.2973943002161906,0.40112294959142075,0.3883850174242218,0.09479166666666666,0.08531832886203891,2.366382586102641,0.2559263916611062
main,3.0,static,16,200,1.5546515711395537,0.02344020317972479,0.946001568395068,0.8413644475714488,0.015783114947077462,0.2651688315677081,0.5761956160037406,0.5528150139361138,0.06562500000000002,0.0600509202444159,2.708542556147855,0.12067015982125537
main,3.0,static,17,200,1.310764119972875,0.02941525274223673,0.7527957139507949,0.6976583622219688,0.0183966675345122,0.3029298116441047,0.3947285505778641,0.389535037604508,0.08020833333333333,0.08849209634412532,2.4034587199676127,0.0009993484983179968
main,3.0,static,18,200,1.2462080910866713,0.026230978660274053,0.8883610781426224,0.7202667159631893,0.009285254246020355,0.30271863656792386,0.41754807939526534,0.3956610299168535,0.09375,0.08759356382649795,2.4924739387965436,0.12920419913961614
main,3.0,static,19,200,1.1579280918275114,0.029892336550165217,0.7875944272854458,0.6584716185543742,0.011349601626303912,0.3157363943568822,0.3427352241974919,0.34083435728829614,0.103125,0.1030048940491993,2.3444081012826103,0.19815602933597837
main,3.0,static,0,210,1.6853578297678546,0.02907078270985915,0.7019597349822975,0.8054627824866705,0.03853555626106761,0.2702218099424256,0.5352409725442449,0.5315075836493321,0.058333333333333334,0.061716349884855595,2.5531546318472063,0.15471369999667361
main,3.0,static,1,210,1.5212666569388564,0.023636860769382095,1.0231197490276425,0.8560077555786272,0.011761025573152438,0.2619281005823632,0.5940796549962639,0.5656327027059647,0.05833333333333333,0.060116533667540176,2.756544870992175,0.13868772015598535
main,3.0,static,2,210,1.177018307154492,0.02929480864003247,0.8212955395469876,0.675869551780504,0.010489816274488068,0.313331205547904,0.36253834623260006,0.349136105154789,0.1125,0.09917650052091273,2.3891312485515934,0.07627184291994533
main,3.0,static,3,210,1.5472497796762723,0.022797777177037872,1.0046135426890603,0.8582203665141236,0.012884654849697677,0.2605083334404001,0.5977120330737236,0.6181892790819741,0.05,0.058630132727803264,2.7523825056149223,0.13771183180492577
main,3.0,static,4,210,1.256406421016868,0.03179160920550606,0.6543523413062602,0.6475167905095447,0.022573627382921235,0.3079890049014381,0.33952778560810665,0.3173218224998529,0.11666666666666667,0.09929968041221658,2.2720327215623035,0.17208890644177965
main,3.0,static,5,210,1.3480531788067425,0.03136293189709537,0.707301486236581,0.6955725323134729,0.023183460926541798,0.30142388760158945,0.3941486447118835,0.38772225029585367,0.09791666666666667,0.08796167883498397,2.3817204118590913,0.1214453127780362
main,3.0,static,6,210,1.0783151289390762,0.02866414975361828,0.9070904326067153,0.6713565704331363,0.004953457238200695,0.319230822161115,0.3521257482720214,0.35217414167312405,0.10729166666666665,0.1065302636985879,2.4053149894096855,-0.006863767046885512
main,3.0,static,7,210,1.1112751935188778,0.03203664566242163,0.6143063454190532,0.5858727282001175,0.01868560572509051,0.3145298526891883,0.27134287551092917,0.2819704767927643,0.09895833333333334,0.11728046745921336,2.1414768487025104,0.14536999971841585
main,3.0,static,8,210,1.2795075354466972,0.029759569732300584,0.7507913560610474,0.6866861537466817,0.017347422311156647,0.3058447043280709,0.3808414494186108,0.3925168965497282,0.09895833333333334,0.09179153731700909,2.3833944485695118,0.013779965361448206
main,3.0,static,9,210,1.4895215538753401,0.028827664894188438,0.748918665722978,0.7557559614975021,0.02586805270559896,0.2864398593134217,0.4693161021840804,0.4556475694994475,0.08645833333333333,0.07323362386326714,2.500081121914529,0.14343771489387347
main,3.0,static,10,210,1.0009498069833807,0.019625054286266024,1.35021711568443,0.7902639923180256,0.0008571099821651993,0.28904436642346865,0.5012196258945572,0.49732301716267074,0.08645833333333333,0.0919376053475434,2.7045343067737133,-0.027408810686732316
main,3.0,static,11,210,0.8995968082685094,0.021706944800014092,1.2814006930368682,0.7342348153684639,0.001082336299274339,0.3093609086224613,0.42487390674600256,0.416586360170869,0.10520833333333335,0.1093128483400567,2.5860206137000357,-0.038204133799518
main,3.0,static,12,210,1.494033655129125,0.03195880165868781,0.5159408325719622,0.6806444297865916,0.04616676907435335,0.2852322787039541,0.3954121510826375,0.4226087492455187,0.062499999999999986,0.0836249438935369,2.2536092078165395,0.26947366648067794
main,3.0,static,13,210,1.3578205548510323,0.032345788398226424,0.5590962530677182,0.6497541987723257,0.03473231599592366,0.2972589476916375,0.35249525108068813,0.3632604848519841,0.08541666666666667,0.09389885956972942,2.228776266659601,0.2171951014939894
main,3.0,static,14,210,1.9423635453583579,0.03179377081944757,0.3981702116658095,0.7907758426145381,0.09089441569654301,0.24670510463800793,0.5440707379765303,0.5100719771874908,0.07708333333333334,0.05862302905308843,2.323924847989641,0.27488926676585124
main,3.0,static,15,210,1.397854945927584,0.03170432398359032,0.6654701833152645,0.6983431510754796,0.028371331676274723,0.29746678654808617,0.4008763645273934,0.4012581711176084,0.08020833333333333,0.08531832886203891,2.366382586102641,0.2551837954528967
main,3.0,static,16,210,1.5641741953770123,0.024180245518553058,0.9385403837490109,0.8422982748815253,0.016716942257154054,0.2651048055949227,0.5771934692866025,0.5570928950706153,0.05833333333333333,0.0600509202444159,2.708542556147855,0.12451758286026178
main,3.0,static,17,210,1.3150251016740675,0.029853409875742504,0.7495113136860752,0.6981299417452951,0.018868247057838433,0.30288224448837925,0.395247697256916,0.3978607717524184,0.07604166666666666,0.08849209634412532,2.4034587199676127,0.0028867949291736003
main,3.0,static,18,210,1.2511508946706036,0.02673729749109268,0.8842006404529282,0.7206962775382082,0.009714815821039238,0.30269537088925197,0.4180009066489562,0.41864398778102363,0.09270833333333334,0.08759356382649795,2.4924739387965436,0.1314291402778986
main,3.0,static,19,210,1.152565660200315,0.02922507137036026,0.791954826670649,0.6579151860804414,0.01079316915237121,0.31571120714990214,0.3422039789305392,0.30831614891690934,0.11875000000000002,0.1030048940491993,2.3444081012826103,0.1956625859625312
main,3.0,static,0,220,1.6895402142101852,0.02947573636076477,0.6992756594559124,0.8060972033422875,0.03916997711668451,0.2702221025662556,0.5358751007760317,0.5434541378446197,0.06458333333333334,0.061716349884855595,2.5531546318472063,0.15633097882269145
main,3.0,static,1,220,1.5128152235813657,0.022956666247876623,1.0300666292801592,0.8552795063698004,0.011032776364325775,0.26191209309074664,0.5933674132790538,0.5931268421311923,0.059375,0.060116533667540176,2.756544870992175,0.13523949192209625
main,3.0,static,2,220,1.1695376327944857,0.02840069333082444,0.8274859218297875,0.6751414159850326,0.009761680479016743,0.3133063905986234,0.3618350253864092,0.3714703581568327,0.08958333333333333,0.09917650052091273,2.3891312485515934,0.072815210385484
main,3.0,static,3,220,1.5477869264139454,0.022881419050339684,1.0042630580126715,0.8583104678256523,0.01297475616122636,0.2605529769639638,0.5977574908616884,0.6103122534024432,0.058333333333333334,0.058630132727803264,2.7523825056149223,0.1379104866926239
main,3.0,static,4,220,1.2534624691232656,0.031427550105415855,0.6564542518029653,0.6471147570105489,0.022171593883925395,0.3079811098918065,0.3391336471187423,0.3392935092153875,0.08854166666666666,0.09929968041221658,2.2720327215623035,0.17077177400068794
main,3.0,static,5,220,1.337100812436757,0.030167850365912192,0.7153475789914018,0.694205413931357,0.021816342544425757,0.30147928592568835,0.39272612800566853,0.3906040974534752,0.08229166666666667,0.08796167883498397,2.3817204118590913,0.11666776437339647
main,3.0,static,6,220,1.084916412119771,0.029470188964587047,0.9010759224922282,0.6718208411921955,0.005417727997259603,0.319266346842627,0.35255449434956837,0.3529480398840994,0.10520833333333335,0.1065302636985879,2.4053149894096855,-0.0036736492846913445
main,3.0,static,7,220,1.1141641818219583,0.03234805744839183,0.6120396298693891,0.586183956379913,0.018996833904886046,0.31445319546008144,0.27173076091983156,0.2660531143164059,0.11354166666666668,0.11728046745921336,2.1414768487025104,0.14678411487653506
main,3.0,static,8,220,1.2811217674545126,0.029928107050971126,0.7495296426311909,0.6868598390455583,0.01752110761003311,0.305825850231343,0.3810339888142152,0.3717485610290691,0.10729166666666667,0.09179153731700909,2.3833944485695118,0.014504774069234939
main,3.0,static,9,220,1.4917070719231524,0.028991122718697332,0.74726288786865,0.7559870275035,0.026099118711596765,0.2863708227788243,0.4696162047246757,0.4722788078844178,0.08229166666666665,0.07323362386326714,2.500081121914529,0.14436443633337692
main,3.0,static,10,220,1.0116664264018342,0.020576372013772652,1.3379867940341335,0.79007653081658,0.0006696484807196384,0.28911823364642947,0.5009582971701506,0.5038873245318374,0.09062500000000001,0.0919376053475434,2.7045343067737133,-0.02207219150722399
main,3.0,static,11,220,0.8932579750668805,0.02106622833492309,1.2889139674994228,0.734412723633742,0.0012602445645525148,0.3093381187498265,0.4250746048839155,0.43046204711657277,0.10104166666666667,0.1093128483400567,2.5860206137000357,-0.041554265440826
main,3.0,static,12,220,1.5010981311767932,0.03276623046899054,0.511854415400052,0.6819062590152788,0.0474285983030405,0.2852382532070492,0.39666800580822953,0.3782333173069118,0.11145833333333333,0.0836249438935369,2.2536092078165395,0.2723689217175574
main,3.0,static,13,220,1.3635852315782624,0.03306554507243921,0.5554904248887318,0.6507137338464778,0.03569185107007587,0.29729904392123696,0.35341468992524083,0.3382041698451313,0.09583333333333333,0.09389885956972942,2.228776266659601,0.21966339971143514
main,3.0,static,14,220,1.9504762258068435,0.032607681539836474,0.39458025627976445,0.7925547212088148,0.09267329429081954,0.24670993185304718,0.5458447893557675,0.52031836437951,0.07395833333333332,0.05862302905308843,2.323924847989641,0.27780150773028434
main,3.0,static,15,220,1.4065169029537827,0.03266543032197852,0.6594621518191182,0.699548161698293,0.0295763422990881,0.2974442024068666,0.40210395929142634,0.39365541298439,0.08854166666666666,0.08531832886203891,2.366382586102641,0.25888072340992807
main,3.0,static,16,220,1.5591266586979744,0.023772329894972792,0.9424649737415288,0.8417879874448253,0.0162066548204541,0.26512165939696786,0.5766663280478574,0.573426238537374,0.06875,0.0600509202444159,2.708542556147855,0.12248508431404156
main,3.0,static,17,220,1.3220580672280862,0.03064673365239644,0.7442286524811164,0.6989778177871997,0.019716123099743,0.30288276558374183,0.3960950522034578,0.37748332766340853,0.09166666666666667,0.08849209634412532,2.4034587199676127,0.005967498580094821
main,3.0,static,18,220,1.2491379844418309,0.026507659777094583,0.8858468344163264,0.7204974928784172,0.009516031161248332,0.302678602947738,0.4178188899306792,0.42283698798387925,0.09166666666666666,0.08759356382649795,2.4924739387965436,0.13053481141176063
main,3.0,static,19,220,1.156735012249234,0.029747576181596447,0.7885722250631165,0.6583516044979824,0.011229587569912085,0.31573499475743316,0.34261660974054914,0.3269249134515372,0.10833333333333332,0.1030048940491993,2.3444081012826103,0.19759930262224112
main,3.0,static,0,230,1.688528022438852,0.02939903380557333,0.6999639619116034,0.8059636727186763,0.03903644649307345,0.270245615222917,0.5357180574957594,0.5533422098558798,0.06145833333333334,0.061716349884855595,2.5531546318472063,0.15593045609050327
main,3.0,static,1,230,1.518313264914987,0.02338289438455778,1.0255151313027224,0.8557370968674224,0.011490366861947616,0.26190484689797755,0.5938322499694448,0.5976843807087105,0.054166666666666675,0.060116533667540176,2.756544870992175,0.1374899399950233
main,3.0,static,2,230,1.1766054597085347,0.029217512499686415,0.8215791621197758,0.6758007114426656,0.010420975936649743,0.3132981957896418,0.3625025156530239,0.40117288267355483,0.08854166666666667,0.09917650052091273,2.3891312485515934,0.07609574527153577
main,3.0,static,3,230,1.5438371600416159,0.022565424584847754,1.007425563965175,0.8579427161972127,0.012607004532786889,0.2605494622948853,0.5973932539023273,0.5697433448484139,0.065625,0.058630132727803264,2.7523825056149223,0.1363187362908405
main,3.0,static,4,230,1.2588382348164955,0.032039023587558044,0.6525118152263887,0.647796357876814,0.022853194750190597,0.3079348545697485,0.3398615033070655,0.3263541658494685,0.09270833333333334,0.09929968041221658,2.2720327215623035,0.17320412461845192
main,3.0,static,5,230,1.333576276406736,0.029731799858237318,0.7178366488899999,0.693714908384991,0.02132583699805987,0.30143905136403004,0.39227585702096096,0.3719648161806365,0.1125,0.08796167883498397,2.3817204118590913,0.11515552102662466
main,3.0,static,6,230,1.071874747512087,0.02793126472516939,0.913074824868828,0.6709602790353614,0.0045571658404255635,0.31925678506467225,0.35170349397068906,0.3319686477822169,0.103125,0.1065302636985879,2.4053149894096855,-0.010005582254969683
main,3.0,static,7,230,1.1123437607770783,0.032125103759632366,0.6134144849095883,0.5859611164820997,0.01877399400707264,0.3144707496978151,0.2714903667842846,0.25526724415408464,0.12708333333333335,0.11728046745921336,2.1414768487025104,0.1459077091567068
main,3.0,static,8,230,1.2771100872626875,0.029469453247201065,0.7525860592563356,0.686388533255408,0.017049801819882963,0.30582774086258047,0.3805607923928276,0.3782733321482909,0.09166666666666669,0.09179153731700909,2.3833944485695118,0.012723440510776864
main,3.0,static,9,230,1.495518070600219,0.029421294505779332,0.7446513496060768,0.7565302382373584,0.026642329445455148,0.28641227064365243,0.470117967593706,0.43985159923734934,0.09166666666666667,0.07323362386326714,2.500081121914529,0.1459138880886168
main,3.0,static,10,230,1.0149569530929097,0.02084389315691255,1.334173727579357,0.7899915246097263,0.000584642273866041,0.2891141259318824,0.500877398677844,0.5155751879130295,0.096875,0.0919376053475434,2.7045343067737133,-0.020420155564306805
main,3.0,static,11,230,0.8944036228784211,0.021167819351920823,1.2875215158310434,0.7343643193537952,0.0012118402846055202,0.3093264880679345,0.42503783128586053,0.43173727364962955,0.10520833333333332,0.1093128483400567,2.5860206137000357,-0.0409404261910451
main,3.0,static,12,230,1.4938570981580834,0.031936232904431885,0.5160387031539356,0.6806106780721504,0.04613301735991204,0.2852294340327872,0.3953812440393631,0.39689590191365653,0.08229166666666667,0.0836249438935369,2.2536092078165395,0.2694024131923213
main,3.0,static,13,230,1.3643666238441903,0.033142373335499874,0.5549631501438392,0.6508240491078433,0.03580216633144117,0.29728095209073524,0.35354309701710784,0.3564264771403872,0.09479166666666668,0.09389885956972942,2.228776266659601,0.2200081175769469
main,3.0,static,14,230,1.9571446427830992,0.0332672049590972,0.39161418748847054,0.7940086784102223,0.09412725149222709,0.24670335717037,0.5473053212398522,0.5382785340565507,0.06562499999999999,0.05862302905308843,2.323924847989641,0.2801990824750026
main,3.0,static,15,230,1.4117897868363831,0.03335183562468561,0.6559978726462758,0.7003798317024481,0.030408012303243172,0.2975447405765947,0.4028350911258533,0.39835259871963835,0.09270833333333334,0.08531832886203891,2.366382586102641,0.2610825426080554
main,3.0,static,16,230,1.5617992284098718,0.02401700783087584,0.9404424719597257,0.8420862360668245,0.016504903442453287,0.2651440574994874,0.5769421785673372,0.6125103613406124,0.04479166666666666,0.0600509202444159,2.708542556147855,0.12354868119967184
main,3.0,static,17,230,1.3182924721490832,0.03026887813620832,0.7471496810098347,0.698570343765042,0.019308649077585324,0.30293535288859197,0.39563499087645015,0.3628826947197169,0.10104166666666667,0.08849209634412532,2.4034587199676127,0.004294867039387532
main,3.0,static,18,230,1.2580051017323195,0.027489126646712537,0.8785333532430695,0.7213425272073672,0.010361065490198277,0.3027187573723577,0.41862376983500943,0.3954145990572964,0.09895833333333333,0.08759356382649795,2.4924739387965436,0.13448954336732433
main,3.0,static,19,230,1.1657713700429804,0.030807137502712384,0.7810900962403169,0.6592228679286699,0.012100851000599638,0.3157037054417992,0.34351916248687064,0.3285755728832141,0.09687500000000002,0.1030048940491993,2.3444081012826103,0.20183550820278393
main,3.0,static,0,240,1.686548022773696,0.029239304019750428,0.7012927747565466,0.805693367183331,0.03876614095772816,0.27028088365667713,0.5354124835266539,0.5219344798219032,0.055208333333333325,0.061716349884855595,2.5531546318472063,0.15515112111495133
main,3.0,static,1,240,1.521803215513471,0.023679697159910897,1.022678022262272,0.8560536449785514,0.011806914973076591,0.26192873985632426,0.594124905122227,0.5834639787819651,0.0625,0.060116533667540176,2.756544870992175,0.13890679292041727
main,3.0,static,2,240,1.1754128158532704,0.029063960084930257,0.8225432556186723,0.675673343852291,0.010293608346275082,0.3132817836565206,0.3623915601957704,0.37750175819238957,0.090625,0.09917650052091273,2.3891312485515934,0.07555042908263652
main,3.0,static,3,240,1.5444379021498258,0.02263392832467712,1.006984571942928,0.8580188008058103,0.012683089141384432,0.26057219713637464,0.5974466036694357,0.591693985717659,0.06145833333333334,0.058630132727803264,2.7523825056149223,0.13655187988334855
main,3.0,static,4,240,1.2523040039597917,0.03125673227703062,0.6572274686673427,0.6469294016347218,0.02198623850809827,0.30794664056428933,0.3389827610704324,0.349609549680799,0.09791666666666665,0.09929968041221658,2.2720327215623035,0.17026754283702333
main,3.0,static,5,240,1.3306377028808516,0.029389788808051803,0.719953855417127,0.69332711570201,0.020938044315078997,0.3014298120964136,0.3918973036055966,0.40594554367192764,0.08333333333333333,0.08796167883498397,2.3817204118590913,0.11388414244966752
main,3.0,static,6,240,1.0762674519995794,0.028469864644448402,0.9090774448621042,0.6712715871687107,0.004868473973774911,0.3192829572788593,0.35198862988985136,0.32495070042031887,0.1125,0.1065302636985879,2.4053149894096855,-0.00788400678642326
main,3.0,static,7,240,1.1087391072088342,0.03172031116575423,0.6162102370884764,0.5855565518210216,0.01836942934599458,0.31454771463410636,0.2710088371869152,0.25711238113148027,0.13020833333333334,0.11728046745921336,2.1414768487025104,0.14415219506132
main,3.0,static,8,240,1.277948144435715,0.029597348009888058,0.7520113780694864,0.6865189568383632,0.017180225402838083,0.3058635841428655,0.38065537269549765,0.3693181553126591,0.090625,0.09179153731700909,2.3833944485695118,0.013079485187998466
main,3.0,static,9,240,1.4936483188721847,0.029189694912791313,0.7458935858450255,0.756243866543334,0.026355957751430643,0.28636902406130516,0.46987484248202877,0.4896321009760952,0.0625,0.07323362386326714,2.500081121914529,0.1451631138598278
main,3.0,static,10,240,1.0081387483647228,0.02023474742283407,1.3419458463597915,0.7901064473824493,0.000699565046589015,0.28906288840377214,0.5010435589786771,0.4959881746078059,0.09583333333333334,0.0919376053475434,2.7045343067737133,-0.02381333115307304
main,3.0,static,11,240,0.9053042231957594,0.022266365520297277,1.2745933468058863,0.734054645173981,0.0009021661047913709,0.3093620602399202,0.42469258493406076,0.41335684108505666,0.10520833333333332,0.1093128483400567,2.5860206137000357,-0.03517743935301061
main,3.0,static,12,240,1.4991773255729188,0.03252116427323152,0.5129200010594795,0.6815394969685433,0.047061836256305035,0.2852078295599945,0.39633166740854875,0.4166706958050163,0.06666666666666667,0.0836249438935369,2.2536092078165395,0.2715935250946873
main,3.0,static,13,240,1.3612263020201907,0.032698519271470335,0.5568312851652839,0.6502520354856482,0.03523015270924635,0.2972003708749109,0.35305166461073745,0.3457314132330199,0.09166666666666666,0.09389885956972942,2.228776266659601,0.2186888327329079
main,3.0,static,14,240,1.9528773238812875,0.03283982186568754,0.3935037103651733,0.7930736187040494,0.09319219178605427,0.24670163879031884,0.5463719799137305,0.5305659478989385,0.06770833333333333,0.05862302905308843,2.323924847989641,0.27866693133465725
main,3.0,static,15,240,1.4100429240235013,0.03312523098185332,0.6571470755811599,0.7001050768621715,0.030133257462966544,0.29751233051680903,0.4025927463453624,0.4159689252873762,0.078125,0.08531832886203891,2.366382586102641,0.2603527161046463
main,3.0,static,16,240,1.5626046377952965,0.024084168268263956,0.9398202511577379,0.8421696857404328,0.016588353116061518,0.2651436293174866,0.5770260564229461,0.5849845934303183,0.05937499999999999,0.0600509202444159,2.708542556147855,0.12387208905899852
main,3.0,static,17,240,1.3185856365765851,0.03025522119570433,0.7468372501828545,0.6985593693183811,0.019297674630924612,0.30288271153008567,0.39567665778829564,0.40244526666995845,0.08958333333333332,0.08849209634412532,2.4034587199676127,0.004446354214825401
main,3.0,static,18,240,1.2491974952545772,0.026651165693789614,0.8860786951276071,0.7206424520253246,0.009660990308155685,0.30283213538506815,0.41781031664025636,0.4428152816840202,0.07812499999999999,0.08759356382649795,2.4924739387965436,0.13049268703343195
main,3.0,static,19,240,1.1574160748757698,0.0297772796050406,0.7879044419072946,0.6583659321293683,0.0112439152012981,0.3156756228730287,0.3426903092563397,0.3419781360876625,0.10937500000000003,0.1030048940491993,2.3444081012826103,0.19794521736389742
main,3.0,static,0,250,1.6871049359194363,0.029225136779698353,0.7008116012173203,0.8057138913054848,0.038786665079882,0.2702055388628279,0.535508352442657,nan,nan,0.061716349884855595,2.5531546318472063,0.15539562492372852
main,3.0,static,1,250,1.5166900081260544,0.023315359955340547,1.026974459065698,0.8556599423823641,0.01141321237688954,0.2619702759042226,0.5936896664781417,nan,nan,0.060116533667540176,2.756544870992175,0.13679964004696066
main,3.0,static,2,250,1.1749243977593058,0.029000730604970777,0.8229373586683139,0.6756208290108635,0.010241093504847596,0.31327467097629536,0.3623461580345681,nan,nan,0.09917650052091273,2.3891312485515934,0.07532728968843733
main,3.0,static,3,250,1.5505110748487447,0.02311796184664488,1.0021182908436965,0.8585824425130287,0.013246730848602778,0.2605756025075072,0.5980068400055215,nan,nan,0.058630132727803264,2.7523825056149223,0.13900016633572448
main,3.0,static,4,250,1.252716882028015,0.03134924266344423,0.6570137582041441,0.6470266276318677,0.02208346450524426,0.30799492296406306,0.3390317046678047,nan,nan,0.09929968041221658,2.2720327215623035,0.17043110260502983
main,3.0,static,5,250,1.3385729327451115,0.03029599620341894,0.7142028397459954,0.6943572562315087,0.02196818484457745,0.3014351898916526,0.39292206633985605,nan,nan,0.08796167883498397,2.3817204118590913,0.11732582685646978
main,3.0,static,6,250,1.0741743825249905,0.02819124943417653,0.9109343005436893,0.6710999775009521,0.004696864306016251,0.3192455852985524,0.35185439220239967,nan,nan,0.1065302636985879,2.4053149894096855,-0.00888281249805942
main,3.0,static,7,250,1.1013298394427398,0.03074452110519176,0.6216692995437261,0.5845812200305526,0.017394097555525522,0.3145405217578111,0.27004069827274146,nan,nan,0.11728046745921336,2.1414768487025104,0.140622647720078
main,3.0,static,8,250,1.2933948981569885,0.03142759155226686,0.740370572695437,0.6883976874682308,0.01905895603270567,0.30592885121104857,0.38246883625718225,nan,nan,0.09179153731700909,2.3833944485695118,0.019906213695362288
main,3.0,static,9,250,1.4911475774419025,0.028920555891400496,0.7476322063732491,0.7559001132355174,0.026012204443614205,0.2863564723392716,0.4695436408962458,nan,nan,0.07323362386326714,2.500081121914529,0.1441403580719767
main,3.0,static,10,250,1.0046594517047955,0.019915261980327115,1.3458916149041207,0.7901554428630811,0.0007485605272207929,0.2890273243427792,0.5011281185203019,nan,nan,0.0919376053475434,2.7045343067737133,-0.02554012973853239
main,3.0,static,11,250,0.9048619012539104,0.02219351711200661,1.2750492141084055,0.734034877491441,0.000882398422251409,0.30932927902086954,0.4247055984705714,nan,nan,0.1093128483400567,2.5860206137000357,-0.035394666383033034
main,3.0,static,12,250,1.4978473920199609,0.032371812517391796,0.5136940218251063,0.6813044087874862,0.04682674807524798,0.28520969647494593,0.39609471231254034,nan,nan,0.0836249438935369,2.2536092078165395,0.27104724735360525
main,3.0,static,13,250,1.3590058554306528,0.03243869877394844,0.5582525328387709,0.6498990290144573,0.034877146238055365,0.2972046893503392,0.3526943396641181,nan,nan,0.09389885956972942,2.228776266659601,0.21772956879271793
main,3.0,static,14,250,1.9472451064785976,0.032308295901926166,0.3960497937772503,0.7918677320525913,0.09198630513459607,0.24673553487203304,0.5451321971805582,nan,nan,0.05862302905308843,2.323924847989641,0.276631733197333
main,3.0,static,15,250,1.3967597275156298,0.031554108756716895,0.6661751797679691,0.698163005346772,0.028191185947567077,0.29743728404167036,0.4007257213051017,nan,nan,0.08531832886203891,2.366382586102641,0.25473013015849766
main,3.0,static,16,250,1.5637727198571492,0.02414074065874427,0.9388388892350473,0.8422507832503137,0.016669450625942394,0.26509844009445527,0.5771523431558583,nan,nan,0.0600509202444159,2.708542556147855,0.12435901283233489
main,3.0,static,17,250,1.319942645630711,0.03039349345822471,0.7457887513603427,0.6987082968164262,0.019446602128969502,0.3028661323074329,0.3958421645089933,nan,nan,0.08849209634412532,2.4034587199676127,0.005048082169310171
main,3.0,static,18,250,1.2491275243193092,0.02659257947891618,0.8860320845468431,0.7205840627816895,0.009602601064520558,0.3027749081676671,0.4178091546140223,nan,nan,0.08759356382649795,2.4924739387965436,0.1304869774831543
main,3.0,static,19,250,1.1597698130184764,0.030077107128397583,0.7860049067975472,0.6586172756481404,0.011495258720070164,0.31569457201185724,0.34292270363628313,nan,nan,0.1030048940491993,2.3444081012826103,0.19903597950851
