block,family,strength_anchor,condition,init_label,world,g0_loss,g1_loss,g2_loss,population_regret,population_loss,monitoring_loss,monitoring_gap,action,g0_expected_share,g1_expected_share,g2_expected_share,g0_realized_share,g1_realized_share,g2_realized_share,effective_sample_size,expected_invites_per_accepted,realized_invites_per_accepted
main_extension,sigmoid,3.0,endogenous,world_optimum,0,2.619192747126279,0.21268690135837667,0.27207745047597454,0.2677251400946073,1.03465236632021,0.27351668671479296,0.7611356796054171,0.475914284475561,0.013351595095987356,0.5026972062983524,0.4839511986056603,0.013458333333333327,0.5044375000000001,0.4821041666666666,96.00000000000009,1.9230708756436676,1.9199791666666666
main_extension,sigmoid,3.0,endogenous,world_optimum,1,2.6912970861524466,0.2731415589907623,0.3691753666239756,0.26695794058358696,1.1112046705890615,0.35245636689732984,0.7587483036917317,0.547140334034004,0.014004600050513922,0.5111092443699446,0.4748861555795415,0.014437499999999992,0.5128125,0.4727499999999999,96.00000000000009,2.0325424465493485,2.027708333333334
main_extension,sigmoid,3.0,endogenous,world_optimum,2,2.0534207757828105,0.2395401479968601,0.31502280902465063,0.20394817542875782,0.8693279109347738,0.30474706326910234,0.5645808476656714,0.4258717460475559,0.01603492633044442,0.5048547804698018,0.4791102931997539,0.015291666666666658,0.5035833333333333,0.481125,96.00000000000009,1.9635028517795416,1.968104166666666
main_extension,sigmoid,3.0,endogenous,world_optimum,3,2.72987233406987,0.2702680294687304,0.3568906576158355,0.27367462872038606,1.1190103403848117,0.3455341429910869,0.7734761973937249,0.5473492803741105,0.013874674975698323,0.5091335931746861,0.4769917318496155,0.013979166666666659,0.5082291666666667,0.4777916666666666,96.00000000000009,2.02073996775931,2.022875
main_extension,sigmoid,3.0,endogenous,world_optimum,4,2.024437141742136,0.20592068720529916,0.2608053522497823,0.20544456393911603,0.8303877270657395,0.2612075772365236,0.5691801498292158,0.47529806397674507,0.015837817981484276,0.5005408787462101,0.4836213032723055,0.015666666666666655,0.49983333333333324,0.4844999999999999,96.00000000000009,1.90719203654666,1.9010625000000005
main_extension,sigmoid,3.0,endogenous,world_optimum,5,2.1908260065733147,0.2199454076235154,0.2762969396200899,0.2233003798853756,0.8956894512723066,0.27624422549155947,0.6194452257807473,0.44176250391823874,0.01476952599180556,0.5016147502618583,0.483615723746336,0.01566666666666666,0.4974374999999999,0.48689583333333325,96.00000000000009,1.927348976173312,1.9251666666666665
main_extension,sigmoid,3.0,endogenous,world_optimum,6,1.9852865690394932,0.2593652466220901,0.341874177686054,0.19577221792094332,0.8621753311158791,0.3278958047457584,0.5342795263701207,0.3654039140480648,0.016971267375028153,0.5063326277207,0.4766961049042718,0.016499999999999994,0.5045416666666666,0.47895833333333326,96.00000000000009,1.994835121234311,1.9976666666666667
main_extension,sigmoid,3.0,endogenous,world_optimum,7,1.7908173530330032,0.19135012199194032,0.25327996762742544,0.1779620250757626,0.7451491475507896,0.2511562069562099,0.4939929405945799,0.4307788951270733,0.01878962914597298,0.49987921962124365,0.4813311512327833,0.018874999999999996,0.49872916666666667,0.48239583333333325,96.00000000000009,1.8887281450481896,1.8855416666666667
main_extension,sigmoid,3.0,endogenous,world_optimum,8,2.134124578263423,0.22410384178770135,0.2919163614868909,0.2140428624104799,0.883381593846005,0.2857248449119488,0.5976567489340561,0.34481213789116455,0.01522191181297838,0.5034681716218843,0.4813099165651372,0.013895833333333324,0.5053124999999999,0.4807916666666666,96.00000000000009,1.9394066849363418,1.9377708333333339
main_extension,sigmoid,3.0,endogenous,world_optimum,9,2.4284953819889217,0.22789981319472702,0.2823056285704058,0.24967903245944845,0.9795669412513517,0.2846715677412971,0.6948953735100546,0.4825387673279839,0.013870069274679594,0.5019065050007194,0.48422342572460114,0.013333333333333327,0.4989374999999999,0.48772916666666666,96.00000000000009,1.9379228707021479,1.9405833333333333
main_extension,sigmoid,3.0,endogenous,world_optimum,10,0.49139924277721214,0.06341884269400888,2.140939769040891,0.10917906916817703,0.8985859515040373,0.23744900169790148,0.6611369498061359,-0.32980480197184986,0.2819179013817391,0.6923297043536942,0.025752394264566686,0.2794791666666666,0.6945624999999999,0.025958333333333323,96.00000000000009,2.4580968271778834,2.4668958333333335
main_extension,sigmoid,3.0,endogenous,world_optimum,11,0.3730931534672689,0.07625353862767488,2.167428752564524,0.13910600248396643,0.8722584815531558,0.2227094830425244,0.6495489985106315,-0.3798248680044673,0.32742181343017673,0.648983183331289,0.02359500323853426,0.3284791666666666,0.6477708333333333,0.02375,96.00000000000009,2.3166223298294524,2.3212916666666663
main_extension,sigmoid,3.0,endogenous,world_optimum,12,2.1842005946288436,0.167694915289911,0.21803804806795696,0.22216685861666569,0.856644519328904,0.22099705687563706,0.6356474624532666,0.5260193966290875,0.014322404515326159,0.4998982814911247,0.4857793139935492,0.01510416666666666,0.5033958333333333,0.48149999999999993,96.00000000000009,1.86434001353405,1.857375
main_extension,sigmoid,3.0,endogenous,world_optimum,13,2.0563110671905336,0.17934100981862283,0.23323171616874908,0.20793938161623307,0.822961264392635,0.23414963597247543,0.5888116284201598,0.4870219429899535,0.015305841793718156,0.50014264972991,0.48455150847637196,0.014833333333333323,0.5023749999999999,0.4827916666666668,96.00000000000009,1.8770719529917486,1.8782916666666665
main_extension,sigmoid,3.0,endogenous,world_optimum,14,2.595489025759547,0.13853299655110876,0.17523580778593076,0.26987118311420055,0.9697526100321957,0.18778317574414632,0.7819694342880494,0.4928997661417066,0.01274713234755774,0.4983488756323829,0.4889039920200594,0.01216666666666666,0.49818750000000006,0.48964583333333334,96.00000000000009,1.8307607588873342,1.8296458333333336
main_extension,sigmoid,3.0,endogenous,world_optimum,15,2.206740000601525,0.2065431352372047,0.26650801556019454,0.22329189773376973,0.8932637171329745,0.26463416316447036,0.6286295539685041,0.5595687755514847,0.014574101995406055,0.5020367684837186,0.4833891295208752,0.013874999999999993,0.5058125,0.4803125,96.00000000000009,1.9135764283553804,1.9138333333333335
main_extension,sigmoid,3.0,endogenous,world_optimum,16,2.7014475440842896,0.2616425505165215,0.33575380770693997,0.27403330147821264,1.0996146341025839,0.3306209037483179,0.7689937303542659,0.5187016371939401,0.013755327546456924,0.5064232229632553,0.47982144949028777,0.013499999999999993,0.5046041666666665,0.4818958333333333,96.00000000000009,1.9982891288065439,1.9965416666666667
main_extension,sigmoid,3.0,endogenous,world_optimum,17,2.1812172059837276,0.22471108567406478,0.2906426938384209,0.21959530047794792,0.8988569951654044,0.2855900590236089,0.6132669361417957,0.33434531429589376,0.014919969815675444,0.5033051964085424,0.4817748337757822,0.01472916666666666,0.5061041666666666,0.4791666666666667,96.00000000000009,1.9394847775679716,1.9464791666666668
main_extension,sigmoid,3.0,endogenous,world_optimum,18,2.209831996818239,0.2487299290398874,0.3312676461802951,0.21896172896230498,0.9299431906794737,0.31765204218375087,0.6122911484957229,0.5008857203288897,0.01509472771890429,0.5069605425448839,0.47794472973621166,0.01510416666666666,0.5078125000000001,0.4770833333333332,96.00000000000009,1.9834500879164356,1.9841041666666666
main_extension,sigmoid,3.0,endogenous,world_optimum,19,2.0030169708294614,0.23344069925834549,0.3041702285460386,0.19975394928321175,0.846875966211282,0.2963392832122075,0.5505366829990745,0.5388564000415398,0.01641980696486298,0.5036207648210791,0.47995942821405785,0.015645833333333324,0.5078958333333332,0.47645833333333326,96.00000000000009,1.9512551931967579,1.9547708333333333
main_extension,sigmoid,3.0,static,world_optimum,0,1.6896874963569992,0.029516325884380877,0.6992290000941728,0.039217047886248045,0.806144274111851,0.2702512625365937,0.5358930115752573,0.1563766584737343,0.06171634988485565,0.7318141637944198,0.20646948632072476,0.062125,0.7316666666666667,0.20620833333333327,96.00000000000009,2.5531546318472063,2.556833333333334
main_extension,sigmoid,3.0,static,world_optimum,1,1.5052272868448162,0.02232117310281889,1.0362546051152248,0.01035429168214524,0.8546010216876201,0.2618708067326582,0.5927302149549617,0.13215457678917172,0.06011653366754009,0.7915478324844308,0.1483356338480289,0.06100000000000001,0.7929999999999999,0.14599999999999996,96.00000000000009,2.756544870992173,2.755458333333334
main_extension,sigmoid,3.0,static,world_optimum,2,1.1786491360500575,0.029457539465168242,0.8198791852740352,0.01061555142373777,0.6759952869297537,0.3133001753862801,0.36269511154347367,0.07704230220147464,0.09917650052091284,0.6859130958426223,0.21491040363646446,0.09718750000000001,0.6867916666666668,0.21602083333333333,96.00000000000009,2.3891312485515934,2.3913749999999996
main_extension,sigmoid,3.0,static,world_optimum,3,1.5551511659603594,0.023453162265606644,0.9983325490412606,0.013643247424649618,0.8589789590890755,0.2605406114555374,0.598438347633538,0.1408858960032277,0.05863013272780322,0.7902908784943874,0.15107898877780865,0.05825,0.7907916666666667,0.1509583333333333,96.00000000000009,2.752382505614922,2.7587083333333338
main_extension,sigmoid,3.0,static,world_optimum,4,1.2624945872075863,0.032526512663435515,0.6499703720104407,0.023387327500530804,0.6483304906271543,0.30798486991676055,0.3403456207103937,0.17482194869406817,0.0992996804122166,0.6523815158409738,0.24831880374680942,0.09781250000000002,0.6522916666666666,0.24989583333333334,96.00000000000009,2.2720327215623017,2.270291666666666
main_extension,sigmoid,3.0,static,world_optimum,5,1.3468442974827486,0.03125952591611656,0.7082450815969032,0.023060563611658307,0.6954496349985895,0.30146215778050445,0.39398747721808497,0.1209040287990765,0.08796167883498388,0.6838479478086761,0.22819037335634024,0.08691666666666668,0.6822291666666667,0.23085416666666667,96.00000000000009,2.3817204118590896,2.396541666666667
main_extension,sigmoid,3.0,static,world_optimum,6,1.0802388002095693,0.028908761115696614,0.905358921654433,0.005099047798297165,0.671502160993233,0.319252191833625,0.352249969159608,-0.005939492095631792,0.10653026369858778,0.6899841618228971,0.20348557447851517,0.10639583333333333,0.6869166666666666,0.2066875,96.00000000000009,2.405314989409686,2.395854166666667
main_extension,sigmoid,3.0,static,world_optimum,7,1.1152396021089435,0.032542564979509844,0.6113530363968571,0.01919127868674318,0.5863784011617702,0.3145150764936857,0.2718633246680845,0.1472674029856497,0.1172804674592133,0.6149405193114743,0.26777901322931236,0.1159166666666667,0.61575,0.2683333333333333,96.00000000000009,2.1414768487025095,2.143979166666667
main_extension,sigmoid,3.0,static,world_optimum,8,1.2813822815597469,0.029977354295665542,0.7493698799184617,0.017571107155766177,0.6869098385912912,0.3058477129969212,0.38106212559437,0.014610694123680499,0.09179153731700905,0.6844057807156984,0.22380268196729197,0.09129166666666669,0.6857083333333334,0.223,96.00000000000009,2.3833944485695118,2.3680833333333333
main_extension,sigmoid,3.0,static,world_optimum,9,1.495618762044432,0.029402689115337104,0.7445254135558077,0.02662771277995566,0.7565156215718589,0.2863799486285534,0.4701356729433055,0.14596856249102363,0.07323362386326715,0.7175701948196,0.2091961813171324,0.07389583333333336,0.7165,0.20960416666666667,96.00000000000009,2.5000811219145302,2.506375
main_extension,sigmoid,3.0,static,world_optimum,10,1.0112158611345523,0.020433374073489025,1.3382589641774578,0.0005625174593059743,0.7899693997951663,0.28900287183197154,0.5009665279631949,-0.02224027332877902,0.09193760534754337,0.7733865090037318,0.13467588564872449,0.09222916666666668,0.7732916666666666,0.13447916666666665,96.00000000000009,2.704534306773712,2.6967083333333335
main_extension,sigmoid,3.0,static,world_optimum,11,0.8968903391908201,0.021417261131264756,1.2845694232984968,0.0011398621376709915,0.7342923412068606,0.30933331083953947,0.42495903036732124,-0.03962505050640538,0.10931284834005675,0.7385157825584117,0.1521713691015321,0.10841666666666668,0.7413750000000001,0.1502083333333333,96.00000000000009,2.5860206137000357,2.597958333333333
main_extension,sigmoid,3.0,static,world_optimum,12,1.4970176078694495,0.032315850754887035,0.5142432924415223,0.04671458964304807,0.6811922503552863,0.28525285227738106,0.3959393980779053,0.27068918495830957,0.08362494389353693,0.6456882514570454,0.27068680464941736,0.08397916666666669,0.6463750000000001,0.2696458333333333,96.00000000000009,2.2536092078165417,2.2556041666666666
main_extension,sigmoid,3.0,static,world_optimum,13,1.3538250814623098,0.03187315446024434,0.561644150834547,0.034092246142631746,0.6491141289190338,0.2972609168399739,0.35185321207905984,0.21547150265689602,0.09389885956972935,0.6394614319619241,0.26663970846834667,0.09547916666666666,0.6404166666666666,0.26410416666666664,96.00000000000009,2.228776266659602,2.2328750000000004
main_extension,sigmoid,3.0,static,world_optimum,14,1.9491879522771172,0.032485138703918615,0.3951610815569589,0.09239663059466965,0.7922780575126648,0.24671661264127098,0.5455614448713938,0.2773363760976288,0.05862302905308843,0.6604966114453922,0.28088035950151935,0.059333333333333335,0.6569166666666666,0.28375,96.00000000000009,2.3239248479896433,2.337125
main_extension,sigmoid,3.0,static,world_optimum,15,1.3922848191340311,0.03102313273741668,0.6692133949143212,0.027535296196051506,0.6975071155952564,0.2974100976521511,0.40009701794310537,0.2528367765016216,0.08531832886203895,0.6792559656830469,0.23542570545491412,0.0841875,0.68075,0.23506249999999995,96.00000000000009,2.366382586102642,2.3734375
main_extension,sigmoid,3.0,static,world_optimum,16,1.5732463618059012,0.024959713714006414,0.9315760812270891,0.017679386291294206,0.8432607189156656,0.2651250556078141,0.5781356633078515,0.12815040047666507,0.06005092024441584,0.7775989290766391,0.1623501506789457,0.060333333333333336,0.7754791666666666,0.1641875,96.00000000000009,2.7085425561478536,2.711958333333333
main_extension,sigmoid,3.0,static,world_optimum,17,1.3197816219058676,0.030376951330209227,0.7459129012854558,0.01942879681972099,0.6986904915071777,0.30286794786747856,0.39582254363969904,0.004976747147409912,0.08849209634412526,0.6901509275150818,0.22135697614079253,0.08864583333333334,0.6889999999999998,0.22235416666666669,96.00000000000009,2.403458719967611,2.411708333333333
main_extension,sigmoid,3.0,static,world_optimum,18,1.2600319683614778,0.02768936915275221,0.8768121623369673,0.010529704899896901,0.7215111666170657,0.30270095521148255,0.4188102114055832,0.13540561349533592,0.08759356382649794,0.7156547916765624,0.19675164449693877,0.0878125,0.7145833333333332,0.19760416666666666,96.00000000000009,2.4924739387965444,2.4944375000000005
main_extension,sigmoid,3.0,static,world_optimum,19,1.1568297141514583,0.029726650961041302,0.7884274843411375,0.011205932889808808,0.6583279498178789,0.31569825718401906,0.3426296926338601,0.19766070825850895,0.10300489404919935,0.6730933160190414,0.22390178993175885,0.10429166666666667,0.6740208333333334,0.22168749999999998,96.00000000000009,2.34440810128261,2.3470625
main_extension,sigmoid,3.0,quota,world_optimum,0,1.2183661784183735,0.018249794848416764,1.0641765516883352,3.615426105628259e-06,0.7669308416517084,0.7669308416517084,4.1522341120980867e-17,-0.040592368028338474,0.333333333333333,0.333333333333333,0.333333333333333,0.333333333333333,0.333333333333333,0.333333333333333,96.00000000000009,6.370869643416296,6.410583333333333
main_extension,sigmoid,3.0,quota,world_optimum,1,1.2698022950398666,0.013372663972089291,1.249581218956533,5.329317354905707e-06,0.8442520593228295,0.8442520593228295,3.97459842815806e-17,0.03166318560288048,0.333333333333333,0.333333333333333,0.333333333333333,0.333333333333333,0.333333333333333,0.333333333333333,96.00000000000009,7.559834777967742,7.573083333333332
main_extension,sigmoid,3.0,quota,world_optimum,2,0.9650547123249421,0.013856416109620549,1.0172394957846276,3.805900380862814e-06,0.6653835414063967,0.6653835414063966,4.196643033083092e-17,-0.026864772552516198,0.333333333333333,0.333333333333333,0.333333333333333,0.333333333333333,0.333333333333333,0.333333333333333,96.00000000000009,4.2911071099163145,4.271166666666668
main_extension,sigmoid,3.0,quota,world_optimum,3,1.2794218186535642,0.013601645827075126,1.242997873373767,4.7342870427557905e-06,0.8453404459514686,0.8453404459514686,4.085620730620576e-17,0.02441982301898321,0.333333333333333,0.333333333333333,0.333333333333333,0.333333333333333,0.333333333333333,0.333333333333333,96.00000000000009,7.627948669954489,7.636166666666668
main_extension,sigmoid,3.0,quota,world_optimum,4,0.9443653560668543,0.013545444110893177,0.9169276477700228,2.9861892999925805e-06,0.6249461493159234,0.6249461493159234,3.8635761256955445e-17,0.022095544469547698,0.333333333333333,0.333333333333333,0.333333333333333,0.333333333333333,0.333333333333333,0.333333333333333,96.00000000000009,3.945664999006536,3.9383541666666675
main_extension,sigmoid,3.0,quota,world_optimum,5,1.0199947637575626,0.013655743663697173,0.9835295293981231,4.274219529758497e-06,0.6723933456064609,0.6723933456064608,4.085620730620576e-17,-0.030514790165281868,0.333333333333333,0.333333333333333,0.333333333333333,0.333333333333333,0.333333333333333,0.333333333333333,96.00000000000009,4.556914502464871,4.521374999999999
main_extension,sigmoid,3.0,quota,world_optimum,6,0.9391489248586087,0.016239278039231274,1.0438302058136846,3.023042239064634e-06,0.6664061362371748,0.6664061362371748,3.8857805861880476e-17,-0.07663128290943287,0.333333333333333,0.333333333333333,0.333333333333333,0.333333333333333,0.333333333333333,0.333333333333333,96.00000000000009,4.211275793670241,4.243833333333334
main_extension,sigmoid,3.0,quota,world_optimum,7,0.8428904892123106,0.013337167477645667,0.8453454501611144,3.913141996577504e-06,0.5671910356170236,0.5671910356170236,3.597122599785507e-17,0.008387194097155432,0.333333333333333,0.333333333333333,0.333333333333333,0.333333333333333,0.333333333333333,0.333333333333333,96.00000000000009,3.3010130393172497,3.317249999999999
main_extension,sigmoid,3.0,quota,world_optimum,8,0.9999034830487051,0.01335288679905266,0.9947703807836682,3.5187749502913904e-06,0.6693422502104754,0.6693422502104754,3.663735981263017e-17,-0.11817579728125391,0.333333333333333,0.333333333333333,0.333333333333333,0.333333333333333,0.333333333333333,0.333333333333333,96.00000000000009,4.451536475288417,4.451770833333334
main_extension,sigmoid,3.0,quota,world_optimum,9,1.124548042672618,0.014693770057147554,1.0504331083024696,3.731552175147469e-06,0.7298916403440784,0.7298916403440784,4.196643033083092e-17,-0.01735403134900989,0.333333333333333,0.333333333333333,0.333333333333333,0.333333333333333,0.333333333333333,0.333333333333333,96.00000000000009,5.504237238689052,5.493874999999999
main_extension,sigmoid,3.0,quota,world_optimum,10,1.0588521564332956,0.02490782487903029,1.2844716339345266,3.6560797570740567e-06,0.7894105384156175,0.7894105384156173,3.663735981263016e-17,0.001347152276200019,0.333333333333333,0.333333333333333,0.333333333333333,0.333333333333333,0.333333333333333,0.333333333333333,96.00000000000009,5.89170496725252,5.902333333333333
main_extension,sigmoid,3.0,quota,world_optimum,11,0.9585434323349247,0.028167566569678094,1.2127539756023658,2.5124331333076314e-06,0.733154991502323,0.733154991502323,3.9523939676655583e-17,-0.00734568965908638,0.333333333333333,0.333333333333333,0.333333333333333,0.333333333333333,0.333333333333333,0.333333333333333,96.00000000000009,4.905112528881495,4.902020833333333
main_extension,sigmoid,3.0,quota,world_optimum,12,1.0176546847936587,0.019484762822234297,0.8663023612197108,2.942232962956875e-06,0.6344806029452013,0.6344806029452013,3.952393967665557e-17,0.0548159962755034,0.333333333333333,0.333333333333333,0.333333333333333,0.333333333333333,0.333333333333333,0.333333333333333,96.00000000000009,4.307948542892365,4.3269375000000005
main_extension,sigmoid,3.0,quota,world_optimum,13,0.9612787197944496,0.01567035764351413,0.8681235782376737,2.335782143892885e-06,0.6150242185585457,0.6150242185585457,4.3076653355456075e-17,0.031340110978327076,0.333333333333333,0.333333333333333,0.333333333333333,0.333333333333333,0.333333333333333,0.333333333333333,96.00000000000009,3.9555465370789564,3.9965625000000005
main_extension,sigmoid,3.0,quota,world_optimum,14,1.1952007033646408,0.040887300815524205,0.8635669171902036,3.546872127624989e-06,0.6998849737901229,0.6998849737901227,4.218847493575595e-17,-0.026860325037820643,0.333333333333333,0.333333333333333,0.333333333333333,0.333333333333333,0.333333333333333,0.333333333333333,96.00000000000009,5.709888274264701,5.724937499999999
main_extension,sigmoid,3.0,quota,world_optimum,15,1.0304011028221078,0.014428578778579587,0.9650996125952677,4.611999446795103e-06,0.6699764313986518,0.6699764313986517,3.752553823233029e-17,0.0870746796486511,0.333333333333333,0.333333333333333,0.333333333333333,0.333333333333333,0.333333333333333,0.333333333333333,96.00000000000009,4.585560289634948,4.61125
main_extension,sigmoid,3.0,quota,world_optimum,16,1.2581749119202226,0.013994468503735768,1.2045870107728978,4.131107913892961e-06,0.8255854637322854,0.8255854637322854,3.1974423109204506e-17,-0.005070699158677717,0.333333333333333,0.333333333333333,0.333333333333333,0.333333333333333,0.333333333333333,0.333333333333333,96.00000000000009,7.2465516634120615,7.234937500000001
main_extension,sigmoid,3.0,quota,world_optimum,17,1.0196374588856203,0.013427877528466298,1.004731118356116,3.7902359443003643e-06,0.679265484923401,0.679265484923401,3.463895836830488e-17,-0.13484540553503124,0.333333333333333,0.333333333333333,0.333333333333333,0.333333333333333,0.333333333333333,0.333333333333333,96.00000000000009,4.605362928187786,4.610333333333333
main_extension,sigmoid,3.0,quota,world_optimum,18,1.041071403087193,0.013618752870928008,1.0782661243323601,3.965046324757685e-06,0.7109854267634936,0.7109854267634936,3.286260152890463e-17,0.03265127042811912,0.333333333333333,0.333333333333333,0.333333333333333,0.333333333333333,0.333333333333333,0.333333333333333,96.00000000000009,4.952684156820467,4.970458333333333
main_extension,sigmoid,3.0,quota,world_optimum,19,0.9422473099617065,0.01383475938747021,0.9852967932227047,4.2705958903231045e-06,0.6471262875239605,0.6471262875239605,3.352873534367972e-17,0.09214292787717934,0.333333333333333,0.333333333333333,0.333333333333333,0.333333333333333,0.333333333333333,0.333333333333333,96.00000000000009,4.079966618396893,4.077249999999999
main_extension,sigmoid,3.0,ipw_true,world_optimum,0,1.2685816591108048,0.016926386726760015,1.020706737688566,0.001811034949773986,0.7687382611753768,0.3089813211503699,0.4597569400250069,-0.018526377094833922,0.0558085345170747,0.7201214892394397,0.2240699762434855,0.05566666666666666,0.7205,0.22383333333333338,37.743134951018355,2.511128543255956,2.5165625
main_extension,sigmoid,3.0,ipw_true,world_optimum,1,1.2768640074553328,0.01411432642029108,1.2441200745301513,0.0007860727964503621,0.8450328028019249,0.2740102614137276,0.5710225413881974,0.03446749714144696,0.05953623117141812,0.7889453404102351,0.1515184284183468,0.06031250000000001,0.7900624999999999,0.14962499999999998,35.232551337432405,2.7482082637739995,2.7489166666666667
main_extension,sigmoid,3.0,ipw_true,world_optimum,2,0.9959281191480104,0.015186379976272108,0.9867925562833507,0.0005892829631951194,0.665969018469211,0.32513196600708394,0.34083705246212714,-0.011360345230820443,0.0928395832728324,0.6808916844650016,0.226268732262166,0.09064583333333334,0.6816458333333334,0.22770833333333332,52.46912544901163,2.3727293436332455,2.368854166666666
main_extension,sigmoid,3.0,ipw_true,world_optimum,3,1.3296014132848675,0.014217816737713777,1.1961684713233784,0.001326855450893863,0.84666256711532,0.27941710721020824,0.5672454599051115,0.04613076185712979,0.0532594281167606,0.7801028894970601,0.16663768238617935,0.05316666666666666,0.7800833333333335,0.16675,34.074679938897205,2.717498601402776,2.732
main_extension,sigmoid,3.0,ipw_true,world_optimum,4,0.9716621390843828,0.01374518199847454,0.891226894900206,0.0006015755343977377,0.625544738661021,0.3293453205354238,0.2961994181255974,0.035929606601172275,0.09323006145188174,0.6477803067583301,0.2589896317897882,0.09100000000000003,0.6489583333333334,0.2600416666666667,54.33302184914216,2.2561754653968142,2.253729166666667
main_extension,sigmoid,3.0,ipw_true,world_optimum,5,1.0448673497332477,0.013787867096780431,0.9602298344463087,0.000572612371847806,0.6729616837587791,0.32353161301655187,0.34943007074222715,-0.01840089174956633,0.08307762296577839,0.6791118712910866,0.237810505743135,0.082625,0.6774375000000001,0.23993749999999997,49.37523805258928,2.3653375825159455,2.3662708333333335
main_extension,sigmoid,3.0,ipw_true,world_optimum,6,0.9590883494622782,0.01773239608685588,1.0236134623964215,0.0004082894535826444,0.6668114026485183,0.32570654096995133,0.3411048616785671,-0.06647711330091852,0.10162527238274388,0.6865477811852284,0.2118269464320278,0.10177083333333332,0.6833750000000001,0.2148541666666667,54.38182102125795,2.394663943283511,2.3850624999999996
main_extension,sigmoid,3.0,ipw_true,world_optimum,7,0.8569214888936363,0.013616389663405537,0.8318699561475562,0.0002821557598390553,0.567469278234866,0.3324759520538719,0.23499332618099422,0.01593172163240923,0.11388280512822395,0.6131363126076744,0.27298088226410167,0.11297916666666667,0.6135625000000001,0.27345833333333325,61.81394590214627,2.1354117791724607,2.1308333333333334
main_extension,sigmoid,3.0,ipw_true,world_optimum,8,1.020240791901702,0.013811921406130972,0.9755634950320926,0.0005333380111167295,0.6698720694466419,0.32370876408254806,0.3461633053640938,-0.10820969145171862,0.08796364897657802,0.6807535167532488,0.23128283427017315,0.08720833333333335,0.6828333333333333,0.22995833333333332,50.758106847507875,2.3710726556238972,2.3871875000000005
main_extension,sigmoid,3.0,ipw_true,world_optimum,9,1.154634218963292,0.014422745288726798,1.0228498884570394,0.0007477087777828119,0.7306356175696861,0.3131657304828655,0.41746988708682053,-0.0034411573700049982,0.06878015972498475,0.7114637675481889,0.21975607272682654,0.06939583333333335,0.7100833333333334,0.22052083333333336,42.80209863326899,2.4786039818767964,2.464729166666667
main_extension,sigmoid,3.0,ipw_true,world_optimum,10,1.0704690248814326,0.026536809938352234,1.2726185289217136,0.00046790557797249664,0.789874787913833,0.29253639486818284,0.49733839304565003,0.006805409659569828,0.08955004806682995,0.7711732245360187,0.13927672739715133,0.08958333333333335,0.7720624999999999,0.13835416666666667,43.894659995669414,2.6986304905662637,2.7050416666666672
main_extension,sigmoid,3.0,ipw_true,world_optimum,11,0.9475099104076964,0.027310437156081824,1.2264592386543776,0.0006073830035290423,0.7337598620727185,0.3074615135727575,0.42629834849996096,-0.013328763739629459,0.11293147916484596,0.7388907592536755,0.14817776158147852,0.11179166666666666,0.7420208333333334,0.1461875,50.575666907927165,2.5864202746953597,2.5876875000000004
main_extension,sigmoid,3.0,ipw_true,world_optimum,12,1.0406132906261494,0.01855299729934009,0.8466851369755011,0.0008061475880919774,0.6352838083003302,0.32937299102273343,0.30591081727759684,0.06587052729528056,0.0796542656240105,0.6416236570423577,0.27872207733363175,0.08002083333333335,0.6421041666666667,0.277875,49.63165561183656,2.23869658431399,2.2401666666666666
main_extension,sigmoid,3.0,ipw_true,world_optimum,13,0.9689683208653044,0.015826552235729683,0.8618205249895785,0.0005165832538021961,0.6155384660302041,0.33088029437011235,0.2846581716600918,0.03502593624158326,0.0925494378281371,0.637985436815092,0.2694651253567709,0.0941875,0.6396666666666666,0.2661458333333334,54.10965117336946,2.2237618289777457,2.2278958333333336
main_extension,sigmoid,3.0,ipw_true,world_optimum,14,1.2232252071951801,0.0374865027549959,0.8412050027993738,0.0007574773318547067,0.70063890424985,0.33472797719075464,0.3659109270590954,-0.01432149248162399,0.05545034749422134,0.6551579197841695,0.28939173272160895,0.05614583333333334,0.6522916666666667,0.2915625,39.18755552379743,2.302386212756741,2.2941249999999997
main_extension,sigmoid,3.0,ipw_true,world_optimum,15,1.0448792887804341,0.014486487226086692,0.9521074171439657,0.0005192449842905323,0.6704910643834954,0.3244784051243746,0.3460126592591209,0.09399738588450672,0.08282523854773832,0.6764132956424509,0.24076146580981073,0.08127083333333333,0.6785208333333335,0.24020833333333327,49.4674062690239,2.356545397002065,2.3626666666666667
main_extension,sigmoid,3.0,ipw_true,world_optimum,16,1.3084889112783102,0.014073459831002454,1.157756254123598,0.0011915424532655042,0.8267728750776367,0.2867300131771215,0.5400428619005153,0.016935964655365333,0.0544430901494688,0.7674020569323245,0.1781548529182068,0.05464583333333334,0.7648958333333333,0.18045833333333333,35.33013911617233,2.6731297062135857,2.6550416666666665
main_extension,sigmoid,3.0,ipw_true,world_optimum,17,1.0482952225813713,0.014049723154674204,0.9780523875687507,0.0008707497474753914,0.6801324444349318,0.3220639657877798,0.3580684786471523,-0.12100320781991669,0.08346522741808363,0.6848534960856689,0.23168127649624756,0.08283333333333333,0.6840416666666667,0.23312499999999997,49.28785001846486,2.385554840672042,2.3900208333333337
main_extension,sigmoid,3.0,ipw_true,world_optimum,18,1.0571498312446486,0.014375280169781976,1.0629054812322067,0.000495402498376774,0.7114768642155456,0.31411056712885416,0.3973662970866916,0.0403353557871552,0.08488393228807337,0.7126312186968382,0.20248484901508848,0.08502083333333335,0.7112916666666667,0.20368749999999997,48.121329223101,2.482604443119335,2.4791250000000007
main_extension,sigmoid,3.0,ipw_true,world_optimum,19,0.952444070644904,0.014426632298386652,0.9756035879697986,0.00036941337629291216,0.6474914303043631,0.3272744846564402,0.32021694564792286,0.09724375742962346,0.10077880368482281,0.671196809451146,0.2280243868640312,0.10229166666666664,0.6720208333333333,0.22568749999999999,54.94176691075006,2.3383042182947054,2.3327916666666666
main_extension,sigmoid,3.0,ipw_omit_friction,world_optimum,0,1.736515474973001,0.035095534487675294,0.6710766432149519,0.0473019913329398,0.8142292175585426,0.3014188869144705,0.5128103306440723,0.1740370117731988,0.02306435310322589,0.618092429110283,0.3588432177864912,0.023416666666666662,0.6175625,0.35902083333333334,42.819916094205496,2.169883867550317,2.1737291666666665
main_extension,sigmoid,3.0,ipw_omit_friction,world_optimum,1,1.7631656574428878,0.052301706863163544,0.8425061423049545,0.04174443886486059,0.8859911688703352,0.3299030409702249,0.5560881279001103,0.23330326951499888,0.02461729967790235,0.6758593396763618,0.29952336064573587,0.024937499999999998,0.6796041666666667,0.29545833333333327,40.97615715955171,2.388719218220653,2.3747083333333334
main_extension,sigmoid,3.0,ipw_omit_friction,world_optimum,2,1.467718325761987,0.07773142734626694,0.6091538411083632,0.05282146256618973,0.7182011980722056,0.3232957649904523,0.3949054330817533,0.20341190855201158,0.032031380079311535,0.5887269868068625,0.379241633113826,0.03177083333333333,0.5876875,0.38054166666666667,57.30654219683247,2.1028555908558326,2.1075208333333335
main_extension,sigmoid,3.0,ipw_omit_friction,world_optimum,3,1.787801663454743,0.05027985851500094,0.8281303185941808,0.04340156852354901,0.8887372801879747,0.32762151487688873,0.5611157653110862,0.23104568773693898,0.023829021248514763,0.6712999540769762,0.30487102467450905,0.024166666666666663,0.6694583333333333,0.30637499999999995,40.23330962579718,2.3706873414868257,2.357416666666667
main_extension,sigmoid,3.0,ipw_omit_friction,world_optimum,4,1.437834126788961,0.059411230934990934,0.5349557537016894,0.05245720734859025,0.6774003704752137,0.2932171054773859,0.38418326499782784,0.2506137264281479,0.0322402864289754,0.5688939481419238,0.3988657654291009,0.03200000000000001,0.5682499999999999,0.39975,58.05417314277687,2.016529439532064,2.016208333333333
main_extension,sigmoid,3.0,ipw_omit_friction,world_optimum,5,1.5273368468016766,0.057488380967124844,0.5883700042236508,0.05200933927721969,0.7243984106641509,0.3035827140320329,0.42081569663211793,0.1964375689815495,0.0288311284890032,0.5864089957842756,0.3847598757267213,0.029270833333333336,0.5829166666666666,0.3878125,52.45874787440489,2.0769767136704855,2.0763125000000002
main_extension,sigmoid,3.0,ipw_omit_friction,world_optimum,6,1.4269520051512221,0.09229018888116829,0.6352809865709406,0.05177128033950782,0.7181743935344437,0.34003932593890596,0.37813506759553767,0.15002663110565206,0.03475812709888509,0.593651764793619,0.3715901081074958,0.03527083333333333,0.5908749999999999,0.3738541666666667,59.37394190721106,2.1339369722272803,2.1315
main_extension,sigmoid,3.0,ipw_omit_friction,world_optimum,7,1.2972315323485597,0.06262343244666674,0.489490378261909,0.04926132521068477,0.6164484476857118,0.28635074113445114,0.3300977065512607,0.23060915254246397,0.04039180628823855,0.5518571529825292,0.4077510407292322,0.040645833333333325,0.5519583333333332,0.40739583333333346,66.58150108883493,1.958722233754817,1.9760416666666665
main_extension,sigmoid,3.0,ipw_omit_friction,world_optimum,8,1.5212877765134063,0.0668220202686426,0.5853229573514362,0.0551388532756366,0.7244775847111617,0.3090660352139567,0.41541154949720493,0.11641659972789489,0.029072182335739393,0.5844336155930949,0.38649420207116564,0.027979166666666666,0.5867916666666668,0.3852291666666666,53.59472402545729,2.077937106987994,2.0758125000000005
main_extension,sigmoid,3.0,ipw_omit_friction,world_optimum,9,1.6477302721537914,0.048956527497400135,0.6448178950650023,0.05061365611349485,0.780501564905398,0.30769857729900313,0.47280298760639494,0.20672048023541864,0.025191189035627514,0.6068881101738278,0.3679207007905446,0.02533333333333333,0.6039791666666667,0.37068749999999995,46.65879329587663,2.142132134680461,2.1352708333333332
main_extension,sigmoid,3.0,ipw_omit_friction,world_optimum,10,1.5668861138365986,0.12354098104838288,0.8304773451317722,0.05089459766972417,0.8403014800055845,0.3861133466404604,0.4541881333651242,0.2250797349568483,0.03152899901284091,0.6600681175637769,0.30840288342338223,0.03166666666666666,0.6598125,0.3085208333333333,51.85894164769055,2.4071394232110643,2.4020416666666673
main_extension,sigmoid,3.0,ipw_omit_friction,world_optimum,11,1.437650809914872,0.13120370931523212,0.7776331133632829,0.049010065128606,0.7821625441977955,0.3903813560506354,0.3917811881471602,0.21376037072148385,0.03726757272742488,0.6361355910578211,0.3265968362147539,0.036604166666666674,0.6400416666666668,0.32335416666666666,59.71041140528738,2.328503981335773,2.31
main_extension,sigmoid,3.0,ipw_omit_friction,world_optimum,12,1.5223681508939488,0.03561915905556081,0.50030272084502,0.051619016219271695,0.68609667693151,0.2658416107560307,0.42025506617547936,0.2808908614634301,0.027746723858199658,0.5645771727053512,0.4076761034364493,0.02874999999999999,0.5681666666666667,0.40308333333333335,52.540091000358345,1.9824703107071078,1.9872708333333335
main_extension,sigmoid,3.0,ipw_omit_friction,world_optimum,13,1.4526813760511152,0.0452560052726171,0.5017408782069712,0.05153753706716584,0.6665594198435678,0.2741555433192587,0.3924038765243091,0.257290589321338,0.030950121065584747,0.562163898256205,0.4068859806782103,0.030937499999999996,0.5651666666666666,0.40389583333333334,56.675566905823096,1.9814055991213457,1.9697916666666668
main_extension,sigmoid,3.0,ipw_omit_friction,world_optimum,14,1.71710324044195,0.016991021928611304,0.510351452180213,0.048267144598929536,0.7481485715169246,0.25325204663050493,0.4948965248864198,0.1909157837317517,0.021715598564084407,0.5725966413487721,0.4056877600871437,0.02139583333333333,0.5733958333333333,0.4052083333333333,44.47266011470515,1.9966423802791233,1.989895833333333
main_extension,sigmoid,3.0,ipw_omit_friction,world_optimum,15,1.5351964913516878,0.05051446383874893,0.5770114334568881,0.05093564348323672,0.7209074628824417,0.29619634177595144,0.4247111211064902,0.3120868682170125,0.028252856091986245,0.5840305860094037,0.3877165578986099,0.027437499999999997,0.5889583333333335,0.38360416666666663,52.92601677481224,2.06275844725639,2.053916666666667
main_extension,sigmoid,3.0,ipw_omit_friction,world_optimum,16,1.7850057883980708,0.05000445892075026,0.7822655512850483,0.04684393357691854,0.8724252662012898,0.3247410192362477,0.5476842469650421,0.20994529577904494,0.023347980087449764,0.6549741939153444,0.32167782599720574,0.02289583333333333,0.6566041666666667,0.3205,41.80255708830823,2.31276904168458,2.3252916666666668
main_extension,sigmoid,3.0,ipw_omit_friction,world_optimum,17,1.536789176419791,0.06284678866946337,0.5986851793574608,0.05351202012811494,0.7327737148155715,0.30921784547768383,0.4235558693378878,0.09608871147443718,0.028654058436878932,0.5891181848652398,0.3822277566978812,0.028374999999999994,0.5906875,0.38093750000000004,52.99379560293429,2.0911422981677603,2.0921458333333334
main_extension,sigmoid,3.0,ipw_omit_friction,world_optimum,18,1.5512801487516805,0.07272470299720805,0.6628551923658869,0.05130521965442281,0.7622866813715916,0.32928803788108574,0.43299864349050604,0.2588837998384277,0.028988907059223384,0.6080153790880243,0.3629957138527524,0.028687499999999994,0.6097291666666667,0.36158333333333326,52.66923091363471,2.1671234482453876,2.1689374999999997
main_extension,sigmoid,3.0,ipw_omit_friction,world_optimum,19,1.4448309084560091,0.07861155442411169,0.5812625723503102,0.05444632814874008,0.7015683450768103,0.31762253755068637,0.3839458075261239,0.32464724591644606,0.03278638637311557,0.5798513843717753,0.3873622292551092,0.0315625,0.584875,0.38356250000000003,58.9844152691953,2.0719418089217765,2.0805625
main_extension,sigmoid,3.0,ipw_half_sensitivity,world_optimum,0,2.0676706977308936,0.08424598102400394,0.489615060045442,0.11358335337451023,0.8805105796001131,0.28656719138826625,0.5939433882118468,0.2947752538753264,0.01641904342425582,0.5636194575836523,0.41996149899209206,0.016312499999999997,0.5648958333333332,0.4187916666666666,67.10227119975221,2.0188570261067804,2.0196458333333327
main_extension,sigmoid,3.0,ipw_half_sensitivity,world_optimum,1,1.9622973622783828,0.086424904669204,0.7146819018678656,0.07688799293300949,0.9211347229384842,0.3420934117311427,0.5790413112073414,0.3065202951114952,0.019634617520477328,0.6301761076672523,0.35018927481227036,0.019624999999999997,0.6333125000000002,0.3470625,68.62863410151013,2.2593262325224557,2.2585
main_extension,sigmoid,3.0,ipw_half_sensitivity,world_optimum,2,1.6425130368841074,0.11830326497165526,0.5053556644749704,0.09001091993756175,0.7553906554435776,0.31571883439566484,0.43967182104791275,0.27385220185531006,0.024001461494956567,0.5595866452814884,0.41641189322355504,0.023812499999999993,0.5578958333333331,0.4182916666666666,77.824886062605,2.0356546779348355,2.028208333333333
main_extension,sigmoid,3.0,ipw_half_sensitivity,world_optimum,3,1.9781713024939105,0.08151318156642923,0.7070272386259486,0.07690152923100352,0.9222372408954292,0.33781681259565954,0.5844204282997698,0.3007543269707795,0.019282845657850444,0.628170034702238,0.3525471196399115,0.019666666666666662,0.6282916666666667,0.35204166666666664,67.89261176608412,2.2473445126456864,2.2523333333333335
main_extension,sigmoid,3.0,ipw_half_sensitivity,world_optimum,4,1.6521083464399524,0.10402783902897039,0.4174065101693524,0.09957106875280158,0.7245142318794251,0.2758979442359095,0.4486162876435156,0.33723032717288487,0.022740248138469938,0.5403253566167465,0.4369343952447836,0.02297916666666667,0.5396875000000001,0.4373333333333333,77.36676265729973,1.9525799824202958,1.937833333333333
main_extension,sigmoid,3.0,ipw_half_sensitivity,world_optimum,5,1.7605663312149287,0.10397508337361439,0.4579916643885828,0.10178862160544404,0.7741776929923753,0.2892626044995512,0.484915088492824,0.2878741412446051,0.020481730342572023,0.5511459191946473,0.42837235046278066,0.021583333333333333,0.5473333333333333,0.4310833333333334,74.38042213046768,1.991627420195012,1.9880625000000003
main_extension,sigmoid,3.0,ipw_half_sensitivity,world_optimum,6,1.534901612440816,0.11933238084375904,0.5671014726112807,0.0740420421036827,0.7404451552986184,0.33737378615205155,0.40307136914656694,0.19456387303648634,0.028618920636510843,0.5738982793703529,0.39748279999313607,0.028437499999999994,0.5716875,0.399875,79.4407333940798,2.0887346919000405,2.077854166666666
main_extension,sigmoid,3.0,ipw_half_sensitivity,world_optimum,7,1.4522610835636454,0.09649424589104891,0.4021765627635257,0.08312350826437959,0.6503106307394066,0.2703183942256693,0.3799922365137374,0.2970795003605846,0.029942963508686322,0.5337547280918407,0.43630230839947304,0.030124999999999996,0.5331041666666667,0.4367708333333334,80.94125113912114,1.9222502122844674,1.9134791666666668
main_extension,sigmoid,3.0,ipw_half_sensitivity,world_optimum,8,1.732655459620246,0.11218815800444235,0.4664608964874167,0.1010961066018432,0.7704348380373683,0.29741924521857976,0.47301559281878836,0.19964258547330677,0.021236117861378905,0.5519187623640103,0.4268451197746109,0.020541666666666663,0.5536666666666668,0.4257916666666667,76.17021565904533,2.0020083512222007,1.9958125000000002
main_extension,sigmoid,3.0,ipw_half_sensitivity,world_optimum,9,1.9252909490581298,0.0987484103354518,0.48968753477913163,0.10802105593233442,0.8379089647242376,0.29578186490539793,0.5421270998188397,0.3111081845572168,0.01798575795546204,0.5611319149949194,0.42088232704961853,0.01741666666666666,0.5596458333333332,0.4229375000000001,71.52867561426204,2.0228962964116954,2.0288541666666666
main_extension,sigmoid,3.0,ipw_half_sensitivity,world_optimum,10,0.43836564292200153,0.08275341275809342,2.257960119687886,0.13695284278679992,0.9263597251226601,0.23987899839120835,0.6864807267314518,-0.3693531309226365,0.3043930948364556,0.6730362880088354,0.02257061715470884,0.3019791666666667,0.6755416666666665,0.022479166666666665,83.21596026766846,2.4091999297486453,2.407354166666667
main_extension,sigmoid,3.0,ipw_half_sensitivity,world_optimum,11,0.3528941953297667,0.08519281259303092,2.2180647644522224,0.1522314450558172,0.8853839241250068,0.22257671014821087,0.6628072139767959,-0.3969563024508022,0.3359346303266704,0.6417559600350827,0.022309409638246888,0.33768750000000003,0.6399583333333334,0.022354166666666668,84.74725417566465,2.2996676839829178,2.2985
main_extension,sigmoid,3.0,ipw_half_sensitivity,world_optimum,12,1.800482473251514,0.0792980968494176,0.36062190102282476,0.11232316299568054,0.7468008237079188,0.23756516000919237,0.5092356636987264,0.3893685905134108,0.01883068357973888,0.5329701076051581,0.4481992088151031,0.019729166666666666,0.5375208333333333,0.4427499999999999,73.99871395597066,1.9050148264735953,1.9038958333333333
main_extension,sigmoid,3.0,ipw_half_sensitivity,world_optimum,13,1.6994425986996162,0.0899735749503529,0.3732234003931923,0.10585797523798512,0.720879858014387,0.2499429018161837,0.47093695619820347,0.3561432932756226,0.02103093188223041,0.5331903654281154,0.44577870268965425,0.020145833333333328,0.5377291666666666,0.44212500000000005,77.33529503172967,1.914660344602782,1.9223541666666661
main_extension,sigmoid,3.0,ipw_half_sensitivity,world_optimum,14,2.1041251795097136,0.05100912281760687,0.3313772685733497,0.12895576338222817,0.8288371903002234,0.20850703763328937,0.6203301526669339,0.3317658552429644,0.015008038807206867,0.5321915898661567,0.4528003713266364,0.014333333333333326,0.5316875,0.4539791666666666,67.42430380343396,1.8800665102460594,1.8716666666666668
main_extension,sigmoid,3.0,ipw_half_sensitivity,world_optimum,15,1.7848064869458753,0.09732342240499764,0.4402889307169864,0.10416779395674813,0.7741396133559532,0.2787319999730976,0.49540761338285544,0.4094450503059487,0.019799152805334674,0.5479875258584805,0.43221332133618484,0.019270833333333327,0.5522499999999999,0.4284791666666667,75.0518890081485,1.974247499357859,1.9727083333333333
main_extension,sigmoid,3.0,ipw_half_sensitivity,world_optimum,16,2.0229327365000533,0.09024772952001167,0.6379106332059292,0.09144903378429359,0.9170303664086648,0.3306684077680311,0.5863619586406337,0.2965454259045738,0.0181610300609001,0.60511478016815,0.37672418977094996,0.01802083333333333,0.6042291666666666,0.37775,68.1918839791331,2.1731449947632244,2.165104166666666
main_extension,sigmoid,3.0,ipw_half_sensitivity,world_optimum,17,1.7545622294624301,0.10780289606888482,0.4753570801048993,0.09997904052461477,0.7792407352120714,0.297628082967803,0.48161265224426836,0.18141376928712846,0.020809988783189813,0.554875016485734,0.42431499473107614,0.02077083333333333,0.5579375000000001,0.4212916666666667,75.51609174099053,2.008639373100993,2.009375
main_extension,sigmoid,3.0,ipw_half_sensitivity,world_optimum,18,1.740295589580142,0.11418336102655699,0.5490982649499397,0.09021094346837726,0.8011924051855461,0.3254041190998859,0.47578828608566015,0.33288499099589497,0.02188290039679435,0.5732908282092282,0.40482627139397753,0.021562499999999995,0.5748541666666667,0.40358333333333335,75.57210792134478,2.081453603023099,2.080375
main_extension,sigmoid,3.0,ipw_half_sensitivity,world_optimum,19,1.6056235372389929,0.11617144497239044,0.48686273831506865,0.08909722324741372,0.736219240175484,0.3089061506662635,0.4273130895092204,0.3900919661379817,0.024937747077435284,0.554476372783285,0.42058588013927967,0.02364583333333333,0.5592291666666666,0.41712500000000013,79.11462275104999,2.0150342871241294,2.0095
main_extension,matched_exponential,3.0,endogenous,world_optimum,0,2.384326105635372,0.15179372660552476,0.35345269690724695,0.1962636168237783,0.9631908430493811,0.3662347881912943,0.5969560548580869,0.40142884196708895,0.05490938461803727,0.48914427088907136,0.45594634449289134,0.05495833333333333,0.4906041666666667,0.45443749999999994,96.00000000000009,1.7876097526342707,1.7911666666666668
main_extension,matched_exponential,3.0,endogenous,world_optimum,1,2.4685464134881587,0.2071061550469519,0.4569480102757635,0.19995346293148347,1.0442001929369584,0.4404287170964295,0.6037714758405285,0.4776031565403561,0.05320272469924288,0.49398078605491696,0.45281648924584006,0.05391666666666667,0.49522916666666655,0.4508541666666666,96.00000000000009,1.8404494049610842,1.8408958333333332
main_extension,matched_exponential,3.0,endogenous,world_optimum,2,1.73201565231077,0.14177646907511054,0.4578076871218803,0.11182020066323761,0.7771999361692536,0.41904314812747134,0.35815678804178225,0.30850450052155853,0.08887620633464798,0.4806134870959017,0.4305103065694504,0.08654166666666667,0.48154166666666665,0.43191666666666667,96.00000000000009,1.7503080794476582,1.7495833333333333
main_extension,matched_exponential,3.0,endogenous,world_optimum,3,2.5173766060028058,0.20797374767406945,0.4383796971295023,0.20924097193770003,1.0545766836021258,0.43127514175304116,0.6233015418490848,0.4815545033264207,0.051349648720354094,0.49334436256927405,0.45530598871037187,0.05118750000000001,0.4924166666666667,0.4563958333333333,96.00000000000009,1.8386295688723742,1.8407291666666665
main_extension,matched_exponential,3.0,endogenous,world_optimum,4,1.7035259994987844,0.11632700623706742,0.3923145900333681,0.11244603546311653,0.73738919858974,0.37784280414298277,0.35954639444675723,0.3572017875723091,0.08949810010237136,0.47712649464196655,0.4333754052556621,0.08739583333333334,0.47870833333333335,0.4338958333333334,96.00000000000009,1.722246555180756,1.7167708333333334
main_extension,matched_exponential,3.0,endogenous,world_optimum,5,1.8888164243176973,0.13475548310725324,0.39645801990722934,0.1342875710571289,0.8066766424440601,0.3872720518460482,0.41940459059801183,0.3355991165578766,0.07839886687664832,0.4817979806063833,0.43980315251696844,0.07737500000000001,0.4805624999999999,0.4420625,96.00000000000009,1.750328125699085,1.7485833333333332
main_extension,matched_exponential,3.0,endogenous,world_optimum,6,1.646714783025486,0.1501329873614427,0.5025566213558319,0.10006501738598435,0.7664681305809202,0.4424218324047155,0.32404629817620456,0.2391589963722874,0.09540880259006396,0.4800180672119557,0.4245731301979803,0.09506250000000002,0.47827083333333337,0.42666666666666675,96.00000000000009,1.7532443383404033,1.7492708333333333
main_extension,matched_exponential,3.0,endogenous,world_optimum,7,1.4514577201789187,0.09629053022795009,0.40257262296454466,0.08291983531544408,0.6501069577904712,0.3714721175553201,0.27863484023515095,0.29675052043426364,0.10768101683335049,0.4699497113619853,0.42236927180466416,0.10602083333333334,0.4711666666666666,0.42281250000000004,96.00000000000009,1.6845206992748316,1.6881041666666667
main_extension,matched_exponential,3.0,endogenous,world_optimum,8,1.8157807901774519,0.13268364530798618,0.42499559714196816,0.12181461277361032,0.7911533442091355,0.3994954238481459,0.3916579203609896,0.2310424765418873,0.08304388195978094,0.4818041114451261,0.435152006595093,0.08304166666666667,0.48266666666666663,0.43429166666666663,96.00000000000009,1.7490849077489639,1.7566458333333332
main_extension,matched_exponential,3.0,endogenous,world_optimum,9,2.147106444333581,0.15015254919660898,0.38777357950293023,0.16512294888580364,0.8950108576777069,0.3866578084502453,0.5083530492274615,0.38920865639478996,0.06516071980640006,0.48676078507323783,0.44807849512036213,0.06568750000000001,0.48395833333333327,0.4503541666666667,96.00000000000009,1.7778820643360096,1.7674791666666667
main_extension,matched_exponential,3.0,endogenous,world_optimum,10,1.876911095831527,0.21616191599723455,0.629636609552496,0.11816299145789219,0.9075698737937525,0.529837000342833,0.37773287345091966,0.34388841531174735,0.08306299148894818,0.49138859962378334,0.4255484088872685,0.08325,0.491,0.42575,96.00000000000009,1.8365828192862057,1.8324791666666667
main_extension,matched_exponential,3.0,endogenous,world_optimum,11,1.6074639932594388,0.18334526929500364,0.6613868719480216,0.08424623243163173,0.8173987115008213,0.524120236967853,0.29327847453296824,0.28294383026534775,0.10108053692704835,0.4867519206684296,0.412167542404522,0.10035416666666667,0.4913333333333334,0.40831249999999997,96.00000000000009,1.7985555578767616,1.7960416666666668
main_extension,matched_exponential,3.0,endogenous,world_optimum,12,1.8914045511199273,0.09747598503190326,0.3219041246979627,0.13578389290435947,0.7702615536165978,0.33482321652980457,0.43543833708679325,0.42302871615270393,0.07688251222091122,0.4796067459986476,0.4435107417804412,0.07677083333333333,0.4845833333333333,0.43864583333333335,96.00000000000009,1.719845808758155,1.7199166666666663
main_extension,matched_exponential,3.0,endogenous,world_optimum,13,1.740243969976391,0.09882830806064456,0.35468664013761336,0.11623108994848104,0.7312529727248831,0.3521266982426955,0.37912627448218755,0.3717736361177358,0.086357078127483,0.47717934057047984,0.43646358130203716,0.08772916666666668,0.47889583333333324,0.433375,96.00000000000009,1.711949740392146,1.7086458333333336
main_extension,matched_exponential,3.0,endogenous,world_optimum,14,2.3645590223491735,0.09191964462433418,0.2398337811315967,0.19888938911703963,0.8987708160350347,0.28298247495479556,0.6157883410802392,0.41935661806685437,0.054096869867209185,0.48515012475455155,0.4607530053782393,0.05450000000000001,0.48391666666666666,0.46158333333333335,96.00000000000009,1.7363530832358371,1.7384374999999999
main_extension,matched_exponential,3.0,endogenous,world_optimum,15,1.9023816492419574,0.12425052395027107,0.3851810915243939,0.13396593550633598,0.8039377549055409,0.37661088219494826,0.42732687271059255,0.45296223608528174,0.07735552569614952,0.48228381133823806,0.44036066296561244,0.07608333333333335,0.4876875,0.4362291666666668,96.00000000000009,1.7456822033567085,1.7506875000000002
main_extension,matched_exponential,3.0,endogenous,world_optimum,16,2.4712272749614135,0.19529383880322404,0.42242932670331773,0.20406881419828063,1.0296501468226518,0.41845513346945706,0.6111950133531948,0.44691372645281574,0.05271474886507469,0.4923690882833567,0.4549161628515687,0.053104166666666675,0.4900833333333332,0.4568125,96.00000000000009,1.8269025911746568,1.8251666666666668
main_extension,matched_exponential,3.0,endogenous,world_optimum,17,1.8659314388180523,0.13487559344596406,0.4203442413151429,0.12778872983892964,0.8070504245263862,0.3980268415985603,0.4090235829278261,0.22303355796703364,0.08002764156533178,0.4828418997837988,0.4371304586508694,0.08008333333333333,0.48604166666666665,0.433875,96.00000000000009,1.75419301708487,1.7561249999999997
main_extension,matched_exponential,3.0,endogenous,world_optimum,18,1.9001580408418408,0.15530028862846898,0.4653062888455767,0.12927341105479323,0.8402548727719621,0.4278301827959708,0.4124246899759914,0.392437049727107,0.07885305157284113,0.4854160007611859,0.4357309476659729,0.07970833333333334,0.4853124999999999,0.43497916666666664,96.00000000000009,1.7761572675909574,1.7800625
main_extension,matched_exponential,3.0,endogenous,world_optimum,19,1.666063895629658,0.13182403313875402,0.45455581581753296,0.1036925646005781,0.7508145815286483,0.4126755338559439,0.3381390476727044,0.41387722915870057,0.0931012535710555,0.4789143444090075,0.4279844020199371,0.09420833333333332,0.4812708333333333,0.4245208333333334,96.00000000000009,1.7380741920398566,1.7432499999999997
main_extension,matched_exponential,3.0,static,world_optimum,0,1.8203451953913714,0.04457778684306418,0.6197605617860098,0.06130062178121224,0.8282278480068153,0.49314165035625707,0.33508619765055797,0.2058683258344039,0.13815764322085997,0.5085146281107986,0.3533277286683409,0.1392708333333333,0.5076666666666665,0.3530625,96.00000000000009,1.773826757983429,1.7731041666666667
main_extension,matched_exponential,3.0,static,world_optimum,1,1.8284233536019248,0.06198911345906967,0.797654142423039,0.05177547315586972,0.8960222031613444,0.5526891784301873,0.3433330247311571,0.25796073346394655,0.13597323877597028,0.5235018342651968,0.3405249269588326,0.13733333333333336,0.5249166666666666,0.33774999999999994,96.00000000000009,1.8229294067168413,1.8182500000000001
main_extension,matched_exponential,3.0,static,world_optimum,2,1.3405767987199133,0.053168651165509916,0.6949246864534243,0.030843643273599914,0.6962233787796158,0.48687229112343344,0.20935108765618254,0.14957848128945922,0.16451459873872137,0.4897057078136037,0.34577969344767484,0.16302083333333334,0.49047916666666663,0.3464999999999999,96.00000000000009,1.705559552586621,1.6972916666666666
main_extension,matched_exponential,3.0,static,world_optimum,3,1.8760325773595716,0.06336741028008837,0.7692853926710583,0.05755941510581365,0.9028951267702394,0.5486628134179667,0.3542323133522728,0.26396175400191807,0.13465819367669488,0.5236517063185989,0.3416901000047064,0.13460416666666666,0.5234791666666666,0.3419166666666667,96.00000000000009,1.8235887254589715,1.824208333333333
main_extension,matched_exponential,3.0,static,world_optimum,4,1.3356789750567213,0.04252594611799014,0.5995749794071983,0.03431680373401311,0.6592599668606367,0.45252786148184504,0.20673210537879144,0.20708024773319306,0.1652873421383715,0.4823916295429359,0.35232102831869255,0.16347916666666665,0.48308333333333325,0.35343749999999996,96.00000000000009,1.6798695800957693,1.6749791666666667
main_extension,matched_exponential,3.0,static,world_optimum,5,1.458264228983933,0.04614094376451673,0.6316943802937391,0.0396441129604651,0.7120331843473963,0.47434507422253197,0.23768811012486438,0.16817306209141086,0.15779829189095776,0.4914677267182693,0.35073398139077355,0.1570208333333333,0.4883541666666666,0.354625,96.00000000000009,1.7115455392057135,1.7080625
main_extension,matched_exponential,3.0,static,world_optimum,6,1.2773047734167622,0.0600562025142833,0.7412332156032371,0.02646161731649166,0.6928647305114273,0.4984070966859619,0.1944576338254656,0.0853939630901802,0.168635040169801,0.4891923262236254,0.3421726336065727,0.16920833333333332,0.4862916666666666,0.3445,96.00000000000009,1.7051366994056392,1.6995416666666663
main_extension,matched_exponential,3.0,static,world_optimum,7,1.1623309101832549,0.03918621153767428,0.5775403779239034,0.025832044073250526,0.5930191665482776,0.426931003398927,0.16608816314935063,0.1694578795363058,0.17612456518375555,0.47107530428359123,0.35280013053265347,0.17493750000000002,0.473,0.3520625,96.00000000000009,1.6403427952324443,1.6396666666666668
main_extension,matched_exponential,3.0,static,world_optimum,8,1.4034785483695393,0.04647614289545816,0.6613992578007237,0.03444591825304854,0.7037846496885737,0.4784276336208245,0.2253570160677491,0.06755269654066584,0.16015109731220428,0.4908197944447973,0.3490291082429984,0.16199999999999998,0.49006249999999996,0.3479375,96.00000000000009,1.709103092076424,1.7052708333333335
main_extension,matched_exponential,3.0,static,world_optimum,9,1.6479658229672502,0.04861526766167214,0.6439576820839428,0.05029168211238518,0.7801795909042883,0.49285569545260044,0.287323895451688,0.20698483576201215,0.14730524537270223,0.5022280370709031,0.3504667175563951,0.14637499999999998,0.5006666666666668,0.3529583333333333,96.00000000000009,1.7496334841021643,1.7455208333333332
main_extension,matched_exponential,3.0,static,world_optimum,10,1.399720275006241,0.0823241497206427,0.9592720965932168,0.024365291437506365,0.8137721737733669,0.5814857158790161,0.23228645789435065,0.15625012678389733,0.15944222243141534,0.5108768641787361,0.32968091338984845,0.15960416666666663,0.5109374999999999,0.32945833333333335,96.00000000000009,1.7860243521060302,1.7812291666666666
main_extension,matched_exponential,3.0,static,world_optimum,11,1.2376765548830275,0.0789680040949134,0.9368109067647238,0.017999342845031886,0.7511518219142215,0.559593959152749,0.19155786276147233,0.12689946329379964,0.1697507589666298,0.4992628818098358,0.3309863592235348,0.16820833333333335,0.5035833333333334,0.3282083333333333,96.00000000000009,1.7475835365822312,1.7512708333333333
main_extension,matched_exponential,3.0,static,world_optimum,12,1.484815631279582,0.031026330536865356,0.5214887694427184,0.04463258304081686,0.6791102437530551,0.4344285398171598,0.24468170393589533,0.26563978301850477,0.15592922047256444,0.48377004522788336,0.36030073429955145,0.15799999999999997,0.4854583333333333,0.35654166666666665,96.00000000000009,1.6881748186970555,1.6814166666666666
main_extension,matched_exponential,3.0,static,world_optimum,13,1.3709644699843722,0.03395508638763506,0.550815609357179,0.03688983913332674,0.6519117219097287,0.4357027650266148,0.2162089568831139,0.22283857545117441,0.16243591686895487,0.48046709980635105,0.3570969833246941,0.16454166666666667,0.4822916666666666,0.3531666666666667,96.00000000000009,1.6744254809706303,1.6831041666666668
main_extension,matched_exponential,3.0,static,world_optimum,14,1.8624645664101007,0.024797029891716244,0.43516056816161697,0.07425929456981609,0.7741407214878111,0.42894976112582095,0.34519096036199026,0.245800955739277,0.13728579351657916,0.49263482295974004,0.37007938352368047,0.13810416666666664,0.49149999999999994,0.3703958333333333,96.00000000000009,1.7319399677962894,1.7315208333333334
main_extension,matched_exponential,3.0,static,world_optimum,15,1.4760789675405805,0.04161847234627975,0.6135650676199521,0.040449016436399185,0.7104208358356041,0.4674877749274997,0.24293306090810446,0.28797714392802964,0.15622404966040657,0.4909946301753433,0.35278132016424996,0.15593749999999995,0.49470833333333336,0.3493541666666667,96.00000000000009,1.7103543517480415,1.7115416666666667
main_extension,matched_exponential,3.0,static,world_optimum,16,1.8472906673405198,0.05876730208841423,0.7410492005039917,0.05678772401993741,0.8823690566443085,0.5367667230726078,0.3456023335717009,0.23339192182947235,0.1360362354909892,0.519977743726926,0.34398602078208534,0.13562499999999997,0.520875,0.34349999999999997,96.00000000000009,1.8110283342290028,1.809479166666667
main_extension,matched_exponential,3.0,static,world_optimum,17,1.4392122482966578,0.04635184812998501,0.661145562924052,0.03630819176277486,0.7155698864502316,0.4811494535816843,0.23442043286854725,0.056056032662799106,0.15800564639100373,0.492742576266323,0.34925177734267215,0.16010416666666666,0.4914375000000001,0.34845833333333337,96.00000000000009,1.715837911710549,1.7203124999999997
main_extension,matched_exponential,3.0,static,world_optimum,18,1.4544053575635445,0.05479513704827823,0.7279684328618247,0.034741514107380266,0.7457229758245492,0.5064273257097105,0.2392956501148386,0.2192919858053901,0.15700876147879544,0.4985314644521336,0.34445977406907163,0.15916666666666662,0.4968541666666666,0.34397916666666667,96.00000000000009,1.7361289867786929,1.740895833333333
main_extension,matched_exponential,3.0,static,world_optimum,19,1.2980345655366836,0.05026954273461961,0.679763485266155,0.028900514251082525,0.6760225311791526,0.47691348381424126,0.19910904736491147,0.26174017530018673,0.16695596473816618,0.48622238507538074,0.34682165018645283,0.16860416666666667,0.48668749999999994,0.34470833333333334,96.00000000000009,1.6933789579927274,1.6916458333333335
main_extension,matched_exponential,3.0,quota,world_optimum,0,1.2183661784183735,0.018249794848416764,1.0641765516883352,3.615426105628259e-06,0.7669308416517084,0.7669308416517084,4.1522341120980867e-17,-0.040592368028338474,0.333333333333333,0.333333333333333,0.333333333333333,0.333333333333333,0.333333333333333,0.333333333333333,96.00000000000009,2.373885801060159,2.3703125
main_extension,matched_exponential,3.0,quota,world_optimum,1,1.2698022950398666,0.013372663972089291,1.249581218956533,5.329317354905707e-06,0.8442520593228295,0.8442520593228295,3.97459842815806e-17,0.03166318560288048,0.333333333333333,0.333333333333333,0.333333333333333,0.333333333333333,0.333333333333333,0.333333333333333,96.00000000000009,2.473828316775873,2.4668125
main_extension,matched_exponential,3.0,quota,world_optimum,2,0.9650547123249421,0.013856416109620549,1.0172394957846276,3.805900380862814e-06,0.6653835414063967,0.6653835414063966,4.196643033083092e-17,-0.026864772552516198,0.333333333333333,0.333333333333333,0.333333333333333,0.333333333333333,0.333333333333333,0.333333333333333,96.00000000000009,2.085086613837509,2.077791666666667
main_extension,matched_exponential,3.0,quota,world_optimum,3,1.2794218186535642,0.013601645827075126,1.242997873373767,4.7342870427557905e-06,0.8453404459514686,0.8453404459514686,4.085620730620576e-17,0.02441982301898321,0.333333333333333,0.333333333333333,0.333333333333333,0.333333333333333,0.333333333333333,0.333333333333333,96.00000000000009,2.484715609706774,2.4879583333333337
main_extension,matched_exponential,3.0,quota,world_optimum,4,0.9443653560668543,0.013545444110893177,0.9169276477700228,2.9861892999925805e-06,0.6249461493159234,0.6249461493159234,3.8635761256955445e-17,0.022095544469547698,0.333333333333333,0.333333333333333,0.333333333333333,0.333333333333333,0.333333333333333,0.333333333333333,96.00000000000009,2.0459066434499342,2.040375
main_extension,matched_exponential,3.0,quota,world_optimum,5,1.0199947637575626,0.013655743663697173,0.9835295293981231,4.274219529758497e-06,0.6723933456064609,0.6723933456064608,4.085620730620576e-17,-0.030514790165281868,0.333333333333333,0.333333333333333,0.333333333333333,0.333333333333333,0.333333333333333,0.333333333333333,96.00000000000009,2.1346145968955317,2.1566875
main_extension,matched_exponential,3.0,quota,world_optimum,6,0.9391489248586087,0.016239278039231274,1.0438302058136846,3.023042239064634e-06,0.6664061362371748,0.6664061362371748,3.8857805861880476e-17,-0.07663128290943287,0.333333333333333,0.333333333333333,0.333333333333333,0.333333333333333,0.333333333333333,0.333333333333333,96.00000000000009,2.0649541076623135,2.068458333333333
main_extension,matched_exponential,3.0,quota,world_optimum,7,0.8428904892123106,0.013337167477645667,0.8453454501611144,3.913141996577504e-06,0.5671910356170236,0.5671910356170236,3.597122599785507e-17,0.008387194097155432,0.333333333333333,0.333333333333333,0.333333333333333,0.333333333333333,0.333333333333333,0.333333333333333,96.00000000000009,1.9375153561987872,1.9393958333333334
main_extension,matched_exponential,3.0,quota,world_optimum,8,0.9999034830487051,0.01335288679905266,0.9947703807836682,3.5187749502913904e-06,0.6693422502104754,0.6693422502104754,3.663735981263017e-17,-0.11817579728125391,0.333333333333333,0.333333333333333,0.333333333333333,0.333333333333333,0.333333333333333,0.333333333333333,96.00000000000009,2.1159531689021547,2.1254375
main_extension,matched_exponential,3.0,quota,world_optimum,9,1.124548042672618,0.014693770057147554,1.0504331083024696,3.731552175147469e-06,0.7298916403440784,0.7298916403440784,4.196643033083092e-17,-0.01735403134900989,0.333333333333333,0.333333333333333,0.333333333333333,0.333333333333333,0.333333333333333,0.333333333333333,96.00000000000009,2.2608188811433725,2.252291666666667
main_extension,matched_exponential,3.0,quota,world_optimum,10,1.0588521564332956,0.02490782487903029,1.2844716339345266,3.6560797570740567e-06,0.7894105384156175,0.7894105384156173,3.663735981263016e-17,0.001347152276200019,0.333333333333333,0.333333333333333,0.333333333333333,0.333333333333333,0.333333333333333,0.333333333333333,96.00000000000009,2.2365606019394404,2.2336041666666664
main_extension,matched_exponential,3.0,quota,world_optimum,11,0.9585434323349247,0.028167566569678094,1.2127539756023658,2.5124331333076314e-06,0.733154991502323,0.733154991502323,3.9523939676655583e-17,-0.00734568965908638,0.333333333333333,0.333333333333333,0.333333333333333,0.333333333333333,0.333333333333333,0.333333333333333,96.00000000000009,2.118885222809918,2.111416666666667
main_extension,matched_exponential,3.0,quota,world_optimum,12,1.0176546847936587,0.019484762822234297,0.8663023612197108,2.942232962956875e-06,0.6344806029452013,0.6344806029452013,3.952393967665557e-17,0.0548159962755034,0.333333333333333,0.333333333333333,0.333333333333333,0.333333333333333,0.333333333333333,0.333333333333333,96.00000000000009,2.1114064812570357,2.1049166666666665
main_extension,matched_exponential,3.0,quota,world_optimum,13,0.9612787197944496,0.01567035764351413,0.8681235782376737,2.335782143892885e-06,0.6150242185585457,0.6150242185585457,4.3076653355456075e-17,0.031340110978327076,0.333333333333333,0.333333333333333,0.333333333333333,0.333333333333333,0.333333333333333,0.333333333333333,96.00000000000009,2.0539855527431063,2.0500208333333334
main_extension,matched_exponential,3.0,quota,world_optimum,14,1.1952007033646408,0.040887300815524205,0.8635669171902036,3.546872127624989e-06,0.6998849737901229,0.6998849737901227,4.218847493575595e-17,-0.026860325037820643,0.333333333333333,0.333333333333333,0.333333333333333,0.333333333333333,0.333333333333333,0.333333333333333,96.00000000000009,2.311678893768616,2.3176875000000003
main_extension,matched_exponential,3.0,quota,world_optimum,15,1.0304011028221078,0.014428578778579587,0.9650996125952677,4.611999446795103e-06,0.6699764313986518,0.6699764313986517,3.752553823233029e-17,0.0870746796486511,0.333333333333333,0.333333333333333,0.333333333333333,0.333333333333333,0.333333333333333,0.333333333333333,96.00000000000009,2.1421422963762304,2.135020833333333
main_extension,matched_exponential,3.0,quota,world_optimum,16,1.2581749119202226,0.013994468503735768,1.2045870107728978,4.131107913892961e-06,0.8255854637322854,0.8255854637322854,3.1974423109204506e-17,-0.005070699158677717,0.333333333333333,0.333333333333333,0.333333333333333,0.333333333333333,0.333333333333333,0.333333333333333,96.00000000000009,2.4501273231809235,2.4642291666666667
main_extension,matched_exponential,3.0,quota,world_optimum,17,1.0196374588856203,0.013427877528466298,1.004731118356116,3.7902359443003643e-06,0.679265484923401,0.679265484923401,3.463895836830488e-17,-0.13484540553503124,0.333333333333333,0.333333333333333,0.333333333333333,0.333333333333333,0.333333333333333,0.333333333333333,96.00000000000009,2.1382014733439565,2.1360416666666664
main_extension,matched_exponential,3.0,quota,world_optimum,18,1.041071403087193,0.013618752870928008,1.0782661243323601,3.965046324757685e-06,0.7109854267634936,0.7109854267634936,3.286260152890463e-17,0.03265127042811912,0.333333333333333,0.333333333333333,0.333333333333333,0.333333333333333,0.333333333333333,0.333333333333333,96.00000000000009,2.174769848869971,2.169979166666667
main_extension,matched_exponential,3.0,quota,world_optimum,19,0.9422473099617065,0.01383475938747021,0.9852967932227047,4.2705958903231045e-06,0.6471262875239605,0.6471262875239605,3.352873534367972e-17,0.09214292787717934,0.333333333333333,0.333333333333333,0.333333333333333,0.333333333333333,0.333333333333333,0.333333333333333,96.00000000000009,2.056561872970974,2.050958333333333
main_extension,matched_exponential,3.0,ipw_true,world_optimum,0,1.2292467409144887,0.01794944074540549,1.0547328990020746,0.0003824673283866228,0.7673096935539895,0.5509670247271414,0.2163426688268481,-0.035805341959643855,0.136752599313327,0.5085491896443048,0.3546982110423682,0.1377083333333333,0.5076666666666666,0.35462499999999997,71.87038651164386,1.7736889288383204,1.7789583333333332
main_extension,matched_exponential,3.0,ipw_true,world_optimum,1,1.2689509004349822,0.013609638641137182,1.2508863725876775,0.00023557388245763858,0.8444823038879324,0.6053991284354114,0.2390831754525209,0.031180258010706598,0.1358658963440447,0.5234637132500356,0.34067039040591973,0.13685416666666664,0.5251666666666666,0.3379791666666666,71.12227282999402,1.822941681903251,1.8156249999999996
main_extension,matched_exponential,3.0,ipw_true,world_optimum,2,0.9840699210865097,0.014653976253360323,0.9984421677979078,0.0003422862065767856,0.6657220217125926,0.5139811728806595,0.15174084883193334,-0.017304133009454464,0.16228987567027878,0.48978740397133314,0.3479227203583881,0.16066666666666665,0.4906041666666667,0.34872916666666665,78.33423900588004,1.7062880232924376,1.7066666666666663
main_extension,matched_exponential,3.0,ipw_true,world_optimum,3,1.3039678461943058,0.013795733546929626,1.2198805824441936,0.0005456757307170289,0.845881387395143,0.5990202250956324,0.24686116229951055,0.03508703356160504,0.13199108003434362,0.5235667905292469,0.34444212943640945,0.13222916666666665,0.5230833333333333,0.34468750000000004,70.25884391192037,1.823419170180315,1.830625
main_extension,matched_exponential,3.0,ipw_true,world_optimum,4,0.9591573240467526,0.013639298465263548,0.9029724294567453,0.0003131875296302533,0.6252563506562537,0.4827603201323888,0.14249603052386497,0.029599485070381147,0.16330920062788223,0.4825346026839073,0.3541561966882106,0.16145833333333331,0.48262499999999997,0.3559166666666667,78.76750430494504,1.6804250225902215,1.6892916666666669
main_extension,matched_exponential,3.0,ipw_true,world_optimum,5,1.0364764826464834,0.01362657372290566,0.9678628123514574,0.0002662181866842964,0.6726552895736155,0.5092366188686382,0.16341867070497734,-0.022430413016233174,0.15561435389874145,0.49159799715973024,0.35278764894152836,0.15410416666666665,0.4894166666666666,0.3564791666666667,76.89487625477977,1.7119806629692884,1.7123333333333335
main_extension,matched_exponential,3.0,ipw_true,world_optimum,6,0.953145864908544,0.017298678766546324,1.0296631336675675,0.00029944591928355663,0.6667025591142194,0.5213715334444609,0.1453310256697585,-0.0695095337289357,0.16664977271321732,0.48923544154862075,0.3441147857381619,0.16695833333333332,0.48633333333333323,0.34670833333333334,79.21750759666392,1.7059406358471925,1.7134166666666666
main_extension,matched_exponential,3.0,ipw_true,world_optimum,7,0.8491496695820061,0.013502573134282433,0.8394157788876795,0.00016888472629566646,0.5673560072013226,0.4518590045748264,0.11549700262649625,0.011730372906667825,0.17541050406449177,0.47113088801322156,0.3534586079222866,0.1738541666666667,0.47335416666666674,0.35279166666666667,81.332790463994,1.6406333537776991,1.6428958333333334
main_extension,matched_exponential,3.0,ipw_true,world_optimum,8,0.999374997585627,0.013628608414218308,0.995841718364131,0.0002763766858003999,0.6696151081213253,0.5140839659895227,0.1555311421318028,-0.11857899188212762,0.16042295431640732,0.4907689384676486,0.3488081072159442,0.1623125,0.48997916666666663,0.34770833333333334,77.80478923763735,1.7090946691131712,1.7127708333333334
main_extension,matched_exponential,3.0,ipw_true,world_optimum,9,1.1484711010325181,0.01423685255736098,1.0280416700490629,0.00036196575441061645,0.730249874546314,0.535896476184649,0.1943533983616649,-0.006180552901945373,0.14449069608556897,0.502351809374689,0.35315749453974216,0.14372916666666663,0.501,0.3552708333333333,74.05244584184702,1.749803501779565,1.7413125
main_extension,matched_exponential,3.0,ipw_true,world_optimum,10,1.0692348020952969,0.026232266339919548,1.273568907718634,0.0002717763820898682,0.7896786587179504,0.6038860371272704,0.18579262159068002,0.006297351235887513,0.1578995522703477,0.510799360031241,0.3313010876984114,0.1578958333333333,0.5107083333333333,0.3313958333333334,76.70648561010248,1.786699407646347,1.7891041666666667
main_extension,matched_exponential,3.0,ipw_true,world_optimum,11,0.9603997678893667,0.028549532756006708,1.2110261228770343,0.0001726621049463148,0.7333251411741359,0.5779768968580569,0.15534824431607908,-0.006478853878165994,0.16963905767625112,0.49923810451013306,0.33112283781361584,0.16835416666666664,0.5035625,0.3280833333333334,79.37235483009259,1.7476739371471972,1.7394583333333333
main_extension,matched_exponential,3.0,ipw_true,world_optimum,12,1.0175235871223238,0.019970747145824606,0.8672709860168342,0.000444112716089196,0.6349217734283276,0.4804402609599768,0.1544815124683508,0.05453046065309001,0.15604730162543518,0.4837095558140554,0.36024314256050943,0.1582708333333333,0.4850416666666667,0.35668749999999994,77.00084755893886,1.6882450196428411,1.6917708333333334
main_extension,matched_exponential,3.0,ipw_true,world_optimum,13,0.960890006488483,0.015953189878176087,0.8689822029900067,0.00025325034248669125,0.6152751331188886,0.47384465125149317,0.1414304818673954,0.03101154786068645,0.16248602840840348,0.48043579804618836,0.3570781735454081,0.16462499999999997,0.48222916666666665,0.35314583333333327,78.47903755250735,1.6744681502490242,1.6732083333333336
main_extension,matched_exponential,3.0,ipw_true,world_optimum,14,1.2012995432086895,0.04021328695525645,0.858806359709104,0.0002249697063547351,0.7001063966243499,0.5020920679048582,0.19801432871949182,-0.02415792686133155,0.13670052631046495,0.49269569357095067,0.37060378011858447,0.137875,0.49124999999999996,0.370875,72.1785547715232,1.7318094900012433,1.7350625000000002
main_extension,matched_exponential,3.0,ipw_true,world_optimum,15,1.0323898227275323,0.014596217824567487,0.9636192046875163,0.0002299290140004735,0.6702017484132055,0.5081601497182076,0.16204159869499787,0.08794892134144525,0.15602914100377072,0.49098409767558027,0.35298676132064905,0.15593749999999998,0.49497916666666664,0.3490833333333333,76.87007255229796,1.710421755181948,1.7083750000000002
main_extension,matched_exponential,3.0,ipw_true,world_optimum,16,1.279806020109167,0.014048923713409083,1.1844930596597438,0.0005346685364020756,0.8261160011607733,0.5881893036445722,0.2379266975162011,0.004381477061852957,0.13379333653022568,0.5199259129837783,0.34628075048599605,0.13314583333333332,0.5206458333333333,0.34620833333333334,70.8711936654453,1.8108993003604361,1.8090416666666667
main_extension,matched_exponential,3.0,ipw_true,world_optimum,17,1.0170293815584546,0.013728285963848855,1.0078637271714288,0.00027877021045401735,0.6795404648979106,0.5192531313555634,0.16028733354234737,-0.13628141468860805,0.15861431708630952,0.4926685820004657,0.34871710091322466,0.16125,0.49045833333333333,0.34829166666666667,77.34932940371712,1.7157698537272807,1.7180208333333333
main_extension,matched_exponential,3.0,ipw_true,world_optimum,18,1.0455784532013292,0.013863331098772325,1.074026990888504,0.00017479667903297193,0.7111562583962019,0.5408674724331091,0.17028878596309285,0.0347889423865153,0.1565814967032204,0.4985269302469648,0.34489157304981466,0.15818749999999998,0.49783333333333335,0.3439791666666666,76.77327955035233,1.7362542904822285,1.7477083333333332
main_extension,matched_exponential,3.0,ipw_true,world_optimum,19,0.9462500131263442,0.014093415104010404,0.9815462588720925,0.000174545439412189,0.6472965623674823,0.5050882092529023,0.1422083531145801,0.0941312642660879,0.16641722303109774,0.4862359754220006,0.34734680154690156,0.1678125,0.4867916666666666,0.3453958333333333,79.13620531892032,1.693583937532054,1.6901875
main_extension,matched_exponential,3.0,ipw_omit_friction,world_optimum,0,2.1208689322808167,0.09412347680902253,0.464066618621929,0.12609244967831992,0.8930196759039228,0.39037597902501925,0.5026436968789036,0.3133227051459059,0.06655255061197851,0.4967612004186277,0.43668624896939373,0.06668750000000001,0.49793750000000003,0.43537500000000007,91.77178499426213,1.7792732303556094,1.7774583333333331
main_extension,matched_exponential,3.0,ipw_omit_friction,world_optimum,1,2.2258369240091636,0.14352182040996797,0.5691658841054582,0.135261479502722,0.9795082095081966,0.45979025660940404,0.5197179528987925,0.39812233895618865,0.06331318263051403,0.5029842159157143,0.4337026014537718,0.06425,0.5038124999999999,0.4319375,91.61277357292904,1.832887372146431,1.8289583333333332
main_extension,matched_exponential,3.0,ipw_omit_friction,world_optimum,2,1.5868832241882418,0.10445622157938643,0.5364501339782551,0.07721679107594516,0.7425965265819611,0.4316594281408193,0.31093709844114176,0.2519245642768978,0.09945254249418557,0.48408448681086924,0.4164629706949451,0.09774999999999999,0.4845833333333333,0.4176666666666667,93.34244635121775,1.7401374335194426,1.7351666666666667
main_extension,matched_exponential,3.0,ipw_omit_friction,world_optimum,3,2.271161780638746,0.1439654278933143,0.548792178126119,0.1426374172216338,0.9879731288860594,0.4505159685686044,0.5374571603174552,0.40174011598856174,0.06115804781294959,0.5024508331618093,0.4363911190252412,0.0605625,0.5020208333333332,0.4374166666666667,91.58699586677449,1.8312250545569924,1.8230208333333338
main_extension,matched_exponential,3.0,ipw_omit_friction,world_optimum,4,1.5373178572617854,0.07858565648153842,0.4773671816593499,0.07281373534093441,0.6977568984675577,0.3936602817210385,0.3040966167465195,0.291614651391359,0.10185458088359571,0.4802202066203033,0.41792521249610093,0.10020833333333334,0.48102083333333334,0.4187708333333333,93.39165080468987,1.710728090408789,1.7109375
main_extension,matched_exponential,3.0,ipw_omit_friction,world_optimum,5,1.6995660348399155,0.09039084099398835,0.4893154088275228,0.08736835683354446,0.7597574282204757,0.40496030544416134,0.35479712277631426,0.26465738608551626,0.09066417396807383,0.4862136076422442,0.42312221838968195,0.08952083333333334,0.4848541666666667,0.42562500000000003,92.97400598998986,1.7392307079537512,1.7365416666666664
main_extension,matched_exponential,3.0,ipw_omit_friction,world_optimum,6,1.5254313390953584,0.11669907173549458,0.5725147361856766,0.07181193581057413,0.7382150490055098,0.4521216208218405,0.2860934281836694,0.19080031775451844,0.10483099660183018,0.4830321517390896,0.41213685165908026,0.10483333333333333,0.4804375,0.4147291666666667,93.51885039663766,1.7437901637619728,1.7463958333333334
main_extension,matched_exponential,3.0,ipw_omit_friction,world_optimum,7,1.323064107290757,0.06774076940049495,0.4738880504579832,0.05437718657471805,0.6215643090497451,0.3834299586613336,0.23813435038841152,0.24197398763036299,0.11912326903410508,0.4715541972185221,0.40932253374737276,0.11795833333333332,0.4727083333333334,0.4093333333333334,93.9144708832579,1.6735087341349153,1.6735833333333336
main_extension,matched_exponential,3.0,ipw_omit_friction,world_optimum,8,1.6413943616334539,0.0911812806620432,0.5149577341536593,0.0798390607141937,0.7491777921497188,0.4159112559628764,0.33326653618684243,0.1644201617733567,0.09503133673673267,0.48581930809471735,0.41914935516854995,0.09437500000000001,0.4877083333333333,0.4179166666666667,93.12018646461942,1.7382994932626272,1.7357916666666668
main_extension,matched_exponential,3.0,ipw_omit_friction,world_optimum,9,1.9198774857387562,0.09743738813694339,0.4920674547055871,0.106572867401859,0.8364607761937621,0.4077153535210388,0.42874542267272336,0.30922801298903524,0.07727519824657211,0.49302780378080885,0.42969699797261907,0.077875,0.4902500000000001,0.43187499999999995,92.33160778354431,1.7679476362985826,1.7723333333333333
main_extension,matched_exponential,3.0,ipw_omit_friction,world_optimum,10,1.7708294706268604,0.18222787908194926,0.6930906023066402,0.09264243500262301,0.8820493173384832,0.5368778958409741,0.34517142149750935,0.3044606315518929,0.09005186742148749,0.49529632794858286,0.4146518046299296,0.09045833333333335,0.4951041666666667,0.4144374999999999,93.03636411122237,1.8294108767142088,1.8299374999999998
main_extension,matched_exponential,3.0,ipw_omit_friction,world_optimum,11,1.5464653528943797,0.16381058226936449,0.7011869993859005,0.07066849911402535,0.803820978183215,0.5279798769521131,0.27584110123110184,0.2585656526184452,0.10596771429732957,0.4886821675400201,0.4053501181626503,0.10525,0.4928958333333333,0.4018541666666667,93.54533942516579,1.793426358829779,1.7946666666666669
main_extension,matched_exponential,3.0,ipw_omit_friction,world_optimum,12,1.6759523053154364,0.05717614531078311,0.41859684173223116,0.0827641034072453,0.7172417641194837,0.35794379175153007,0.3592979723679536,0.3419823532714183,0.09081183166339055,0.48318789518753213,0.4260002731490773,0.09152083333333336,0.48687500000000006,0.4216041666666667,92.8656629533743,1.7084807790966696,1.7095833333333332
main_extension,matched_exponential,3.0,ipw_omit_friction,world_optimum,13,1.5548650056429412,0.06176410858071035,0.4447895897133803,0.0721176852026086,0.6871395679790105,0.3714849127097619,0.31565465526924863,0.29920854769976235,0.09978578939873203,0.4801026405490557,0.4201115700522123,0.10197916666666666,0.4809583333333333,0.41706249999999995,93.21472117726748,1.7002941109595764,1.703875
main_extension,matched_exponential,3.0,ipw_omit_friction,world_optimum,14,2.063081456203928,0.045330143096210126,0.34703635011924894,0.11860122288846722,0.8184826498064623,0.3148070161542743,0.503675633652188,0.31765516826421747,0.06754401804018707,0.4907314316245893,0.44172455033522356,0.06831249999999998,0.48970833333333336,0.4419791666666666,91.64964213026603,1.7279902388913286,1.7289791666666665
main_extension,matched_exponential,3.0,ipw_omit_friction,world_optimum,15,1.7056858836307114,0.08072703695052441,0.480275890393119,0.08559111759224672,0.7555629369914516,0.3960005402611733,0.3595623967302784,0.3794292068139313,0.08998810037916738,0.4866272188160073,0.4233846808048254,0.08875000000000002,0.4918541666666667,0.41939583333333336,92.91537600792887,1.7348478070196915,1.7370833333333333
main_extension,matched_exponential,3.0,ipw_omit_friction,world_optimum,16,2.217517698937032,0.13136601237656845,0.5357208218843951,0.1359535117749608,0.9615348443993323,0.4391681407795741,0.5223667036197578,0.36377522752243574,0.06323539201495608,0.5013050381898279,0.43545956979521605,0.06366666666666668,0.49970833333333325,0.436625,91.63928187071271,1.8190358337398322,1.811479166666667
main_extension,matched_exponential,3.0,ipw_omit_friction,world_optimum,17,1.6857813277871814,0.09223923074867997,0.511614839858996,0.08395010477749572,0.7632117994649523,0.41505566579208414,0.34815613367286824,0.15513877784039706,0.09194263402982288,0.4871313282968127,0.42092603767336445,0.09166666666666666,0.48999999999999994,0.41833333333333345,92.99946165751142,1.7436373259863132,1.7531458333333334
main_extension,matched_exponential,3.0,ipw_omit_friction,world_optimum,18,1.7268729002227154,0.11082283967971296,0.5563221794316929,0.08702451139420489,0.7980059731113738,0.4432055230280576,0.35480045008331607,0.3278387138659349,0.09005276154284851,0.49019689422806634,0.41975034422908514,0.09008333333333332,0.4915,0.4184166666666667,92.94262083989531,1.7660284556387533,1.764
main_extension,matched_exponential,3.0,ipw_omit_friction,world_optimum,19,1.5247695880366312,0.09634686282150855,0.5323894466003495,0.07071328222475955,0.7178352991528298,0.42521402493479454,0.29262127421803524,0.35768134287994313,0.10393071488925527,0.4819928561116815,0.41407642899906316,0.10466666666666664,0.4845208333333332,0.4108124999999999,93.43579172595717,1.7277217637746847,1.7223333333333333
main_extension,matched_exponential,3.0,ipw_half_sensitivity,world_optimum,0,1.6606264945869291,0.027187581773324365,0.7187608084175936,0.03526440203367949,0.8021916282592825,0.4579188071365202,0.34427282112276225,0.14493144169260225,0.09544039803252449,0.5064490752840876,0.398110526683388,0.09591666666666668,0.5070416666666666,0.3970416666666667,83.7484995084338,1.7720708803324743,1.7687916666666665
main_extension,matched_exponential,3.0,ipw_half_sensitivity,world_optimum,1,1.6894375098534709,0.041768346689024044,0.8939952445872292,0.030820303704433383,0.875067033709908,0.5280237258243674,0.34704330788554066,0.20526268875316211,0.09589599966304606,0.5185541727823526,0.3855498275546013,0.09810416666666667,0.5195416666666667,0.3823541666666667,83.45057503580009,1.8236890138097834,1.825833333333333
main_extension,matched_exponential,3.0,ipw_half_sensitivity,world_optimum,2,1.2059099302541738,0.033031572561530755,0.7979757572657222,0.013592684521126424,0.6789724200271423,0.478131076339215,0.20084134368792744,0.0894731372474549,0.13502115403556447,0.48970443498340843,0.3752744109810271,0.13347916666666668,0.48985416666666665,0.37666666666666665,87.5585906830861,1.7169853426525894,1.7138125
main_extension,matched_exponential,3.0,ipw_half_sensitivity,world_optimum,3,1.7485600795209677,0.044689231666363335,0.8547527395888386,0.03733163859429735,0.8826673502587232,0.5164789495230051,0.3661884007357182,0.21630510251752227,0.0914315661327895,0.5178561021001429,0.3907123317670679,0.0910625,0.5182291666666667,0.3907083333333333,83.21082950971869,1.8230899907399323,1.8297916666666663
main_extension,matched_exponential,3.0,ipw_half_sensitivity,world_optimum,4,1.1842220422039578,0.024133557397181322,0.708371255682859,0.013965788634709297,0.6389089517613328,0.441665907422906,0.19724304433842682,0.13914578616331022,0.13537607052452144,0.48355654529113956,0.381067384184339,0.1330625,0.4852708333333333,0.3816666666666666,87.67023138060799,1.6901689512547489,1.6992708333333333
main_extension,matched_exponential,3.0,ipw_half_sensitivity,world_optimum,5,1.301403429458233,0.026496575231205678,0.7420083941027553,0.017580394877133487,0.6899694662640647,0.4596550372131284,0.2303144290509363,0.10098652897196833,0.12476081207957404,0.49183309878497117,0.38340608913545476,0.12408333333333332,0.4893333333333333,0.3865833333333334,86.67939527516049,1.7205167151439411,1.7315
main_extension,matched_exponential,3.0,ipw_half_sensitivity,world_optimum,6,1.146720959177359,0.03793277988591321,0.8467591990578096,0.010734532845424836,0.6771376460403606,0.4936715658945519,0.1834660801458087,0.02568958764362697,0.14200404084348744,0.48895623234389846,0.36903972681261404,0.1424375,0.4862916666666666,0.3712708333333333,88.02612171175628,1.7172988672725782,1.7103125
main_extension,matched_exponential,3.0,ipw_half_sensitivity,world_optimum,7,1.015527414668454,0.02154926669327329,0.6890975861618257,0.008204300032823991,0.575391422507851,0.42329124177145816,0.15210018073639278,0.0985942694698396,0.1527536906619836,0.4726328832350206,0.3746134261029959,0.1517708333333333,0.47489583333333335,0.3733333333333334,88.91276123801468,1.6504971635581627,1.6458958333333336
main_extension,matched_exponential,3.0,ipw_half_sensitivity,world_optimum,8,1.2504542854659568,0.02687288245411734,0.7737917016209324,0.014367558411477105,0.6837062898470021,0.46861946798775644,0.21508682185924574,0.0006611840294922157,0.1301188995112447,0.49114686038443367,0.37873424010432155,0.13122916666666667,0.4911875,0.3775833333333333,87.06936025965277,1.718342347321854,1.71475
main_extension,matched_exponential,3.0,ipw_half_sensitivity,world_optimum,9,1.4930654124101905,0.029283689947540287,0.7465965851714083,0.02642732038447637,0.7563152291763796,0.4677924920748814,0.28852273710149834,0.14485288614146669,0.10839152489856325,0.5011685050999752,0.39043997000146163,0.1078125,0.4998958333333333,0.3922916666666667,85.15725363617238,1.7548801623866872,1.7563333333333333
main_extension,matched_exponential,3.0,ipw_half_sensitivity,world_optimum,10,1.2921291700954631,0.06015744532718165,1.0524150546475874,0.012160341020883654,0.8015672233567439,0.5792141527788011,0.22235307057794299,0.10956672583773312,0.13150818738011283,0.5083683819412061,0.3601234306786811,0.13185416666666666,0.5074374999999999,0.36070833333333335,86.97331045291097,1.7993874112873383,1.7991666666666668
main_extension,matched_exponential,3.0,ipw_half_sensitivity,world_optimum,11,1.115245022313368,0.05324089003505937,1.0494675759180019,0.006165350352953559,0.7393178294221431,0.5627474075905794,0.17657042183156374,0.07004339184363233,0.14943303266738675,0.4981649667235083,0.3524020006091049,0.14883333333333332,0.5032291666666666,0.34793750000000007,88.3890520881673,1.7590200513078713,1.7604375000000005
main_extension,matched_exponential,3.0,ipw_half_sensitivity,world_optimum,12,1.3109852003308986,0.017254113871903027,0.6329034371303004,0.019236589732128988,0.6537142504443672,0.4159844899993736,0.23772976044499358,0.19157779091093163,0.12193704377518591,0.48590815921747554,0.3921547970073386,0.12331249999999996,0.488125,0.38856250000000003,86.42660014148001,1.6943121611938512,1.6919999999999997
main_extension,matched_exponential,3.0,ipw_half_sensitivity,world_optimum,13,1.2059721293655685,0.018511463713586324,0.663597144338557,0.014338363029502069,0.629360245805904,0.42393815306571697,0.20542209274018708,0.14966975809725985,0.13230613559859833,0.4823681916656364,0.38532567273576535,0.13510416666666666,0.48393749999999996,0.38095833333333323,87.26433575844315,1.6827074684845253,1.6724166666666669
main_extension,matched_exponential,3.0,ipw_half_sensitivity,world_optimum,14,1.6543399704391746,0.014322404103940672,0.5439422056967587,0.03765343316196274,0.737534860079958,0.38515036469400427,0.3523844953859536,0.16693775533297547,0.09328260711657427,0.4950713633851465,0.4116460294982793,0.09422916666666667,0.494625,0.4111458333333333,83.54260269192955,1.7244956474662767,1.730375
main_extension,matched_exponential,3.0,ipw_half_sensitivity,world_optimum,15,1.3081929352772605,0.022819062154097493,0.7296864941794288,0.016927677804390754,0.6868994972035958,0.4535664981708155,0.2333329990327803,0.21640550548208526,0.12384827450493827,0.49170259359647445,0.3844491318985871,0.12439583333333333,0.49549999999999994,0.38010416666666663,86.55025773998581,1.7178521791483221,1.7174166666666668
main_extension,matched_exponential,3.0,ipw_half_sensitivity,world_optimum,16,1.714155907174683,0.04024684978850818,0.8295562676025238,0.0357383422308671,0.8613196748552383,0.5050673049923888,0.3562523698628496,0.18318234407968384,0.09336443870300037,0.5151602712590041,0.3914752900379955,0.09312500000000001,0.5141874999999999,0.3926875000000001,83.45749921453849,1.810789166859277,1.8160625000000004
main_extension,matched_exponential,3.0,ipw_half_sensitivity,world_optimum,17,1.2851396600122489,0.026869289678879627,0.7727229321291383,0.01564893258596564,0.6949106272734223,0.4697196435451749,0.2251909837282474,-0.01039521743768042,0.12680922176509973,0.492937753135562,0.38025302509933817,0.12787500000000002,0.4933958333333333,0.3787291666666667,86.778629661953,1.7246056073826377,1.7374999999999996
main_extension,matched_exponential,3.0,ipw_half_sensitivity,world_optimum,18,1.3055929531450357,0.03314502689742541,0.840080861964708,0.015291485618554004,0.726272947335723,0.496760757886001,0.22951218944972193,0.15551883307316922,0.12614941058557758,0.4978492187343912,0.37600137068003114,0.12720833333333334,0.49816666666666676,0.374625,86.68510215198249,1.7456106478909823,1.7489166666666662
main_extension,matched_exponential,3.0,ipw_half_sensitivity,world_optimum,19,1.152703932393687,0.029330793112409527,0.7920256928324919,0.010898122518125865,0.6580201394461961,0.4712745653210817,0.18674557412511456,0.1956798724012682,0.14017765716590874,0.48663086242593706,0.37319148040815425,0.14097916666666666,0.4900624999999999,0.3689583333333333,87.86933533400028,1.7040046301792036,1.7056041666666668
exact_symmetric,sigmoid,1.5,endogenous,-0.75,0,1.0151253295646179,0.013774262932081735,1.0124231962995458,0.00044092959874840167,0.6804409295987484,0.5998666996689699,0.08057422992977865,0.0006755333162680766,0.29311348122180836,0.4133333338181025,0.293553184960089,0.2932958333333333,0.41231666666666666,0.29438749999999997,96.00000000000001,1.4360724914704335,1.4353791666666669
exact_symmetric,sigmoid,1.5,static,-0.75,0,0.3088964401077504,0.22175302924928733,2.1346096183908245,0.208419695915954,0.8884196959159542,0.3629227381002603,0.5254969578156935,-0.45642829457076844,0.506333677308724,0.44293274144495015,0.050733581246326154,0.5060624999999999,0.4434791666666667,0.050458333333333355,96.00000000000001,1.779535175232908,1.779833333333333
exact_symmetric,sigmoid,1.5,endogenous,-0.25,0,1.0151253295646625,0.0137742629320818,1.0124231962995012,0.0004409295987484651,0.6804409295987484,0.5998666996689698,0.08057422992977875,0.0006755333162903504,0.29311348122180114,0.4133333338181025,0.2935531849600962,0.2932958333333333,0.41231666666666666,0.29438749999999997,96.00000000000001,1.4360724914704337,1.4320124999999997
exact_symmetric,sigmoid,1.5,static,-0.25,0,0.7080603338666613,0.04124468835772987,1.3744290428487986,0.027911355024396525,0.7079113550243967,0.5623040645222034,0.14560729050219315,-0.1665921772455344,0.3707683632599326,0.42383976444529986,0.2053918722947674,0.3715041666666666,0.4232916666666667,0.20520416666666674,96.00000000000001,1.4896061693975846,1.4868833333333336
exact_symmetric,sigmoid,1.5,endogenous,-0.01,0,1.015125329564666,0.013774262932081827,1.0124231962994976,0.0004409295987484902,0.6804409295987484,0.5998666996689698,0.0805742299297788,0.0006755333162921831,0.29311348122180053,0.4133333338181025,0.2935531849600968,0.2932958333333333,0.41231666666666666,0.29438749999999997,96.00000000000001,1.4360724914704337,1.4382333333333333
exact_symmetric,sigmoid,1.5,static,-0.01,0,1.0005273273406163,0.013539316268988515,1.0265513051973607,0.0002059829356551797,0.6802059829356553,0.6001847103905384,0.0800212725451167,-0.006505994464186116,0.2966196938873157,0.4132699070068216,0.2901103991058615,0.2967249999999999,0.4123541666666666,0.29092083333333335,96.00000000000001,1.435764987948204,1.4357458333333337
exact_symmetric,sigmoid,1.5,endogenous,0.0,0,1.015125329564666,0.013774262932081827,1.0124231962994976,0.0004409295987484902,0.6804409295987484,0.5998666996689698,0.0805742299297788,0.0006755333162921831,0.29311348122180053,0.4133333338181025,0.2935531849600968,0.2932958333333333,0.41231666666666666,0.29438749999999997,96.00000000000001,1.4360724914704337,1.4351791666666665
exact_symmetric,sigmoid,1.5,static,0.0,0,1.013407493630577,0.01349591546244609,1.013584337294315,0.00016258212911275473,0.680162582129113,0.6002446466918915,0.07991793543722134,-4.421091593448296e-05,0.2933743656147226,0.4132512687705547,0.2933743656147226,0.29377499999999995,0.4120000000000001,0.294225,96.00000000000001,1.4356747128060385,1.4358125000000002
exact_symmetric,sigmoid,1.5,endogenous,0.01,0,1.015125329564666,0.013774262932081827,1.0124231962994976,0.0004409295987484902,0.6804409295987484,0.5998666996689698,0.0805742299297788,0.0006755333162921831,0.29311348122180053,0.4133333338181025,0.2935531849600968,0.2932958333333333,0.41231666666666666,0.29438749999999997,96.00000000000001,1.4360724914704337,1.4371499999999997
exact_symmetric,sigmoid,1.5,static,0.01,0,1.0263019556242419,0.01353897466542343,1.000775993706605,0.00020564133209009658,0.6802056413320902,0.6001859896532502,0.08001965167883995,0.006381490479409232,0.2901103991058615,0.4132699070068216,0.2966196938873157,0.29056666666666664,0.41204166666666675,0.2973916666666667,96.00000000000001,1.435764987948204,1.4345749999999997
exact_symmetric,sigmoid,1.5,endogenous,0.25,0,1.015125329564947,0.013774262932083857,1.012423196299221,0.000440929598750521,0.6804409295987504,0.5998666996689688,0.08057422992978182,0.0006755333164315386,0.29311348122175496,0.4133333338181029,0.293553184960142,0.2932958333333333,0.41231666666666666,0.29438749999999997,96.00000000000001,1.4360724914704355,1.4354833333333332
exact_symmetric,sigmoid,1.5,static,0.25,0,1.3714263568481524,0.04080591893760519,0.7101854810270575,0.02747258560427186,0.7074725856042718,0.562289306629293,0.14518327897497912,0.1653102189552737,0.2053918722947674,0.42383976444529986,0.3707683632599326,0.20616666666666666,0.421875,0.3719583333333333,96.00000000000001,1.4896061693975846,1.4910208333333332
exact_symmetric,sigmoid,1.5,endogenous,0.75,0,1.0151253295649723,0.01377426293208295,1.0124231962991939,0.00044092959874961646,0.6804409295987495,0.5998666996689692,0.08057422992978047,0.0006755333164446037,0.29311348122175074,0.4133333338181026,0.2935531849601463,0.2932958333333333,0.41231666666666666,0.29438749999999997,96.00000000000001,1.4360724914704346,1.4394375000000006
exact_symmetric,sigmoid,1.5,static,0.75,0,2.1289758955591633,0.21999242122087828,0.3110089468825936,0.20665908788754497,0.8866590878875448,0.3629267215482737,0.5237323663392711,0.45449173716914243,0.050733581246326154,0.44293274144495015,0.506333677308724,0.05165833333333333,0.4418166666666666,0.5065249999999998,96.00000000000001,1.779535175232908,1.7810999999999995
exact_symmetric,sigmoid,3.0,endogenous,-0.75,0,0.31066135582154836,0.2203109008480325,2.129960445874517,0.20697756751469915,0.8869775675146991,0.30238113691563745,0.5845964305990617,-0.454824772513242,0.47477999842983964,0.5046556967245458,0.020564304845614324,0.4747999999999999,0.5042291666666666,0.02097083333333333,96.00000000000001,1.9394754512909864,1.936316666666667
exact_symmetric,sigmoid,3.0,static,-0.75,0,0.19467578049014378,0.343155590609081,2.4916354007280184,0.3298222572757477,1.0098222572757478,0.2868254104829148,0.722996846792833,-0.5742399050594686,0.5893526587328308,0.39613624807991377,0.01451109318725655,0.5882541666666669,0.39688333333333325,0.01486249999999999,96.00000000000001,2.1033846887162717,2.1059625000000004
exact_symmetric,sigmoid,3.0,endogenous,-0.25,0,0.31066135582154875,0.22031090084803218,2.129960445874516,0.20697756751469878,0.8869775675146988,0.30238113691563745,0.5845964305990613,-0.45482477251324155,0.4747799984298395,0.5046556967245459,0.02056430484561435,0.4747999999999999,0.5042291666666666,0.02097083333333333,96.00000000000001,1.9394754512909864,1.9424083333333337
exact_symmetric,sigmoid,3.0,static,-0.25,0,0.4639530543304802,0.12153708448122798,1.779121114631976,0.10820375114789467,0.7882037511478949,0.3399776276671759,0.44822612348071894,-0.32879201507537387,0.38060066521968183,0.5662395578539761,0.053159776926341475,0.3813208333333333,0.5658833333333333,0.052795833333333334,96.00000000000001,2.020894617997215,2.0198666666666667
exact_symmetric,sigmoid,3.0,endogenous,-0.01,0,0.6720255100732878,0.21836783619430722,1.7647101623153265,0.2050345028609738,0.8850345028609738,0.30258737244628486,0.582447130414689,-0.2731711630605097,0.38367748894197,0.5052997126118831,0.11102279844614692,0.3833833333333333,0.5054708333333332,0.11114583333333332,96.00000000000001,1.9396705542877757,1.9380958333333336
exact_symmetric,sigmoid,3.0,static,-0.01,0,0.9797412029124165,0.013720730586571146,1.047700258260726,0.000387397253237812,0.6803873972532379,0.399208040927508,0.2811793563257298,-0.016989763837077308,0.20093211976342398,0.6139744968771017,0.18509338335947426,0.20190000000000002,0.6133041666666668,0.18479583333333338,96.00000000000001,2.1381901252334345,2.1297
exact_symmetric,sigmoid,3.0,endogenous,0.0,0,1.3974749076604054,0.21759689616741673,1.037718884674428,0.20426356283408334,0.8842635628340837,0.3026688172412489,0.5815947455928343,0.08993900574649433,0.20203149638383125,0.505554964697616,0.29241353891855265,0.2020291666666666,0.5059041666666666,0.2920666666666666,96.00000000000001,1.939747379759379,1.9427875000000001
exact_symmetric,sigmoid,3.0,static,0.0,0,1.0110320208785277,0.013437212068865152,1.0158424032592024,0.00010387873553181527,0.6801038787355318,0.39936340243818996,0.2807404762973422,-0.0012025955951686783,0.19296309518466243,0.614073809630675,0.19296309518466243,0.19390416666666666,0.6133625,0.1927333333333333,96.00000000000001,2.138458604396188,2.142395833333334
exact_symmetric,sigmoid,3.0,endogenous,0.01,0,1.7612625753280589,0.21836416373970027,0.6754657521513423,0.20503083040636694,0.8850308304063672,0.3025935451569825,0.5824372852493843,0.2714492057941792,0.11140344178776854,0.5053030387362921,0.3832935194759394,0.11159166666666667,0.5051666666666667,0.3832416666666667,96.00000000000001,1.9396860110672742,1.9400500000000003
exact_symmetric,sigmoid,3.0,static,0.01,0,1.0437472182299468,0.013660817413656181,0.9835744165973657,0.00032748408032284344,0.680327484080323,0.3992097899646819,0.2811176941156409,0.015043200408145161,0.18509338335947426,0.6139744968771017,0.20093211976342398,0.18564999999999998,0.613525,0.20082500000000003,96.00000000000001,2.1381901252334345,2.1375541666666664
exact_symmetric,sigmoid,3.0,endogenous,0.25,0,2.125927407757572,0.2190613558734076,0.31219530398924283,0.20572802254007425,0.8857280225400745,0.3025207171713911,0.5832073053686831,0.45343302594208246,0.020661487338603683,0.505072407497049,0.4742661051643474,0.020974999999999997,0.5044041666666667,0.4746208333333333,96.00000000000001,1.9396189997364466,1.9351500000000001
exact_symmetric,sigmoid,3.0,static,0.25,0,1.7757161942255637,0.12068783599967306,0.46565947777378297,0.1073545026663397,0.7873545026663394,0.3399652106708826,0.4473892919954571,0.32751417911294517,0.053159776926341475,0.5662395578539761,0.38060066521968183,0.05412916666666668,0.5640708333333333,0.3818,96.00000000000001,2.020894617997215,2.0217333333333336
exact_symmetric,sigmoid,3.0,endogenous,0.75,0,2.125927407757572,0.2190613558734076,0.31219530398924283,0.20572802254007425,0.8857280225400745,0.3025207171713911,0.5832073053686831,0.45343302594208246,0.020661487338603683,0.505072407497049,0.4742661051643474,0.020974999999999997,0.5044041666666667,0.4746208333333333,96.00000000000001,1.9396189997364466,1.9358166666666667
exact_symmetric,sigmoid,3.0,static,0.75,0,2.490829865992011,0.3428642700642901,0.19489867413656792,0.3295309367309567,1.0095309367309568,0.2868296816288275,0.7227012551021289,0.5739827979638611,0.01451109318725655,0.39613624807991377,0.5893526587328308,0.01473333333333333,0.39599166666666663,0.5892750000000001,96.00000000000001,2.1033846887162717,2.1077333333333343
exact_symmetric,sigmoid,8.0,endogenous,-0.75,0,0.018813875492359834,0.8711928614086645,3.72357184732497,0.8578595280753314,1.5378595280753309,0.1268328281081536,1.4110266999671777,-0.9261894929581524,0.94794840031357,0.029733864307805224,0.022317735378624515,0.948295833333333,0.029099999999999987,0.022604166666666665,96.00000000000001,3.3476603066542356,3.3452416666666664
exact_symmetric,sigmoid,8.0,static,-0.75,0,0.03296520020735814,0.7530188769309855,3.4730725536546116,0.7396855435976519,1.4196855435976519,0.1789914876760167,1.2406940559216353,-0.8600268383618135,0.8816119452465803,0.09604271139368505,0.022345343359735374,0.8823291666666668,0.09504166666666665,0.02262916666666667,96.00000000000001,3.351801479493966,3.3605791666666662
exact_symmetric,sigmoid,8.0,endogenous,-0.25,0,1.0125988039924398,0.013348301805298063,1.0140977996181564,1.4968471964730553e-05,0.6800149684719647,0.06261622951767187,0.6173987389542926,-0.0003747489064290736,0.024649335294066144,0.9507297989570063,0.02462086574892767,0.025141666666666663,0.9498750000000004,0.02498333333333333,96.00000000000001,3.3384060512149683,3.336454166666666
exact_symmetric,sigmoid,8.0,static,-0.25,0,0.8702238530955413,0.01889027265631698,1.1675566922170928,0.0055569393229836376,0.6855569393229838,0.12634964338885926,0.5592072959341244,-0.07433320978038774,0.09604016191768407,0.8815885426534613,0.022371295428853598,0.09700833333333338,0.8803500000000001,0.02264166666666667,96.00000000000001,3.351712505147989,3.3583
exact_symmetric,sigmoid,8.0,endogenous,-0.01,0,1.0125988039924398,0.013348301805298063,1.0140977996181564,1.4968471964730553e-05,0.6800149684719647,0.06261622951767187,0.6173987389542926,-0.0003747489064290736,0.024649335294066144,0.9507297989570063,0.02462086574892767,0.025141666666666663,0.9498750000000004,0.02498333333333333,96.00000000000001,3.3384060512149683,3.336516666666666
exact_symmetric,sigmoid,8.0,static,-0.01,0,1.0109965624137958,0.013348343228733302,1.0157001240436707,1.5009895399969325e-05,0.6800150098954001,0.06266665660350346,0.6173483532918966,-0.0011758904074687835,0.02504048620036933,0.9506798972266358,0.024279616572993136,0.025604166666666664,0.9497833333333336,0.024612499999999995,96.00000000000001,3.3385211655204325,3.335554166666667
exact_symmetric,sigmoid,8.0,endogenous,0.0,0,1.0125988039924398,0.013348301805298063,1.0140977996181564,1.4968471964730553e-05,0.6800149684719647,0.06261622951767187,0.6173987389542926,-0.0003747489064290736,0.024649335294066144,0.9507297989570063,0.02462086574892767,0.025141666666666663,0.9498750000000004,0.02498333333333333,96.00000000000001,3.3384060512149683,3.333866666666667
exact_symmetric,sigmoid,8.0,static,0.0,0,1.0126281972257924,0.013347010753635582,1.014065824281479,1.3677420302241937e-05,0.6800136774203024,0.06260843531278616,0.617405242107516,-0.00035940676392152504,0.024630712279575254,0.9507385754408512,0.024630712279575254,0.02512083333333333,0.9499125000000003,0.02496666666666667,96.00000000000001,3.338385770798309,3.3435375000000005
exact_symmetric,sigmoid,8.0,endogenous,0.01,0,1.0125988039924398,0.013348301805298063,1.0140977996181564,1.4968471964730553e-05,0.6800149684719647,0.06261622951767187,0.6173987389542926,-0.0003747489064290736,0.024649335294066144,0.9507297989570063,0.02462086574892767,0.025141666666666663,0.9498750000000004,0.02498333333333333,96.00000000000001,3.3384060512149683,3.3406333333333333
exact_symmetric,sigmoid,8.0,static,0.01,0,1.0140150455409838,0.013347451364346102,1.012679857187709,1.4118031012762409e-05,0.6800141180310129,0.06266704618557613,0.6173470718454366,0.00033379708831873784,0.024279616572993136,0.9506798972266358,0.02504048620036933,0.02480833333333332,0.9498583333333336,0.025333333333333333,96.00000000000001,3.3385211655204325,3.3392583333333334
exact_symmetric,sigmoid,8.0,endogenous,0.25,0,1.0125988039924398,0.013348301805298063,1.0140977996181564,1.4968471964730553e-05,0.6800149684719647,0.06261622951767187,0.6173987389542926,-0.0003747489064290736,0.024649335294066144,0.9507297989570063,0.02462086574892767,0.025141666666666663,0.9498750000000004,0.02498333333333333,96.00000000000001,3.3384060512149683,3.3377625
exact_symmetric,sigmoid,8.0,static,0.25,0,1.1640175769659924,0.018647376884157688,0.8732771768023231,0.005314043550824353,0.6853140435508243,0.12634957636941202,0.5589644671814125,0.07268510004091736,0.022371295428853598,0.8815885426534613,0.09604016191768407,0.02262083333333333,0.8820541666666667,0.09532500000000001,96.00000000000001,3.351712505147989,3.348341666666666
exact_symmetric,sigmoid,8.0,endogenous,0.75,0,3.718855352444428,0.8689264061284651,0.018997459812502143,0.8555930727951317,1.5355930727951312,0.1269544406916791,1.4086386321034525,0.9249644731579815,0.022318837734476706,0.02987100996945911,0.9478101522960642,0.02257916666666666,0.03048333333333332,0.9469375,96.00000000000001,3.3478256600266114,3.3452541666666673
exact_symmetric,sigmoid,8.0,static,0.75,0,3.4677509496981727,0.7505616820772691,0.033372414456366364,0.7372283487439362,1.4172283487439357,0.17899558389841225,1.2382327648455234,0.8585946338104516,0.022345343359735374,0.09604271139368505,0.8816119452465803,0.02260416666666666,0.09682500000000002,0.8805708333333335,96.00000000000001,3.351801479493966,3.3447041666666677
