beta,initial_action,completed_updates,action
3,-0.75,0,-0.75
3,-0.75,1,-0.7412420782772786
3,-0.75,2,-0.7327101400516476
3,-0.75,3,-0.7244022551516932
3,-0.75,4,-0.7163161222113248
3,-0.75,5,-0.708449100063751
3,-0.75,6,-0.700798239997871
3,-0.75,7,-0.6933603181892726
3,-0.75,8,-0.6861318677430636
3,-0.75,9,-0.6791092098990563
3,-0.75,10,-0.6722884840505036
3,-0.75,11,-0.6656656763155334
3,-0.75,12,-0.6592366464760023
3,-0.75,13,-0.6529971531623893
3,-0.75,14,-0.6469428772165454
3,-0.75,15,-0.6410694432076347
3,-0.75,16,-0.6353724391115657
3,-0.75,17,-0.629847434191713
3,-0.75,18,-0.6244899951398009
3,-0.75,19,-0.6192957005514456
3,-0.75,20,-0.6142601538219019
3,-0.75,21,-0.6093789945548306
3,-0.75,22,-0.6046479085810802
3,-0.75,23,-0.6000626366861742
3,-0.75,24,-0.5956189821449182
3,-0.75,25,-0.5913128171597388
3,-0.75,26,-0.5871400882964088
3,-0.75,27,-0.5830968210069957
3,-0.75,28,-0.579179123325467
3,-0.75,29,-0.5753831888165823
3,-0.75,30,-0.5717052988536803
3,-0.75,31,-0.5681418242958498
3,-0.75,32,-0.5646892266298752
3,-0.75,33,-0.5613440586373291
3,-0.75,34,-0.5581029646423254
3,-0.75,35,-0.5549626803907848
3,-0.75,36,-0.5519200326076166
3,-0.75,37,-0.5489719382740333
3,-0.75,38,-0.546115403663273
3,-0.75,39,-0.5433475231693247
3,-0.75,40,-0.5406654779598378
3,-0.75,41,-0.5380665344812324
3,-0.75,42,-0.5355480428411102
3,-0.75,43,-0.5331074350903882
3,-0.75,44,-0.5307422234251254
3,-0.75,45,-0.5284499983257729
3,-0.75,46,-0.526228426649534
3,-0.75,47,-0.5240752496896779
3,-0.75,48,-0.5219882812139629
3,-0.75,49,-0.5199654054928138
3,-0.75,50,-0.5180045753265285
3,-0.75,51,-0.5161038100795576
3,-0.75,52,-0.5142611937287949
3,-0.75,53,-0.5124748729318274
3,-0.75,54,-0.5107430551202067
3,-0.75,55,-0.5090640066220125
3,-0.75,56,-0.5074360508172786
3,-0.75,57,-0.5058575663292235
3,-0.75,58,-0.5043269852536766
3,-0.75,59,-0.5028427914286006
3,-0.75,60,-0.5014035187451807
3,-0.75,61,-0.5000077495015716
3,-0.75,62,-0.49865411280005995
3,-0.75,63,-0.49734128298811486
3,-0.75,64,-0.49606797814354053
3,-0.75,65,-0.49483295860373283
3,-0.75,66,-0.49363502553884947
3,-0.75,67,-0.49247301956854506
3,-0.75,68,-0.4913458194217828
3,-0.75,69,-0.49025234063912076
3,-0.75,70,-0.4891915343167718
3,-0.75,71,-0.4881623858916569
3,-0.75,72,-0.48716391396660563
3,-0.75,73,-0.48619516917480493
3,-0.75,74,-0.48525523308255547
3,-0.75,75,-0.48434321712936473
3,-0.75,76,-0.483458261604382
3,-0.75,77,-0.48259953465816735
3,-0.75,78,-0.4817662313487765
3,-0.75,79,-0.4809575727211418
3,-0.75,80,-0.4801728049187328
3,-0.75,81,-0.4794111983264844
3,-0.75,82,-0.4786720467439926
3,-0.75,83,-0.4779546665879907
3,-0.75,84,-0.477258396123133
3,-0.75,85,-0.4765825947201336
3,-0.75,86,-0.4759266421403253
3,-0.75,87,-0.47528993784572543
3,-0.75,88,-0.4746719003337173
3,-0.75,89,-0.47407196649547956
3,-0.75,90,-0.47348959099731786
3,-0.75,91,-0.4729242456840787
3,-0.75,92,-0.47237541900384844
3,-0.75,93,-0.4718426154531651
3,-0.75,94,-0.47132535504199485
3,-0.75,95,-0.47082317277774915
3,-0.75,96,-0.470335618167642
3,-0.75,97,-0.4698622547387117
3,-0.75,98,-0.46940265957485167
3,-0.75,99,-0.46895642287022204
3,-0.75,100,-0.46852314749843166
3,-0.75,101,-0.46810244859690464
3,-0.75,102,-0.46769395316586604
3,-0.75,103,-0.46729729968140177
3,-0.75,104,-0.466912137722068
3,-0.75,105,-0.4665381276085453
3,-0.75,106,-0.46617494005585064
3,-0.75,107,-0.46582225583764025
3,-0.75,108,-0.46547976546215253
3,-0.75,109,-0.4651471688593583
3,-0.75,110,-0.4648241750789023
3,-0.75,111,-0.4645105019984348
3,-0.75,112,-0.46420587604194946
3,-0.75,113,-0.46391003190775637
3,-0.75,114,-0.46362271230573504
3,-0.75,115,-0.4633436677035257
3,-0.75,116,-0.46307265608132936
3,-0.75,117,-0.46280944269500207
3,-0.75,118,-0.46255379984713857
3,-0.75,119,-0.4623055066658546
3,-0.75,120,-0.4620643488909869
3,-0.75,121,-0.46183011866744195
3,-0.75,122,-0.4616026143454339
3,-0.75,123,-0.4613816402873638
3,-0.75,124,-0.4611670066810996
3,-0.75,125,-0.46095852935942844
3,-0.75,126,-0.4607560296254592
3,-0.75,127,-0.46055933408376326
3,-0.75,128,-0.46036827447704953
3,-0.75,129,-0.46018268752817665
3,-0.75,130,-0.4600024147873147
3,-0.75,131,-0.45982730248407366
3,-0.75,132,-0.4596572013844252
3,-0.75,133,-0.45949196665224873
3,-0.75,134,-0.45933145771534173
3,-0.75,135,-0.45917553813573736
3,-0.75,136,-0.4590240754841811
3,-0.75,137,-0.45887694121862244
3,-0.75,138,-0.45873401056658236
3,-0.75,139,-0.4585951624112652
3,-0.75,140,-0.4584602791812845
3,-0.75,141,-0.4583292467438818
3,-0.75,142,-0.45820195430151756
3,-0.75,143,-0.4580782942917211
3,-0.75,144,-0.4579581622900892
3,-0.75,145,-0.45784145691632677
3,-0.75,146,-0.4577280797432283
3,-0.75,147,-0.4576179352085007
3,-0.75,148,-0.45751093052933345
3,-0.75,149,-0.45740697561962435
3,-0.75,150,-0.45730598300977277
3,-0.75,151,-0.4572078677689558
3,-0.75,152,-0.45711254742980506
3,-0.75,153,-0.4570199419154057
3,-0.75,154,-0.4569299734685411
3,-0.75,155,-0.4568425665831103
3,-0.75,156,-0.4567576479376473
3,-0.75,157,-0.4566751463308735
3,-0.75,158,-0.45659499261921843
3,-0.75,159,-0.4565171196562439
3,-0.75,160,-0.4564414622339119
3,-0.75,161,-0.4563679570256352
3,-0.75,162,-0.45629654253105506
3,-0.75,163,-0.45622715902249034
3,-0.75,164,-0.4561597484930044
3,-0.75,165,-0.45609425460603903
3,-0.75,166,-0.45603062264656535
3,-0.75,167,-0.4559687994737038
3,-0.75,168,-0.4559087334747668
3,-0.75,169,-0.4558503745206798
3,-0.75,170,-0.4557936739227365
3,-0.75,171,-0.45573858439064785
3,-0.75,172,-0.45568505999184283
3,-0.75,173,-0.4556330561119833
3,-0.75,174,-0.4555825294166544
3,-0.75,175,-0.45553343781419464
3,-0.75,176,-0.45548574041962964
3,-0.75,177,-0.45543939751967594
3,-0.75,178,-0.45539437053878185
3,-0.75,179,-0.45535062200617327
3,-0.75,180,-0.45530811552387374
3,-0.75,181,-0.4552668157356688
3,-0.75,182,-0.45522668829698565
3,-0.75,183,-0.4551876998456606
3,-0.75,184,-0.45514981797356663
3,-0.75,185,-0.4551130111990755
3,-0.75,186,-0.45507724894032847
3,-0.75,187,-0.4550425014892919
3,-0.75,188,-0.45500873998657276
3,-0.75,189,-0.45497593639697276
3,-0.75,190,-0.4549440634857571
3,-0.75,191,-0.4549130947956177
3,-0.75,192,-0.4548830046243088
3,-0.75,193,-0.45485376800293625
3,-0.75,194,-0.4548253606748791
3,-0.75,195,-0.4547977590753262
3,-0.75,196,-0.4547709403114083
3,-0.75,197,-0.45474488214290854
3,-0.75,198,-0.45471956296353344
3,-0.75,199,-0.4546949617827287
3,-0.75,200,-0.45467105820802245
3,-0.75,201,-0.454647832427881
3,-0.75,202,-0.45462526519506186
3,-0.75,203,-0.4546033378104492
3,-0.75,204,-0.4545820321073571
3,-0.75,205,-0.45456133043628744
3,-0.75,206,-0.45454121565012856
3,-0.75,207,-0.45452167108978175
3,-0.75,208,-0.45450268057020315
3,-0.75,209,-0.45448422836684865
3,-0.75,210,-0.45446629920250975
3,-0.75,211,-0.4544488782345296
3,-0.75,212,-0.4544319510423875
3,-0.75,213,-0.4544155036156407
3,-0.75,214,-0.45439952234221415
3,-0.75,215,-0.4543839939970271
3,-0.75,216,-0.45436890573094685
3,-0.75,217,-0.4543542450600603
3,-0.75,218,-0.45433999985525425
3,-0.75,219,-0.4543261583320948
3,-0.75,220,-0.4543127090409973
3,-0.75,221,-0.4542996408576794
3,-0.75,222,-0.4542869429738871
3,-0.75,223,-0.45427460488838767
3,-0.75,224,-0.45426261639822046
3,-0.75,225,-0.4542509675901989
3,-0.75,226,-0.45423964883265583
3,-0.75,227,-0.45422865076742547
3,-0.75,228,-0.45421796430205497
3,-0.75,229,-0.45420758060223904
3,-0.75,230,-0.45419749108447105
3,-0.75,231,-0.45418768740890475
3,-0.75,232,-0.45417816147241963
3,-0.75,233,-0.4541689054018851
3,-0.75,234,-0.454159911547617
3,-0.75,235,-0.4541511724770213
3,-0.75,236,-0.45414268096841925
3,-0.75,237,-0.45413443000504927
3,-0.75,238,-0.45412641276923965
3,-0.75,239,-0.4541186226367482
3,-0.75,240,-0.45411105317126294
3,-0.75,241,-0.4541036981190604
3,-0.75,242,-0.45409655140381555
3,-0.75,243,-0.45408960712156066
3,-0.75,244,-0.4540828595357872
3,-0.75,245,-0.4540763030726878
3,-0.75,246,-0.4540699323165338
3,-0.75,247,-0.4540637420051846
3,-0.75,248,-0.454057727025725
3,-0.75,249,-0.45405188241022654
3,-0.75,250,-0.4540462033316302
3,-0.75,251,-0.4540406850997458
3,-0.75,252,-0.45403532315736583
3,-0.75,253,-0.4540301130764892
3,-0.75,254,-0.4540250505546536
3,-0.75,255,-0.45402013141137115
3,-0.75,256,-0.4540153515846664
3,-0.75,257,-0.4540107071277121
3,-0.75,258,-0.4540061942055612
3,-0.75,259,-0.4540018090919718
3,-0.75,260,-0.45399754816632204
3,-0.75,261,-0.45399340791061304
3,-0.75,262,-0.4539893849065572
3,-0.75,263,-0.45398547583274884
3,-0.75,264,-0.4539816774619157
3,-0.75,265,-0.45397798665824834
3,-0.75,266,-0.4539744003748057
3,-0.75,267,-0.4539709156509939
3,-0.75,268,-0.45396752961011744
3,-0.75,269,-0.4539642394569992
3,-0.75,270,-0.45396104247566865
3,-0.75,271,-0.45395793602711537
3,-0.75,272,-0.4539549175471066
3,-0.75,273,-0.4539519845440667
3,-0.75,274,-0.45394913459701686
3,-0.75,275,-0.45394636535357324
3,-0.75,276,-0.4539436745280021
3,-0.75,277,-0.45394105989933
3,-0.75,278,-0.4539385193095078
3,-0.75,279,-0.4539360506616267
3,-0.75,280,-0.4539336519181848
3,-0.75,281,-0.4539313210994034
3,-0.75,282,-0.45392905628159014
3,-0.75,283,-0.4539268555955495
3,-0.75,284,-0.4539247172250381
3,-0.75,285,-0.45392263940526345
3,-0.75,286,-0.453920620421426
3,-0.75,287,-0.45391865860730213
3,-0.75,288,-0.4539167523438672
3,-0.75,289,-0.45391490005795804
3,-0.75,290,-0.4539131002209733
3,-0.75,291,-0.4539113513476104
3,-0.75,292,-0.4539096519946386
3,-0.75,293,-0.45390800075970683
3,-0.75,294,-0.4539063962801851
3,-0.75,295,-0.453904837232039
3,-0.75,296,-0.4539033223287362
3,-0.75,297,-0.45390185032018365
3,-0.75,298,-0.45390041999169517
3,-0.75,299,-0.4538990301629882
3,-0.75,300,-0.45389767968720907
3,-0.75,301,-0.45389636744998574
3,-0.75,302,-0.4538950923685078
3,-0.75,303,-0.4538938533906319
3,-0.75,304,-0.4538926494940132
3,-0.75,305,-0.45389147968526117
3,-0.75,306,-0.45389034299911907
3,-0.75,307,-0.45388923849766716
3,-0.75,308,-0.45388816526954817
3,-0.75,309,-0.45388712242921486
3,-0.75,310,-0.45388610911619887
3,-0.75,311,-0.45388512449440016
3,-0.75,312,-0.45388416775139695
3,-0.75,313,-0.4538832380977749
3,-0.75,314,-0.4538823347664753
3,-0.75,315,-0.453881457012162
3,-0.75,316,-0.4538806041106057
3,-0.75,317,-0.45387977535808677
3,-0.75,318,-0.4538789700708136
3,-0.75,319,-0.4538781875843587
3,-0.75,320,-0.45387742725311003
3,-0.75,321,-0.45387668844973783
3,-0.75,322,-0.4538759705646772
3,-0.75,323,-0.4538752730056247
3,-0.75,324,-0.4538745951970495
3,-0.75,325,-0.4538739365797183
3,-0.75,326,-0.453873296610234
3,-0.75,327,-0.45387267476058685
3,-0.75,328,-0.4538720705177187
3,-0.75,329,-0.45387148338309974
3,-0.75,330,-0.4538709128723169
3,-0.75,331,-0.45387035851467405
3,-0.75,332,-0.45386981985280367
3,-0.75,333,-0.45386929644228907
3,-0.75,334,-0.453868787851298
3,-0.75,335,-0.4538682936602259
3,-0.75,336,-0.45386781346134997
3,-0.75,337,-0.45386734685849234
3,-0.75,338,-0.4538668934666933
3,-0.75,339,-0.45386645291189365
3,-0.75,340,-0.4538660248306258
3,-0.75,341,-0.4538656088697142
3,-0.75,342,-0.45386520468598346
3,-0.75,343,-0.4538648119459754
3,-0.75,344,-0.45386443032567386
3,-0.75,345,-0.4538640595102373
3,-0.75,346,-0.4538636991937389
3,-0.75,347,-0.4538633490789143
3,-0.75,348,-0.45386300887691605
3,-0.75,349,-0.45386267830707555
3,-0.75,350,-0.4538623570966712
3,-0.75,351,-0.45386204498070365
3,-0.75,352,-0.4538617417016767
3,-0.75,353,-0.4538614470093852
3,-0.75,354,-0.45386116066070836
3,-0.75,355,-0.4538608824194095
3,-0.75,356,-0.4538606120559405
3,-0.75,357,-0.4538603493472532
3,-0.75,358,-0.45386009407661454
3,-0.75,359,-0.4538598460334283
3,-0.75,360,-0.4538596050130611
3,-0.75,361,-0.45385937081667355
3,-0.75,362,-0.4538591432510563
3,-0.75,363,-0.45385892212847057
3,-0.75,364,-0.45385870726649313
3,-0.75,365,-0.453858498487866
3,-0.75,366,-0.45385829562035
3,-0.75,367,-0.4538580984965828
3,-0.75,368,-0.4538579069539407
3,-0.75,369,-0.4538577208344045
3,-0.75,370,-0.4538575399844291
3,-0.75,371,-0.453857364254817
3,-0.75,372,-0.4538571935005948
3,-0.75,373,-0.45385702758089397
3,-0.75,374,-0.45385686635883454
3,-0.75,375,-0.453856709701412
3,-0.75,376,-0.45385655747938775
3,-0.75,377,-0.4538564095671823
3,-0.75,378,-0.45385626584277194
3,-0.75,379,-0.4538561261875877
3,-0.75,380,-0.4538559904864177
3,-0.75,381,-0.4538558586273123
3,-0.75,382,-0.4538557305014914
3,-0.75,383,-0.4538556060032548
3,-0.75,384,-0.45385548502989514
3,-0.75,385,-0.4538553674816129
3,-0.75,386,-0.4538552532614344
3,-0.75,387,-0.45385514227513146
3,-0.75,388,-0.4538550344311439
3,-0.75,389,-0.4538549296405038
3,-0.75,390,-0.45385482781676234
3,-0.75,391,-0.45385472887591816
3,-0.75,392,-0.45385463273634846
3,-0.75,393,-0.4538545393187413
3,-0.75,394,-0.45385444854603035
3,-0.75,395,-0.45385436034333126
3,-0.75,396,-0.4538542746378799
3,-0.75,397,-0.4538541913589723
3,-0.75,398,-0.4538541104379064
3,-0.75,399,-0.45385403180792516
3,-0.75,400,-0.45385395540416174
3,-0.75,401,-0.4538538811635859
3,-0.75,402,-0.45385380902495187
3,-0.75,403,-0.45385373892874803
3,-0.75,404,-0.45385367081714767
3,-0.75,405,-0.45385360463396135
3,-0.75,406,-0.45385354032459047
3,-0.75,407,-0.4538534778359823
3,-0.75,408,-0.45385341711658617
3,-0.75,409,-0.453853358116311
3,-0.75,410,-0.4538533007864839
3,-0.75,411,-0.45385324507981006
3,-0.75,412,-0.4538531909503337
3,-0.75,413,-0.45385313835340024
3,-0.75,414,-0.45385308724561935
3,-0.75,415,-0.4538530375848292
3,-0.75,416,-0.4538529893300617
3,-0.75,417,-0.45385294244150853
3,-0.75,418,-0.45385289688048874
3,-0.75,419,-0.45385285260941644
3,-0.75,420,-0.45385280959176977
3,-0.75,421,-0.45385276779206096
3,-0.75,422,-0.4538527271758071
3,-0.75,423,-0.4538526877095015
3,-0.75,424,-0.4538526493605861
3,-0.75,425,-0.4538526120974248
3,-0.75,426,-0.453852575889277
3,-0.75,427,-0.4538525407062727
3,-0.75,428,-0.45385250651938724
3,-0.75,429,-0.4538524733004181
3,-0.75,430,-0.45385244102196104
3,-0.75,431,-0.45385240965738777
3,-0.75,432,-0.4538523791808239
3,-0.75,433,-0.45385234956712756
3,-0.75,434,-0.4538523207918689
3,-0.75,435,-0.4538522928313095
3,-0.75,436,-0.4538522656623832
3,-0.75,437,-0.4538522392626768
3,-0.75,438,-0.45385221361041184
3,-0.75,439,-0.4538521886844263
3,-0.75,440,-0.4538521644641573
3,-0.75,441,-0.45385214092962434
3,-0.75,442,-0.45385211806141246
3,-0.75,443,-0.4538520958406564
3,-0.75,444,-0.4538520742490251
3,-0.75,445,-0.45385205326870637
3,-0.75,446,-0.4538520328823925
3,-0.75,447,-0.45385201307326567
3,-0.75,448,-0.4538519938249843
3,-0.75,449,-0.45385197512166936
3,-0.75,450,-0.4538519569478916
3,-0.75,451,-0.4538519392886584
3,-0.75,452,-0.4538519221294018
3,-0.75,453,-0.4538519054559661
3,-0.75,454,-0.45385188925459663
3,-0.75,455,-0.4538518735119279
3,-0.75,456,-0.45385185821497304
3,-0.75,457,-0.4538518433511127
3,-0.75,458,-0.45385182890808495
3,-0.75,459,-0.45385181487397497
3,-0.75,460,-0.4538518012372052
3,-0.75,461,-0.453851787986526
3,-0.75,462,-0.45385177511100616
3,-0.75,463,-0.4538517626000241
3,-0.75,464,-0.45385175044325865
3,-0.75,465,-0.4538517386306812
3,-0.75,466,-0.4538517271525469
3,-0.75,467,-0.45385171599938684
3,-0.75,468,-0.4538517051620002
3,-0.75,469,-0.45385169463144664
3,-0.75,470,-0.45385168439903895
3,-0.75,471,-0.4538516744563359
3,-0.75,472,-0.4538516647951352
3,-0.75,473,-0.45385165540746686
3,-0.75,474,-0.4538516462855865
3,-0.75,475,-0.45385163742196893
3,-0.75,476,-0.4538516288093022
3,-0.75,477,-0.45385162044048116
3,-0.75,478,-0.453851612308602
3,-0.75,479,-0.4538516044069563
3,-0.75,480,-0.45385159672902564
3,-0.75,481,-0.453851589268476
3,-0.75,482,-0.4538515820191528
3,-0.75,483,-0.4538515749750758
3,-0.75,484,-0.45385156813043387
3,-0.75,485,-0.45385156147958056
3,-0.75,486,-0.4538515550170292
3,-0.75,487,-0.4538515487374485
3,-0.75,488,-0.4538515426356582
3,-0.75,489,-0.4538515367066245
3,-0.75,490,-0.4538515309454562
3,-0.75,491,-0.45385152534740075
3,-0.75,492,-0.45385151990784
3,-0.75,493,-0.4538515146222865
3,-0.75,494,-0.45385150948638003
3,-0.75,495,-0.45385150449588363
3,-0.75,496,-0.4538514996466804
3,-0.75,497,-0.45385149493477
3,-0.75,498,-0.4538514903562653
3,-0.75,499,-0.4538514859073893
3,-0.75,500,-0.45385148158447186
3,-0.75,501,-0.4538514773839468
3,-0.75,502,-0.45385147330234893
3,-0.75,503,-0.4538514693363111
3,-0.75,504,-0.45385146548256144
3,-0.75,505,-0.4538514617379209
3,-0.75,506,-0.45385145809930033
3,-0.75,507,-0.453851454563698
3,-0.75,508,-0.45385145112819725
3,-0.75,509,-0.4538514477899639
3,-0.75,510,-0.45385144454624404
3,-0.75,511,-0.45385144139436184
3,-0.75,512,-0.4538514383317172
3,-0.75,513,-0.45385143535578354
3,-0.75,514,-0.45385143246410575
3,-0.75,515,-0.4538514296542985
3,-0.75,516,-0.45385142692404373
3,-0.75,517,-0.45385142427108915
3,-0.75,518,-0.4538514216932462
3,-0.75,519,-0.45385141918838834
3,-0.75,520,-0.45385141675444907
3,-0.75,521,-0.45385141438942056
3,-0.75,522,-0.4538514120913518
3,-0.75,523,-0.45385140985834704
3,-0.75,524,-0.453851407688564
3,-0.75,525,-0.4538514055802129
3,-0.75,526,-0.4538514035315544
3,-0.75,527,-0.4538514015408984
3,-0.75,528,-0.45385139960660276
3,-0.75,529,-0.4538513977270717
3,-0.75,530,-0.45385139590075485
3,-0.75,531,-0.45385139412614545
3,-0.75,532,-0.4538513924017796
3,-0.75,533,-0.4538513907262347
3,-0.75,534,-0.4538513890981286
3,-0.75,535,-0.4538513875161182
3,-0.75,536,-0.4538513859788983
3,-0.75,537,-0.4538513844852009
3,-0.75,538,-0.45385138303379374
3,-0.75,539,-0.45385138162347943
3,-0.75,540,-0.45385138025309457
3,-0.75,541,-0.4538513789215086
3,-0.75,542,-0.4538513776276231
3,-0.75,543,-0.4538513763703707
3,-0.75,544,-0.4538513751487142
3,-0.75,545,-0.45385137396164577
3,-0.75,546,-0.45385137280818616
3,-0.75,547,-0.4538513716873838
3,-0.75,548,-0.4538513705983141
3,-0.75,549,-0.45385136954007854
3,-0.75,550,-0.45385136851180424
3,-0.75,551,-0.4538513675126429
3,-0.75,552,-0.4538513665417703
3,-0.75,553,-0.4538513655983854
3,-0.75,554,-0.4538513646817101
3,-0.75,555,-0.4538513637909881
3,-0.75,556,-0.45385136292548467
3,-0.75,557,-0.45385136208448573
3,-0.75,558,-0.45385136126729747
3,-0.75,559,-0.4538513604732458
3,-0.75,560,-0.4538513597016757
3,-0.75,561,-0.45385135895195067
3,-0.75,562,-0.45385135822345213
3,-0.75,563,-0.4538513575155792
3,-0.75,564,-0.45385135682774785
3,-0.75,565,-0.4538513561593907
3,-0.75,566,-0.45385135550995637
3,-0.75,567,-0.45385135487890915
3,-0.75,568,-0.4538513542657284
3,-0.75,569,-0.4538513536699083
3,-0.75,570,-0.4538513530909573
3,-0.75,571,-0.4538513525283978
3,-0.75,572,-0.45385135198176574
3,-0.75,573,-0.4538513514506102
3,-0.75,574,-0.4538513509344929
3,-0.75,575,-0.4538513504329882
3,-0.75,576,-0.4538513499456823
3,-0.75,577,-0.45385134947217326
3,-0.75,578,-0.45385134901207036
3,-0.75,579,-0.4538513485649941
3,-0.75,580,-0.4538513481305757
3,-0.75,581,-0.45385134770845675
3,-0.75,582,-0.453851347298289
3,-0.75,583,-0.4538513468997341
3,-0.75,584,-0.4538513465124633
3,-0.75,585,-0.453851346136157
3,-0.75,586,-0.45385134577050495
3,-0.75,587,-0.4538513454152054
3,-0.75,588,-0.45385134506996516
3,-0.75,589,-0.45385134473449956
3,-0.75,590,-0.45385134440853175
3,-0.75,591,-0.45385134409179295
3,-0.75,592,-0.45385134378402175
3,-0.75,593,-0.45385134348496436
3,-0.75,594,-0.45385134319437404
3,-0.75,595,-0.45385134291201096
3,-0.75,596,-0.45385134263764226
3,-0.75,597,-0.4538513423710417
3,-0.75,598,-0.4538513421119892
3,-0.75,599,-0.4538513418602711
3,-0.75,600,-0.45385134161567975
3,-0.75,601,-0.4538513413780134
3,-0.75,602,-0.4538513411470759
3,-0.75,603,-0.45385134092267687
3,-0.75,604,-0.4538513407046311
3,-0.75,605,-0.45385134049275877
3,-0.75,606,-0.45385134028688506
3,-0.75,607,-0.4538513400868401
3,-0.75,608,-0.4538513398924589
3,-0.75,609,-0.45385133970358116
3,-0.75,610,-0.45385133952005097
3,-0.75,611,-0.45385133934171695
3,-0.75,612,-0.453851339168432
3,-0.75,613,-0.4538513390000532
3,-0.75,614,-0.45385133883644163
3,-0.75,615,-0.4538513386774623
3,-0.75,616,-0.4538513385229841
3,-0.75,617,-0.4538513383728795
3,-0.75,618,-0.4538513382270247
3,-0.75,619,-0.4538513380852995
3,-0.75,620,-0.4538513379475868
3,-0.75,621,-0.4538513378137731
3,-0.75,622,-0.453851337683748
3,-0.75,623,-0.45385133755740426
3,-0.75,624,-0.45385133743463757
3,-0.75,625,-0.45385133731534677
3,-0.75,626,-0.4538513371994333
3,-0.75,627,-0.4538513370868017
3,-0.75,628,-0.4538513369773589
3,-0.75,629,-0.45385133687101475
3,-0.75,630,-0.45385133676768147
3,-0.75,631,-0.4538513366672738
3,-0.75,632,-0.4538513365697089
3,-0.75,633,-0.4538513364749063
3,-0.75,634,-0.4538513363827878
3,-0.75,635,-0.4538513362932774
3,-0.75,636,-0.45385133620630125
3,-0.75,637,-0.45385133612178763
3,-0.75,638,-0.45385133603966676
3,-0.75,639,-0.453851335959871
3,-0.75,640,-0.4538513358823344
3,-0.75,641,-0.45385133580699305
3,-0.75,642,-0.4538513357337848
3,-0.75,643,-0.45385133566264924
3,-0.75,644,-0.4538513355935277
3,-0.75,645,-0.45385133552636314
3,-0.75,646,-0.4538513354611002
3,-0.75,647,-0.45385133539768496
3,-0.75,648,-0.4538513353360652
3,-0.75,649,-0.4538513352761901
3,-0.75,650,-0.45385133521801013
3,-0.75,651,-0.4538513351614774
3,-0.75,652,-0.4538513351065453
3,-0.75,653,-0.45385133505316844
3,-0.75,654,-0.45385133500130276
3,-0.75,655,-0.45385133495090557
3,-0.75,656,-0.45385133490193524
3,-0.75,657,-0.45385133485435136
3,-0.75,658,-0.45385133480811474
3,-0.75,659,-0.4538513347631872
3,-0.75,660,-0.4538513347195316
3,-0.75,661,-0.45385133467711203
3,-0.75,662,-0.45385133463589344
3,-0.75,663,-0.45385133459584187
3,-0.75,664,-0.4538513345569242
3,-0.75,665,-0.4538513345191084
3,-0.75,666,-0.4538513344823633
3,-0.75,667,-0.4538513344466586
3,-0.75,668,-0.45385133441196474
3,-0.75,669,-0.45385133437825315
3,-0.75,670,-0.453851334345496
3,-0.75,671,-0.4538513343136663
3,-0.75,672,-0.45385133428273783
3,-0.75,673,-0.453851334252685
3,-0.75,674,-0.453851334223483
3,-0.75,675,-0.4538513341951078
3,-0.75,676,-0.453851334167536
3,-0.75,677,-0.45385133414074474
3,-0.75,678,-0.45385133411471207
3,-0.75,679,-0.45385133408941647
3,-0.75,680,-0.453851334064837
3,-0.75,681,-0.45385133404095346
3,-0.75,682,-0.45385133401774613
3,-0.75,683,-0.45385133399519584
3,-0.75,684,-0.453851333973284
3,-0.75,685,-0.4538513339519925
3,-0.75,686,-0.45385133393130384
3,-0.75,687,-0.4538513339112009
3,-0.75,688,-0.45385133389166715
3,-0.75,689,-0.45385133387268645
3,-0.75,690,-0.45385133385424314
3,-0.75,691,-0.453851333836322
3,-0.75,692,-0.45385133381890824
3,-0.75,693,-0.4538513338019875
3,-0.75,694,-0.4538513337855459
3,-0.75,695,-0.4538513337695697
3,-0.75,696,-0.45385133375404585
3,-0.75,697,-0.4538513337389615
3,-0.75,698,-0.4538513337243043
3,-0.75,699,-0.4538513337100621
3,-0.75,700,-0.45385133369622305
3,-0.75,701,-0.45385133368277586
3,-0.75,702,-0.45385133366970937
3,-0.75,703,-0.4538513336570128
3,-0.75,704,-0.4538513336446758
3,-0.75,705,-0.45385133363268804
3,-0.75,706,-0.45385133362103963
3,-0.75,707,-0.453851333609721
3,-0.75,708,-0.4538513335987229
3,-0.75,709,-0.4538513335880361
3,-0.75,710,-0.4538513335776519
3,-0.75,711,-0.4538513335675617
3,-0.75,712,-0.4538513335577572
3,-0.75,713,-0.4538513335482303
3,-0.75,714,-0.4538513335389731
3,-0.75,715,-0.45385133352997803
3,-0.75,716,-0.45385133352123763
3,-0.75,717,-0.4538513335127447
3,-0.75,718,-0.45385133350449225
3,-0.75,719,-0.45385133349647344
3,-0.75,720,-0.4538513334886817
3,-0.75,721,-0.4538513334811105
3,-0.75,722,-0.45385133347375367
3,-0.75,723,-0.4538513334666051
3,-0.75,724,-0.453851333459659
3,-0.75,725,-0.4538513334529095
3,-0.75,726,-0.4538513334463511
3,-0.75,727,-0.4538513334399784
3,-0.75,728,-0.45385133343378614
3,-0.75,729,-0.4538513334277692
3,-0.75,730,-0.4538513334219226
3,-0.75,731,-0.4538513334162415
3,-0.75,732,-0.45385133341072126
3,-0.75,733,-0.45385133340535727
3,-0.75,734,-0.4538513334001452
3,-0.75,735,-0.45385133339508066
3,-0.75,736,-0.45385133339015954
3,-0.75,737,-0.45385133338537775
3,-0.75,738,-0.45385133338073136
3,-0.75,739,-0.4538513333762165
3,-0.75,740,-0.4538513333718295
3,-0.75,741,-0.45385133336756667
3,-0.75,742,-0.4538513333634245
3,-0.75,743,-0.4538513333593996
3,-0.75,744,-0.4538513333554887
3,-0.75,745,-0.45385133335168854
3,-0.75,746,-0.45385133334799593
3,-0.75,747,-0.45385133334440786
3,-0.75,748,-0.4538513333409214
3,-0.75,749,-0.45385133333753364
3,-0.75,750,-0.4538513333342418
3,-0.75,751,-0.4538513333310432
3,-0.75,752,-0.45385133332793515
3,-0.75,753,-0.45385133332491506
3,-0.75,754,-0.4538513333219805
3,-0.75,755,-0.453851333319129
3,-0.75,756,-0.45385133331635824
3,-0.75,757,-0.45385133331366595
3,-0.75,758,-0.4538513333110499
3,-0.75,759,-0.45385133330850785
3,-0.75,760,-0.45385133330603783
3,-0.75,761,-0.45385133330363775
3,-0.75,762,-0.45385133330130556
3,-0.75,763,-0.45385133329903943
3,-0.75,764,-0.45385133329683747
3,-0.75,765,-0.45385133329469785
3,-0.75,766,-0.4538513332926188
3,-0.75,767,-0.45385133329059857
3,-0.75,768,-0.4538513332886356
3,-0.75,769,-0.45385133328672816
3,-0.75,770,-0.45385133328487476
3,-0.75,771,-0.45385133328307387
3,-0.75,772,-0.45385133328132393
3,-0.75,773,-0.4538513332796235
3,-0.75,774,-0.4538513332779713
3,-0.75,775,-0.45385133327636584
3,-0.75,776,-0.4538513332748058
3,-0.75,777,-0.45385133327328997
3,-0.75,778,-0.45385133327181704
3,-0.75,779,-0.4538513332703858
3,-0.75,780,-0.45385133326899507
3,-0.75,781,-0.45385133326764376
3,-0.75,782,-0.4538513332663307
3,-0.75,783,-0.45385133326505483
3,-0.75,784,-0.45385133326381505
3,-0.75,785,-0.4538513332626104
3,-0.75,786,-0.45385133326143984
3,-0.75,787,-0.4538513332603024
3,-0.75,788,-0.45385133325919713
3,-0.75,789,-0.4538513332581232
3,-0.75,790,-0.45385133325707966
3,-0.75,791,-0.45385133325606564
3,-0.75,792,-0.45385133325508037
3,-0.75,793,-0.45385133325412297
3,-0.75,794,-0.45385133325319266
3,-0.75,795,-0.4538513332522887
3,-0.75,796,-0.4538513332514104
3,-0.75,797,-0.45385133325055693
3,-0.75,798,-0.4538513332497276
3,-0.75,799,-0.45385133324892174
3,-0.75,800,-0.4538513332481387
3,-0.75,801,-0.45385133324737786
3,-0.75,802,-0.45385133324663857
3,-0.75,803,-0.4538513332459202
3,-0.75,804,-0.4538513332452222
3,-0.75,805,-0.45385133324454396
3,-0.75,806,-0.4538513332438849
3,-0.75,807,-0.45385133324324445
3,-0.75,808,-0.45385133324262217
3,-0.75,809,-0.4538513332420175
3,-0.75,810,-0.45385133324142996
3,-0.75,811,-0.453851333240859
3,-0.75,812,-0.4538513332403043
3,-0.75,813,-0.45385133323976523
3,-0.75,814,-0.4538513332392415
3,-0.75,815,-0.4538513332387325
3,-0.75,816,-0.45385133323823795
3,-0.75,817,-0.4538513332377574
3,-0.75,818,-0.45385133323729043
3,-0.75,819,-0.45385133323683674
3,-0.75,820,-0.45385133323639587
3,-0.75,821,-0.4538513332359675
3,-0.75,822,-0.4538513332355512
3,-0.75,823,-0.4538513332351467
3,-0.75,824,-0.4538513332347537
3,-0.75,825,-0.4538513332343718
3,-0.75,826,-0.4538513332340008
3,-0.75,827,-0.45385133323364024
3,-0.75,828,-0.4538513332332899
3,-0.75,829,-0.45385133323294946
3,-0.75,830,-0.45385133323261867
3,-0.75,831,-0.45385133323229726
3,-0.75,832,-0.4538513332319849
3,-0.75,833,-0.4538513332316814
3,-0.75,834,-0.45385133323138654
3,-0.75,835,-0.4538513332311
3,-0.75,836,-0.4538513332308216
3,-0.75,837,-0.45385133323055105
3,-0.75,838,-0.45385133323028815
3,-0.75,839,-0.4538513332300327
3,-0.75,840,-0.45385133322978444
3,-0.75,841,-0.4538513332295433
3,-0.75,842,-0.45385133322930893
3,-0.75,843,-0.4538513332290812
3,-0.75,844,-0.45385133322885995
3,-0.75,845,-0.4538513332286449
3,-0.75,846,-0.45385133322843596
3,-0.75,847,-0.45385133322823296
3,-0.75,848,-0.45385133322803567
3,-0.75,849,-0.453851333227844
3,-0.75,850,-0.4538513332276577
3,-0.75,851,-0.4538513332274767
3,-0.75,852,-0.45385133322730087
3,-0.75,853,-0.45385133322713
3,-0.75,854,-0.453851333226964
3,-0.75,855,-0.4538513332268027
3,-0.75,856,-0.45385133322664595
3,-0.75,857,-0.4538513332264936
3,-0.75,858,-0.45385133322634563
3,-0.75,859,-0.4538513332262018
3,-0.75,860,-0.4538513332260621
3,-0.75,861,-0.45385133322592625
3,-0.75,862,-0.4538513332257943
3,-0.75,863,-0.45385133322566606
3,-0.75,864,-0.4538513332255415
3,-0.75,865,-0.45385133322542043
3,-0.75,866,-0.4538513332253028
3,-0.75,867,-0.4538513332251885
3,-0.75,868,-0.4538513332250774
3,-0.75,869,-0.4538513332249695
3,-0.75,870,-0.45385133322486465
3,-0.75,871,-0.45385133322476273
3,-0.75,872,-0.45385133322466376
3,-0.75,873,-0.45385133322456755
3,-0.75,874,-0.4538513332244741
3,-0.75,875,-0.45385133322438326
3,-0.75,876,-0.453851333224295
3,-0.75,877,-0.45385133322420923
3,-0.75,878,-0.45385133322412585
3,-0.75,879,-0.45385133322404486
3,-0.75,880,-0.45385133322396615
3,-0.75,881,-0.45385133322388965
3,-0.75,882,-0.4538513332238153
3,-0.75,883,-0.45385133322374316
3,-0.75,884,-0.453851333223673
3,-0.75,885,-0.4538513332236048
3,-0.75,886,-0.4538513332235386
3,-0.75,887,-0.4538513332234742
3,-0.75,888,-0.45385133322341165
3,-0.75,889,-0.4538513332233509
3,-0.75,890,-0.45385133322329185
3,-0.75,891,-0.4538513332232345
3,-0.75,892,-0.4538513332231787
3,-0.75,893,-0.4538513332231246
3,-0.75,894,-0.453851333223072
3,-0.75,895,-0.45385133322302085
3,-0.75,896,-0.45385133322297116
3,-0.75,897,-0.45385133322292287
3,-0.75,898,-0.45385133322287596
3,-0.75,899,-0.45385133322283033
3,-0.75,900,-0.45385133322278604
3,-0.75,901,-0.45385133322274296
3,-0.75,902,-0.4538513332227011
3,-0.75,903,-0.45385133322266047
3,-0.75,904,-0.45385133322262095
3,-0.75,905,-0.4538513332225826
3,-0.75,906,-0.4538513332225453
3,-0.75,907,-0.45385133322250903
3,-0.75,908,-0.45385133322247384
3,-0.75,909,-0.4538513332224396
3,-0.75,910,-0.45385133322240634
3,-0.75,911,-0.45385133322237403
3,-0.75,912,-0.4538513332223426
3,-0.75,913,-0.45385133322231214
3,-0.75,914,-0.4538513332222825
3,-0.75,915,-0.45385133322225374
3,-0.75,916,-0.45385133322222576
3,-0.75,917,-0.45385133322219856
3,-0.75,918,-0.45385133322217214
3,-0.75,919,-0.45385133322214644
3,-0.75,920,-0.45385133322212146
3,-0.75,921,-0.45385133322209725
3,-0.75,922,-0.4538513332220737
3,-0.75,923,-0.45385133322205085
3,-0.75,924,-0.4538513332220286
3,-0.75,925,-0.45385133322200694
3,-0.75,926,-0.45385133322198595
3,-0.75,927,-0.4538513332219656
3,-0.75,928,-0.45385133322194576
3,-0.75,929,-0.4538513332219265
3,-0.75,930,-0.45385133322190774
3,-0.75,931,-0.45385133322188953
3,-0.75,932,-0.4538513332218719
3,-0.75,933,-0.4538513332218547
3,-0.75,934,-0.453851333221838
3,-0.75,935,-0.4538513332218218
3,-0.75,936,-0.4538513332218061
3,-0.75,937,-0.45385133322179083
3,-0.75,938,-0.45385133322177595
3,-0.75,939,-0.4538513332217615
3,-0.75,940,-0.4538513332217475
3,-0.75,941,-0.4538513332217339
3,-0.75,942,-0.4538513332217206
3,-0.75,943,-0.45385133322170773
3,-0.75,944,-0.4538513332216952
3,-0.75,945,-0.45385133322168303
3,-0.75,946,-0.4538513332216712
3,-0.75,947,-0.4538513332216597
3,-0.75,948,-0.45385133322164856
3,-0.75,949,-0.45385133322163773
3,-0.75,950,-0.45385133322162724
3,-0.75,951,-0.45385133322161697
3,-0.75,952,-0.45385133322160703
3,-0.75,953,-0.4538513332215974
3,-0.75,954,-0.453851333221588
3,-0.75,955,-0.45385133322157883
3,-0.75,956,-0.45385133322157
3,-0.75,957,-0.4538513332215614
3,-0.75,958,-0.453851333221553
3,-0.75,959,-0.4538513332215449
3,-0.75,960,-0.453851333221537
3,-0.75,961,-0.45385133322152926
3,-0.75,962,-0.45385133322152177
3,-0.75,963,-0.4538513332215145
3,-0.75,964,-0.4538513332215075
3,-0.75,965,-0.4538513332215007
3,-0.75,966,-0.453851333221494
3,-0.75,967,-0.4538513332214875
3,-0.75,968,-0.45385133322148125
3,-0.75,969,-0.4538513332214751
3,-0.75,970,-0.45385133322146914
3,-0.75,971,-0.45385133322146337
3,-0.75,972,-0.4538513332214578
3,-0.75,973,-0.4538513332214524
3,-0.75,974,-0.45385133322144705
3,-0.75,975,-0.4538513332214419
3,-0.75,976,-0.4538513332214369
3,-0.75,977,-0.453851333221432
3,-0.75,978,-0.4538513332214273
3,-0.75,979,-0.4538513332214227
3,-0.75,980,-0.45385133322141824
3,-0.75,981,-0.4538513332214139
3,-0.75,982,-0.4538513332214097
3,-0.75,983,-0.45385133322140564
3,-0.75,984,-0.4538513332214017
3,-0.75,985,-0.4538513332213978
3,-0.75,986,-0.4538513332213941
3,-0.75,987,-0.45385133322139043
3,-0.75,988,-0.4538513332213869
3,-0.75,989,-0.45385133322138344
3,-0.75,990,-0.4538513332213801
3,-0.75,991,-0.4538513332213769
3,-0.75,992,-0.4538513332213737
3,-0.75,993,-0.45385133322137067
3,-0.75,994,-0.45385133322136767
3,-0.75,995,-0.4538513332213648
3,-0.75,996,-0.45385133322136195
3,-0.75,997,-0.45385133322135923
3,-0.75,998,-0.45385133322135657
3,-0.75,999,-0.453851333221354
3,-0.75,1000,-0.4538513332213515
3,-0.25,0,-0.25
3,-0.25,1,-0.253872044414667
3,-0.25,2,-0.25772163057810843
3,-0.25,3,-0.26154636162593753
3,-0.25,4,-0.2653439299285073
3,-0.25,5,-0.2691121220576004
3,-0.25,6,-0.2728488230615278
3,-0.25,7,-0.2765520200507446
3,-0.25,8,-0.28021980510340966
3,-0.25,9,-0.28385037750694625
3,-0.25,10,-0.28744204535753515
3,-0.25,11,-0.2909932265445638
3,-0.25,12,-0.2945024491513384
3,-0.25,13,-0.2979683513068541
3,-0.25,14,-0.3013896805261244
3,-0.25,15,-0.3047652925785363
3,-0.25,16,-0.3080941499249659
3,-0.25,17,-0.31137531976501565
3,-0.25,18,-0.3146079717357825
3,-0.25,19,-0.3177913753031015
3,-0.25,20,-0.32092489688529574
3,-0.25,21,-0.3240079967481732
3,-0.25,22,-0.32704022570840524
3,-0.25,23,-0.3300212216805638
3,-0.25,24,-0.332950706101044
3,-0.25,25,-0.33582848025990775
3,-0.25,26,-0.33865442156940295
3,-0.25,27,-0.3414284797955832
3,-0.25,28,-0.34415067327711385
3,-0.25,29,-0.34682108515303267
3,-0.25,30,-0.3494398596189679
3,-0.25,31,-0.35200719822912097
3,-0.25,32,-0.35452335625921805
3,-0.25,33,-0.3569886391436349
3,-0.25,34,-0.35940339899801516
3,-0.25,35,-0.3617680312369388
3,-0.25,36,-0.36408297129456024
3,-0.25,37,-0.3663486914546262
3,-0.25,38,-0.36856569779489934
3,-0.25,39,-0.37073452724975703
3,-0.25,40,-0.37285574479359623
3,-0.25,41,-0.3749299407466575
3,-0.25,42,-0.3769577282039704
3,-0.25,43,-0.37893974058732127
3,-0.25,44,-0.38087662931943783
3,-0.25,45,-0.38276906161897467
3,-0.25,46,-0.38461771841435516
3,-0.25,47,-0.38642329237407813
3,-0.25,48,-0.3881864860507203
3,-0.25,49,-0.38990801013555565
3,-0.25,50,-0.3915885818204597
3,-0.25,51,-0.3932289232635704
3,-0.25,52,-0.3948297601550252
3,-0.25,53,-0.3963918203789863
3,-0.25,54,-0.39791583276809617
3,-0.25,55,-0.3994025259464674
3,-0.25,56,-0.4008526272573024
3,-0.25,57,-0.4022668617712554
3,-0.25,58,-0.403645951371687
3,-0.25,59,-0.40499061391301666
3,-0.25,60,-0.4063015624484521
3,-0.25,61,-0.4075795045234573
3,-0.25,62,-0.4088251415314164
3,-0.25,63,-0.41003916812805413
3,-0.25,64,-0.4112222717012831
3,-0.25,65,-0.4123751318932633
3,-0.25,66,-0.4134984201715769
3,-0.25,67,-0.41459279944654326
3,-0.25,68,-0.4156589237318192
3,-0.25,69,-0.41669743784555274
3,-0.25,70,-0.4177089771494799
3,-0.25,71,-0.41869416732347325
3,-0.25,72,-0.41965362417317054
3,-0.25,73,-0.4205879534684274
3,-0.25,74,-0.4214977508104506
3,-0.25,75,-0.42238360152557974
3,-0.25,76,-0.4232460805837922
3,-0.25,77,-0.42408575254010883
3,-0.25,78,-0.42490317149717893
3,-0.25,79,-0.4256988810874189
3,-0.25,80,-0.4264734144731713
3,-0.25,81,-0.42722729436344026
3,-0.25,82,-0.42796103304584365
3,-0.25,83,-0.4286751324325038
3,-0.25,84,-0.42937008411867705
3,-0.25,85,-0.4300463694529937
3,-0.25,86,-0.4307044596182536
3,-0.25,87,-0.4313448157217869
3,-0.25,88,-0.4319678888944537
3,-0.25,89,-0.4325741203974167
3,-0.25,90,-0.43316394173587863
3,-0.25,91,-0.43373777477902786
3,-0.25,92,-0.43429603188548965
3,-0.25,93,-0.43483911603362635
3,-0.25,94,-0.4353674209560767
3,-0.25,95,-0.43588133127796647
3,-0.25,96,-0.43638122265826396
3,-0.25,97,-0.43686746193379095
3,-0.25,98,-0.43734040726543666
3,-0.25,99,-0.43780040828615513
3,-0.25,100,-0.4382478062503587
3,-0.25,101,-0.4386829341843492
3,-0.25,102,-0.4391061170374579
3,-0.25,103,-0.4395176718335894
3,-0.25,104,-0.43991790782289153
3,-0.25,105,-0.4403071266332937
3,-0.25,106,-0.44068562242168063
3,-0.25,107,-0.4410536820244857
3,-0.25,108,-0.4414115851075093
3,-0.25,109,-0.441759604314783
3,-0.25,110,-0.4420980054163195
3,-0.25,111,-0.4424270474546002
3,-0.25,112,-0.4427469828896706
3,-0.25,113,-0.44305805774272267
3,-0.25,114,-0.4433605117380596
3,-0.25,115,-0.4436545784433479
3,-0.25,116,-0.44394048540807196
3,-0.25,117,-0.44421845430011897
3,-0.25,118,-0.44448870104042715
3,-0.25,119,-0.44475143593564354
3,-0.25,120,-0.44500686380874155
3,-0.25,121,-0.44525518412755843
3,-0.25,122,-0.4454965911312182
3,-0.25,123,-0.4457312739544125
3,-0.25,124,-0.445959416749518
3,-0.25,125,-0.4461811988065336
3,-0.25,126,-0.4463967946708256
3,-0.25,127,-0.44660637425867455
3,-0.25,128,-0.44681010297062024
3,-0.25,129,-0.4470081418026067
3,-0.25,130,-0.4472006474549311
3,-0.25,131,-0.44738777243900474
3,-0.25,132,-0.447569665181936
3,-0.25,133,-0.44774647012894986
3,-0.25,134,-0.4479183278436581
3,-0.25,135,-0.44808537510619967
3,-0.25,136,-0.4482477450092698
3,-0.25,137,-0.44840556705206014
3,-0.25,138,-0.44855896723213307
3,-0.25,139,-0.4487080681352543
3,-0.25,140,-0.44885298902321036
3,-0.25,141,-0.4489938459196373
3,-0.25,142,-0.449130751693889
3,-0.25,143,-0.4492638161429733
3,-0.25,144,-0.4493931460715859
3,-0.25,145,-0.4495188453702723
3,-0.25,146,-0.44964101509174736
3,-0.25,147,-0.4497597535254047
3,-0.25,148,-0.4498751562700466
3,-0.25,149,-0.44998731630486627
3,-0.25,150,-0.45009632405871397
3,-0.25,151,-0.4502022674776792
3,-0.25,152,-0.4503052320910211
3,-0.25,153,-0.4504053010754777
3,-0.25,154,-0.4505025553179884
3,-0.25,155,-0.45059707347685823
3,-0.25,156,-0.45068893204139876
3,-0.25,157,-0.45077820539007446
3,-0.25,158,-0.45086496584718755
3,-0.25,159,-0.4509492837381312
3,-0.25,160,-0.4510312274432424
3,-0.25,161,-0.4511108634502847
3,-0.25,162,-0.45118825640559046
3,-0.25,163,-0.45126346916389304
3,-0.25,164,-0.4513365628368779
3,-0.25,165,-0.4514075968404812
3,-0.25,166,-0.4514766289409649
3,-0.25,167,-0.4515437152997966
3,-0.25,168,-0.451608910517361
3,-0.25,169,-0.45167226767553137
3,-0.25,170,-0.45173383837912684
3,-0.25,171,-0.45179367279628235
3,-0.25,172,-0.45185181969775734
3,-0.25,173,-0.45190832649520823
3,-0.25,174,-0.45196323927844984
3,-0.25,175,-0.4520166028517304
3,-0.25,176,-0.4520684607690442
3,-0.25,177,-0.4521188553685051
3,-0.25,178,-0.4521678278058049
3,-0.25,179,-0.45221541808677795
3,-0.25,180,-0.45226166509909593
3,-0.25,181,-0.4523066066431129
3,-0.25,182,-0.4523502794618829
3,-0.25,183,-0.4523927192703708
3,-0.25,184,-0.45243396078387654
3,-0.25,185,-0.45247403774569356
3,-0.25,186,-0.4525129829540194
3,-0.25,187,-0.45255082828813936
3,-0.25,188,-0.45258760473390053
3,-0.25,189,-0.45262334240849544
3,-0.25,190,-0.4526580705845724
3,-0.25,191,-0.4526918177136906
3,-0.25,192,-0.45272461144913645
3,-0.25,193,-0.4527564786681181
3,-0.25,194,-0.4527874454933546
3,-0.25,195,-0.4528175373140752
3,-0.25,196,-0.4528467788064442
3,-0.25,197,-0.4528751939534269
3,-0.25,198,-0.45290280606411143
3,-0.25,199,-0.45292963779249984
3,-0.25,200,-0.452955711155784
3,-0.25,201,-0.45298104755211893
3,-0.25,202,-0.4530056677779075
3,-0.25,203,-0.4530295920446089
3,-0.25,204,-0.45305283999508456
3,-0.25,205,-0.4530754307194927
3,-0.25,206,-0.45309738277074496
3,-0.25,207,-0.45311871417953564
3,-0.25,208,-0.45313944246895577
3,-0.25,209,-0.453159584668703
3,-0.25,210,-0.45317915732889824
3,-0.25,211,-0.45319817653351957
3,-0.25,212,-0.45321665791346405
3,-0.25,213,-0.4532346166592471
3,-0.25,214,-0.45325206753334946
3,-0.25,215,-0.4532690248822218
3,-0.25,216,-0.4532855026479554
3,-0.25,217,-0.45330151437962857
3,-0.25,218,-0.45331707324433757
3,-0.25,219,-0.4533321920379207
3,-0.25,220,-0.4533468831953836
3,-0.25,221,-0.4533611588010344
3,-0.25,222,-0.4533750305983364
3,-0.25,223,-0.4533885099994859
3,-0.25,224,-0.4534016080947232
3,-0.25,225,-0.45341433566138356
3,-0.25,226,-0.45342670317269557
3,-0.25,227,-0.4534387208063338
3,-0.25,228,-0.4534503984527325
3,-0.25,229,-0.4534617457231671
3,-0.25,230,-0.45347277195760954
3,-0.25,231,-0.45348348623236384
3,-0.25,232,-0.45349389736748846
3,-0.25,233,-0.4535040139340106
3,-0.25,234,-0.45351384426093816
3,-0.25,235,-0.45352339644207623
3,-0.25,236,-0.45353267834265176
3,-0.25,237,-0.45354169760575314
3,-0.25,238,-0.45355046165858875
3,-0.25,239,-0.45355897771857057
3,-0.25,240,-0.4535672527992267
3,-0.25,241,-0.4535752937159483
3,-0.25,242,-0.453583107091575
3,-0.25,243,-0.4535906993618239
3,-0.25,244,-0.4535980767805655
3,-0.25,245,-0.45360524542495245
3,-0.25,246,-0.453612211200403
3,-0.25,247,-0.45361897984544547
3,-0.25,248,-0.45362555693642614
3,-0.25,249,-0.45363194789208466
3,-0.25,250,-0.4536381579780012
3,-0.25,251,-0.4536441923109183
3,-0.25,252,-0.45365005586294105
3,-0.25,253,-0.4536557534656195
3,-0.25,254,-0.45366128981391585
3,-0.25,255,-0.45366666947006024
3,-0.25,256,-0.45367189686729764
3,-0.25,257,-0.4536769763135299
3,-0.25,258,-0.4536819119948545
3,-0.25,259,-0.45368670797900446
3,-0.25,260,-0.4536913682186904
3,-0.25,261,-0.45369589655484943
3,-0.25,262,-0.45370029671980183
3,-0.25,263,-0.45370457234031913
3,-0.25,264,-0.45370872694060554
3,-0.25,265,-0.45371276394519555
3,-0.25,266,-0.4537166866817696
3,-0.25,267,-0.4537204983838906
3,-0.25,268,-0.45372420219366316
3,-0.25,269,-0.4537278011643178
3,-0.25,270,-0.4537312982627227
3,-0.25,271,-0.4537346963718237
3,-0.25,272,-0.4537379982930165
3,-0.25,273,-0.4537412067484512
3,-0.25,274,-0.4537443243832723
3,-0.25,275,-0.45374735376779507
3,-0.25,276,-0.45375029739962097
3,-0.25,277,-0.4537531577056928
3,-0.25,278,-0.4537559370442925
3,-0.25,279,-0.453758637706982
3,-0.25,280,-0.45376126192048954
3,-0.25,281,-0.45376381184854286
3,-0.25,282,-0.4537662895936502
3,-0.25,283,-0.45376869719883145
3,-0.25,284,-0.4537710366493002
3,-0.25,285,-0.4537733098740984
3,-0.25,286,-0.4537755187476848
3,-0.25,287,-0.45377766509147827
3,-0.25,288,-0.45377975067535814
3,-0.25,289,-0.45378177721912144
3,-0.25,290,-0.4537837463938995
3,-0.25,291,-0.45378565982353447
3,-0.25,292,-0.45378751908591647
3,-0.25,293,-0.45378932571428365
3,-0.25,294,-0.453791081198485
3,-0.25,295,-0.4537927869862077
3,-0.25,296,-0.4537944444841698
3,-0.25,297,-0.45379605505927895
3,-0.25,298,-0.4537976200397588
3,-0.25,299,-0.45379914071624317
3,-0.25,300,-0.4538006183428394
3,-0.25,301,-0.4538020541381619
3,-0.25,302,-0.45380344928633604
3,-0.25,303,-0.4538048049379741
3,-0.25,304,-0.45380612221112315
3,-0.25,305,-0.4538074021921868
3,-0.25,306,-0.4538086459368201
3,-0.25,307,-0.4538098544707996
3,-0.25,308,-0.45381102879086904
3,-0.25,309,-0.4538121698655606
3,-0.25,310,-0.4538132786359931
3,-0.25,311,-0.45381435601664755
3,-0.25,312,-0.45381540289612154
3,-0.25,313,-0.45381642013786083
3,-0.25,314,-0.45381740858087155
3,-0.25,315,-0.4538183690404118
3,-0.25,316,-0.45381930230866346
3,-0.25,317,-0.45382020915538535
3,-0.25,318,-0.4538210903285476
3,-0.25,319,-0.45382194655494856
3,-0.25,320,-0.45382277854081365
3,-0.25,321,-0.4538235869723777
3,-0.25,322,-0.4538243725164507
3,-0.25,323,-0.4538251358209676
3,-0.25,324,-0.45382587751552234
3,-0.25,325,-0.4538265982118869
3,-0.25,326,-0.453827298504516
3,-0.25,327,-0.45382797897103666
3,-0.25,328,-0.4538286401727251
3,-0.25,329,-0.45382928265496914
3,-0.25,330,-0.4538299069477178
3,-0.25,331,-0.4538305135659185
3,-0.25,332,-0.45383110300994156
3,-0.25,333,-0.4538316757659928
3,-0.25,334,-0.4538322323065144
3,-0.25,335,-0.4538327730905746
3,-0.25,336,-0.45383329856424603
3,-0.25,337,-0.45383380916097366
3,-0.25,338,-0.4538343053019323
3,-0.25,339,-0.4538347873963738
3,-0.25,340,-0.45383525584196444
3,-0.25,341,-0.4538357110251132
3,-0.25,342,-0.45383615332129
3,-0.25,343,-0.45383658309533564
3,-0.25,344,-0.45383700070176247
3,-0.25,345,-0.45383740648504683
3,-0.25,346,-0.45383780077991326
3,-0.25,347,-0.4538381839116103
3,-0.25,348,-0.4538385561961788
3,-0.25,349,-0.45383891794071274
3,-0.25,350,-0.45383926944361214
3,-0.25,351,-0.4538396109948296
3,-0.25,352,-0.45383994287610907
3,-0.25,353,-0.45384026536121824
3,-0.25,354,-0.4538405787161746
3,-0.25,355,-0.4538408831994646
3,-0.25,356,-0.4538411790622568
3,-0.25,357,-0.4538414665486092
3,-0.25,358,-0.45384174589567045
3,-0.25,359,-0.45384201733387547
3,-0.25,360,-0.45384228108713537
3,-0.25,361,-0.4538425373730223
3,-0.25,362,-0.4538427864029489
3,-0.25,363,-0.45384302838234236
3,-0.25,364,-0.4538432635108143
3,-0.25,365,-0.45384349198232504
3,-0.25,366,-0.45384371398534396
3,-0.25,367,-0.45384392970300447
3,-0.25,368,-0.4538441393132555
3,-0.25,369,-0.45384434298900805
3,-0.25,370,-0.4538445408982778
3,-0.25,371,-0.4538447332043238
3,-0.25,372,-0.45384492006578303
3,-0.25,373,-0.4538451016368013
3,-0.25,374,-0.45384527806716035
3,-0.25,375,-0.4538454495024015
3,-0.25,376,-0.45384561608394564
3,-0.25,377,-0.4538457779492097
3,-0.25,378,-0.45384593523172045
3,-0.25,379,-0.4538460880612241
3,-0.25,380,-0.45384623656379364
3,-0.25,381,-0.45384638086193274
3,-0.25,382,-0.45384652107467693
3,-0.25,383,-0.4538466573176916
3,-0.25,384,-0.45384678970336745
3,-0.25,385,-0.4538469183409134
3,-0.25,386,-0.4538470433364463
3,-0.25,387,-0.4538471647930788
3,-0.25,388,-0.45384728281100417
3,-0.25,389,-0.45384739748757924
3,-0.25,390,-0.4538475089174043
3,-0.25,391,-0.45384761719240146
3,-0.25,392,-0.45384772240189036
3,-0.25,393,-0.4538478246326618
3,-0.25,394,-0.4538479239690495
3,-0.25,395,-0.4538480204929994
3,-0.25,396,-0.4538481142841375
3,-0.25,397,-0.45384820541983545
3,-0.25,398,-0.4538482939752744
3,-0.25,399,-0.4538483800235068
3,-0.25,400,-0.4538484636355171
3,-0.25,401,-0.45384854488028
3,-0.25,402,-0.4538486238248172
3,-0.25,403,-0.4538487005342532
3,-0.25,404,-0.4538487750718684
3,-0.25,405,-0.45384884749915183
3,-0.25,406,-0.4538489178758516
3,-0.25,407,-0.4538489862600241
3,-0.25,408,-0.4538490527080823
3,-0.25,409,-0.4538491172748417
3,-0.25,410,-0.4538491800135661
3,-0.25,411,-0.4538492409760112
3,-0.25,412,-0.4538493002124674
3,-0.25,413,-0.45384935777180124
3,-0.25,414,-0.4538494137014959
3,-0.25,415,-0.45384946804769005
3,-0.25,416,-0.4538495208552161
3,-0.25,417,-0.45384957216763727
3,-0.25,418,-0.4538496220272833
3,-0.25,419,-0.4538496704752855
3,-0.25,420,-0.4538497175516108
3,-0.25,421,-0.4538497632950944
3,-0.25,422,-0.45384980774347217
3,-0.25,423,-0.45384985093341135
3,-0.25,424,-0.45384989290054134
3,-0.25,425,-0.4538499336794826
3,-0.25,426,-0.45384997330387555
3,-0.25,427,-0.45385001180640805
3,-0.25,428,-0.4538500492188426
3,-0.25,429,-0.45385008557204226
3,-0.25,430,-0.4538501208959965
3,-0.25,431,-0.45385015521984573
3,-0.25,432,-0.45385018857190507
3,-0.25,433,-0.4538502209796882
3,-0.25,434,-0.45385025246992977
3,-0.25,435,-0.45385028306860753
3,-0.25,436,-0.4538503128009638
3,-0.25,437,-0.45385034169152605
3,-0.25,438,-0.4538503697641275
3,-0.25,439,-0.4538503970419265
3,-0.25,440,-0.4538504235474258
3,-0.25,441,-0.45385044930249097
3,-0.25,442,-0.4538504743283686
3,-0.25,443,-0.4538504986457037
3,-0.25,444,-0.45385052227455674
3,-0.25,445,-0.4538505452344203
3,-0.25,446,-0.45385056754423503
3,-0.25,447,-0.45385058922240534
3,-0.25,448,-0.4538506102868146
3,-0.25,449,-0.45385063075483983
3,-0.25,450,-0.45385065064336605
3,-0.25,451,-0.4538506699688003
3,-0.25,452,-0.453850688747085
3,-0.25,453,-0.4538507069937113
3,-0.25,454,-0.4538507247237316
3,-0.25,455,-0.45385074195177233
3,-0.25,456,-0.4538507586920457
3,-0.25,457,-0.4538507749583616
3,-0.25,458,-0.4538507907641389
3,-0.25,459,-0.45385080612241646
3,-0.25,460,-0.45385082104586416
3,-0.25,461,-0.453850835546793
3,-0.25,462,-0.4538508496371656
3,-0.25,463,-0.4538508633286057
3,-0.25,464,-0.45385087663240803
3,-0.25,465,-0.45385088955954755
3,-0.25,466,-0.4538509021206885
3,-0.25,467,-0.4538509143261932
3,-0.25,468,-0.45385092618613054
3,-0.25,469,-0.45385093771028434
3,-0.25,470,-0.45385094890816147
3,-0.25,471,-0.4538509597889996
3,-0.25,472,-0.45385097036177485
3,-0.25,473,-0.45385098063520923
3,-0.25,474,-0.4538509906177778
3,-0.25,475,-0.4538510003177157
3,-0.25,476,-0.45385100974302484
3,-0.25,477,-0.45385101890148066
3,-0.25,478,-0.45385102780063835
3,-0.25,479,-0.4538510364478393
3,-0.25,480,-0.45385104485021704
3,-0.25,481,-0.4538510530147031
3,-0.25,482,-0.45385106094803274
3,-0.25,483,-0.45385106865675057
3,-0.25,484,-0.45385107614721587
3,-0.25,485,-0.453851083425608
3,-0.25,486,-0.4538510904979311
3,-0.25,487,-0.45385109737001955
3,-0.25,488,-0.4538511040475425
3,-0.25,489,-0.4538511105360086
3,-0.25,490,-0.4538511168407704
3,-0.25,491,-0.4538511229670291
3,-0.25,492,-0.4538511289198386
3,-0.25,493,-0.45385113470410954
3,-0.25,494,-0.4538511403246137
3,-0.25,495,-0.4538511457859878
3,-0.25,496,-0.45385115109273705
3,-0.25,497,-0.45385115624923933
3,-0.25,498,-0.4538511612597485
3,-0.25,499,-0.45385116612839804
3,-0.25,500,-0.45385117085920423
3,-0.25,501,-0.4538511754560698
3,-0.25,502,-0.4538511799227869
3,-0.25,503,-0.4538511842630404
3,-0.25,504,-0.4538511884804107
3,-0.25,505,-0.4538511925783771
3,-0.25,506,-0.45385119656032
3,-0.25,507,-0.4538512004295244
3,-0.25,508,-0.4538512041891823
3,-0.25,509,-0.4538512078423951
3,-0.25,510,-0.45385121139217655
3,-0.25,511,-0.453851214841455
3,-0.25,512,-0.45385121819307606
3,-0.25,513,-0.4538512214498045
3,-0.25,514,-0.45385122461432703
3,-0.25,515,-0.45385122768925423
3,-0.25,516,-0.45385123067712274
3,-0.25,517,-0.4538512335803974
3,-0.25,518,-0.45385123640147335
3,-0.25,519,-0.4538512391426777
3,-0.25,520,-0.4538512418062719
3,-0.25,521,-0.45385124439445323
3,-0.25,522,-0.4538512469093569
3,-0.25,523,-0.45385124935305754
3,-0.25,524,-0.453851251727571
3,-0.25,525,-0.4538512540348562
3,-0.25,526,-0.45385125627681655
3,-0.25,527,-0.45385125845530155
3,-0.25,528,-0.45385126057210834
3,-0.25,529,-0.4538512626289831
3,-0.25,530,-0.4538512646276228
3,-0.25,531,-0.45385126656967617
3,-0.25,532,-0.4538512684567452
3,-0.25,533,-0.4538512702903868
3,-0.25,534,-0.45385127207211345
3,-0.25,535,-0.45385127380339507
3,-0.25,536,-0.45385127548565996
3,-0.25,537,-0.45385127712029577
3,-0.25,538,-0.45385127870865105
3,-0.25,539,-0.45385128025203614
3,-0.25,540,-0.45385128175172423
3,-0.25,541,-0.4538512832089525
3,-0.25,542,-0.45385128462492313
3,-0.25,543,-0.45385128600080415
3,-0.25,544,-0.4538512873377306
3,-0.25,545,-0.4538512886368054
3,-0.25,546,-0.45385128989910023
3,-0.25,547,-0.4538512911256564
3,-0.25,548,-0.45385129231748583
3,-0.25,549,-0.4538512934755716
3,-0.25,550,-0.45385129460086915
3,-0.25,551,-0.45385129569430677
3,-0.25,552,-0.45385129675678654
3,-0.25,553,-0.4538512977891849
3,-0.25,554,-0.4538512987923536
3,-0.25,555,-0.4538512997671201
3,-0.25,556,-0.45385130071428853
3,-0.25,557,-0.4538513016346404
3,-0.25,558,-0.4538513025289348
3,-0.25,559,-0.4538513033979096
3,-0.25,560,-0.4538513042422816
3,-0.25,561,-0.45385130506274735
3,-0.25,562,-0.4538513058599837
3,-0.25,563,-0.45385130663464834
3,-0.25,564,-0.4538513073873804
3,-0.25,565,-0.4538513081188007
3,-0.25,566,-0.45385130882951275
3,-0.25,567,-0.45385130952010283
3,-0.25,568,-0.45385131019114056
3,-0.25,569,-0.4538513108431796
3,-0.25,570,-0.45385131147675783
3,-0.25,571,-0.45385131209239793
3,-0.25,572,-0.45385131269060774
3,-0.25,573,-0.4538513132718808
3,-0.25,574,-0.4538513138366965
3,-0.25,575,-0.45385131438552095
3,-0.25,576,-0.4538513149188068
3,-0.25,577,-0.4538513154369941
3,-0.25,578,-0.4538513159405102
3,-0.25,579,-0.45385131642977056
3,-0.25,580,-0.45385131690517877
3,-0.25,581,-0.45385131736712697
3,-0.25,582,-0.4538513178159963
3,-0.25,583,-0.4538513182521571
3,-0.25,584,-0.45385131867596906
3,-0.25,585,-0.45385131908778187
3,-0.25,586,-0.4538513194879353
3,-0.25,587,-0.45385131987675936
3,-0.25,588,-0.45385132025457486
3,-0.25,589,-0.4538513206216935
3,-0.25,590,-0.45385132097841807
3,-0.25,591,-0.4538513213250429
3,-0.25,592,-0.45385132166185405
3,-0.25,593,-0.4538513219891292
3,-0.25,594,-0.4538513223071384
3,-0.25,595,-0.453851322616144
3,-0.25,596,-0.4538513229164009
3,-0.25,597,-0.4538513232081568
3,-0.25,598,-0.4538513234916523
3,-0.25,599,-0.4538513237671214
3,-0.25,600,-0.4538513240347913
3,-0.25,601,-0.4538513242948828
3,-0.25,602,-0.4538513245476105
3,-0.25,603,-0.45385132479318285
3,-0.25,604,-0.4538513250318025
3,-0.25,605,-0.4538513252636661
3,-0.25,606,-0.4538513254889652
3,-0.25,607,-0.4538513257078855
3,-0.25,608,-0.4538513259206076
3,-0.25,609,-0.45385132612730705
3,-0.25,610,-0.4538513263281544
3,-0.25,611,-0.45385132652331517
3,-0.25,612,-0.4538513267129505
3,-0.25,613,-0.45385132689721674
3,-0.25,614,-0.453851327076266
3,-0.25,615,-0.45385132725024596
3,-0.25,616,-0.4538513274193001
3,-0.25,617,-0.45385132758356794
3,-0.25,618,-0.45385132774318493
3,-0.25,619,-0.45385132789828275
3,-0.25,620,-0.45385132804898937
3,-0.25,621,-0.4538513281954291
3,-0.25,622,-0.4538513283377228
3,-0.25,623,-0.4538513284759878
3,-0.25,624,-0.4538513286103382
3,-0.25,625,-0.45385132874088485
3,-0.25,626,-0.4538513288677354
3,-0.25,627,-0.45385132899099445
3,-0.25,628,-0.45385132911076376
3,-0.25,629,-0.4538513292271421
3,-0.25,630,-0.4538513293402255
3,-0.25,631,-0.4538513294501072
3,-0.25,632,-0.4538513295568779
3,-0.25,633,-0.4538513296606257
3,-0.25,634,-0.4538513297614361
3,-0.25,635,-0.4538513298593923
3,-0.25,636,-0.4538513299545751
3,-0.25,637,-0.4538513300470631
3,-0.25,638,-0.45385133013693246
3,-0.25,639,-0.45385133022425744
3,-0.25,640,-0.45385133030911007
3,-0.25,641,-0.4538513303915603
3,-0.25,642,-0.45385133047167614
3,-0.25,643,-0.45385133054952376
3,-0.25,644,-0.4538513306251673
3,-0.25,645,-0.4538513306986692
3,-0.25,646,-0.45385133077009004
3,-0.25,647,-0.4538513308394888
3,-0.25,648,-0.45385133090692276
3,-0.25,649,-0.45385133097244745
3,-0.25,650,-0.45385133103611697
3,-0.25,651,-0.45385133109798387
3,-0.25,652,-0.45385133115809917
3,-0.25,653,-0.45385133121651244
3,-0.25,654,-0.45385133127327193
3,-0.25,655,-0.45385133132842437
3,-0.25,656,-0.45385133138201533
3,-0.25,657,-0.453851331434089
3,-0.25,658,-0.4538513314846883
3,-0.25,659,-0.45385133153385504
3,-0.25,660,-0.45385133158162977
3,-0.25,661,-0.45385133162805186
3,-0.25,662,-0.4538513316731596
3,-0.25,663,-0.45385133171699027
3,-0.25,664,-0.4538513317595799
3,-0.25,665,-0.4538513318009638
3,-0.25,666,-0.45385133184117604
3,-0.25,667,-0.45385133188024973
3,-0.25,668,-0.45385133191821714
3,-0.25,669,-0.45385133195510957
3,-0.25,670,-0.45385133199095756
3,-0.25,671,-0.4538513320257906
3,-0.25,672,-0.4538513320596374
3,-0.25,673,-0.4538513320925259
3,-0.25,674,-0.4538513321244833
3,-0.25,675,-0.45385133215553586
3,-0.25,676,-0.4538513321857093
3,-0.25,677,-0.4538513322150284
3,-0.25,678,-0.4538513322435174
3,-0.25,679,-0.4538513322711999
3,-0.25,680,-0.4538513322980986
3,-0.25,681,-0.45385133232423575
3,-0.25,682,-0.4538513323496328
3,-0.25,683,-0.4538513323743109
3,-0.25,684,-0.4538513323982903
3,-0.25,685,-0.4538513324215907
3,-0.25,686,-0.4538513324442315
3,-0.25,687,-0.4538513324662312
3,-0.25,688,-0.45385133248760806
3,-0.25,689,-0.4538513325083797
3,-0.25,690,-0.45385133252856324
3,-0.25,691,-0.45385133254817533
3,-0.25,692,-0.4538513325672322
3,-0.25,693,-0.4538513325857495
3,-0.25,694,-0.45385133260374255
3,-0.25,695,-0.4538513326212261
3,-0.25,696,-0.4538513326382147
3,-0.25,697,-0.4538513326547223
3,-0.25,698,-0.4538513326707625
3,-0.25,699,-0.4538513326863486
3,-0.25,700,-0.45385133270149336
3,-0.25,701,-0.45385133271620937
3,-0.25,702,-0.45385133273050876
3,-0.25,703,-0.45385133274440326
3,-0.25,704,-0.4538513327579044
3,-0.25,705,-0.45385133277102324
3,-0.25,706,-0.4538513327837707
3,-0.25,707,-0.45385133279615725
3,-0.25,708,-0.45385133280819306
3,-0.25,709,-0.45385133281988815
3,-0.25,710,-0.4538513328312521
3,-0.25,711,-0.4538513328422944
3,-0.25,712,-0.45385133285302404
3,-0.25,713,-0.4538513328634498
3,-0.25,714,-0.4538513328735805
3,-0.25,715,-0.45385133288342433
3,-0.25,716,-0.45385133289298946
3,-0.25,717,-0.4538513329022838
3,-0.25,718,-0.45385133291131496
3,-0.25,719,-0.4538513329200904
3,-0.25,720,-0.4538513329286174
3,-0.25,721,-0.453851332936903
3,-0.25,722,-0.453851332944954
3,-0.25,723,-0.4538513329527771
3,-0.25,724,-0.45385133296037866
3,-0.25,725,-0.45385133296776503
3,-0.25,726,-0.4538513329749423
3,-0.25,727,-0.4538513329819163
3,-0.25,728,-0.45385133298869285
3,-0.25,729,-0.4538513329952776
3,-0.25,730,-0.45385133300167585
3,-0.25,731,-0.453851333007893
3,-0.25,732,-0.4538513330139341
3,-0.25,733,-0.4538513330198041
3,-0.25,734,-0.453851333025508
3,-0.25,735,-0.45385133303105035
3,-0.25,736,-0.45385133303643577
3,-0.25,737,-0.4538513330416688
3,-0.25,738,-0.4538513330467536
3,-0.25,739,-0.45385133305169445
3,-0.25,740,-0.45385133305649544
3,-0.25,741,-0.45385133306116043
3,-0.25,742,-0.4538513330656934
3,-0.25,743,-0.45385133307009806
3,-0.25,744,-0.45385133307437797
3,-0.25,745,-0.4538513330785367
3,-0.25,746,-0.4538513330825777
3,-0.25,747,-0.4538513330865043
3,-0.25,748,-0.4538513330903198
3,-0.25,749,-0.45385133309402714
3,-0.25,750,-0.4538513330976296
3,-0.25,751,-0.45385133310113
3,-0.25,752,-0.45385133310453135
3,-0.25,753,-0.45385133310783643
3,-0.25,754,-0.4538513331110479
3,-0.25,755,-0.4538513331141685
3,-0.25,756,-0.45385133311720066
3,-0.25,757,-0.45385133312014697
3,-0.25,758,-0.45385133312300985
3,-0.25,759,-0.45385133312579173
3,-0.25,760,-0.45385133312849485
3,-0.25,761,-0.4538513331311214
3,-0.25,762,-0.4538513331336736
3,-0.25,763,-0.45385133313615356
3,-0.25,764,-0.4538513331385633
3,-0.25,765,-0.45385133314090476
3,-0.25,766,-0.45385133314317994
3,-0.25,767,-0.4538513331453907
3,-0.25,768,-0.45385133314753895
3,-0.25,769,-0.45385133314962633
3,-0.25,770,-0.45385133315165466
3,-0.25,771,-0.4538513331536255
3,-0.25,772,-0.45385133315554055
3,-0.25,773,-0.4538513331574014
3,-0.25,774,-0.4538513331592095
3,-0.25,775,-0.4538513331609665
3,-0.25,776,-0.4538513331626737
3,-0.25,777,-0.45385133316433257
3,-0.25,778,-0.45385133316594445
3,-0.25,779,-0.45385133316751075
3,-0.25,780,-0.4538513331690327
3,-0.25,781,-0.4538513331705115
3,-0.25,782,-0.4538513331719485
3,-0.25,783,-0.4538513331733448
3,-0.25,784,-0.45385133317470155
3,-0.25,785,-0.4538513331760199
3,-0.25,786,-0.45385133317730086
3,-0.25,787,-0.45385133317854565
3,-0.25,788,-0.4538513331797551
3,-0.25,789,-0.4538513331809304
3,-0.25,790,-0.4538513331820724
3,-0.25,791,-0.45385133318318205
3,-0.25,792,-0.4538513331842603
3,-0.25,793,-0.453851333185308
3,-0.25,794,-0.45385133318632603
3,-0.25,795,-0.45385133318731524
3,-0.25,796,-0.4538513331882764
3,-0.25,797,-0.45385133318921045
3,-0.25,798,-0.453851333190118
3,-0.25,799,-0.45385133319099985
3,-0.25,800,-0.4538513331918568
3,-0.25,801,-0.45385133319268944
3,-0.25,802,-0.4538513331934985
3,-0.25,803,-0.45385133319428467
3,-0.25,804,-0.45385133319504856
3,-0.25,805,-0.45385133319579085
3,-0.25,806,-0.4538513331965121
3,-0.25,807,-0.45385133319721294
3,-0.25,808,-0.4538513331978939
3,-0.25,809,-0.4538513331985556
3,-0.25,810,-0.45385133319919857
3,-0.25,811,-0.45385133319982335
3,-0.25,812,-0.4538513332004304
3,-0.25,813,-0.4538513332010203
3,-0.25,814,-0.4538513332015935
3,-0.25,815,-0.4538513332021505
3,-0.25,816,-0.45385133320269166
3,-0.25,817,-0.4538513332032176
3,-0.25,818,-0.45385133320372856
3,-0.25,819,-0.4538513332042251
3,-0.25,820,-0.45385133320470755
3,-0.25,821,-0.45385133320517634
3,-0.25,822,-0.45385133320563187
3,-0.25,823,-0.45385133320607446
3,-0.25,824,-0.45385133320650456
3,-0.25,825,-0.45385133320692245
3,-0.25,826,-0.45385133320732857
3,-0.25,827,-0.45385133320772314
3,-0.25,828,-0.45385133320810656
3,-0.25,829,-0.4538513332084791
3,-0.25,830,-0.45385133320884113
3,-0.25,831,-0.4538513332091929
3,-0.25,832,-0.45385133320953475
3,-0.25,833,-0.45385133320986687
3,-0.25,834,-0.4538513332101896
3,-0.25,835,-0.4538513332105032
3,-0.25,836,-0.45385133321080795
3,-0.25,837,-0.45385133321110405
3,-0.25,838,-0.4538513332113917
3,-0.25,839,-0.45385133321167126
3,-0.25,840,-0.45385133321194293
3,-0.25,841,-0.4538513332122069
3,-0.25,842,-0.45385133321246335
3,-0.25,843,-0.45385133321271254
3,-0.25,844,-0.45385133321295473
3,-0.25,845,-0.45385133321319
3,-0.25,846,-0.45385133321341864
3,-0.25,847,-0.4538513332136408
3,-0.25,848,-0.4538513332138567
3,-0.25,849,-0.45385133321406645
3,-0.25,850,-0.4538513332142703
3,-0.25,851,-0.45385133321446836
3,-0.25,852,-0.4538513332146608
3,-0.25,853,-0.45385133321484783
3,-0.25,854,-0.4538513332150295
3,-0.25,855,-0.4538513332152061
3,-0.25,856,-0.4538513332153777
3,-0.25,857,-0.4538513332155444
3,-0.25,858,-0.45385133321570637
3,-0.25,859,-0.45385133321586374
3,-0.25,860,-0.4538513332160167
3,-0.25,861,-0.45385133321616533
3,-0.25,862,-0.45385133321630977
3,-0.25,863,-0.4538513332164501
3,-0.25,864,-0.45385133321658644
3,-0.25,865,-0.4538513332167189
3,-0.25,866,-0.4538513332168476
3,-0.25,867,-0.4538513332169727
3,-0.25,868,-0.4538513332170942
3,-0.25,869,-0.45385133321721227
3,-0.25,870,-0.45385133321732707
3,-0.25,871,-0.4538513332174386
3,-0.25,872,-0.45385133321754695
3,-0.25,873,-0.4538513332176522
3,-0.25,874,-0.4538513332177545
3,-0.25,875,-0.4538513332178539
3,-0.25,876,-0.4538513332179505
3,-0.25,877,-0.4538513332180444
3,-0.25,878,-0.4538513332181356
3,-0.25,879,-0.4538513332182242
3,-0.25,880,-0.4538513332183103
3,-0.25,881,-0.453851333218394
3,-0.25,882,-0.45385133321847526
3,-0.25,883,-0.45385133321855425
3,-0.25,884,-0.453851333218631
3,-0.25,885,-0.45385133321870563
3,-0.25,886,-0.45385133321877813
3,-0.25,887,-0.4538513332188485
3,-0.25,888,-0.45385133321891696
3,-0.25,889,-0.45385133321898347
3,-0.25,890,-0.4538513332190481
3,-0.25,891,-0.45385133321911086
3,-0.25,892,-0.45385133321917187
3,-0.25,893,-0.45385133321923116
3,-0.25,894,-0.4538513332192887
3,-0.25,895,-0.4538513332193447
3,-0.25,896,-0.4538513332193991
3,-0.25,897,-0.4538513332194519
3,-0.25,898,-0.4538513332195033
3,-0.25,899,-0.4538513332195532
3,-0.25,900,-0.45385133321960164
3,-0.25,901,-0.4538513332196487
3,-0.25,902,-0.4538513332196945
3,-0.25,903,-0.45385133321973903
3,-0.25,904,-0.45385133321978227
3,-0.25,905,-0.4538513332198243
3,-0.25,906,-0.4538513332198651
3,-0.25,907,-0.45385133321990473
3,-0.25,908,-0.45385133321994325
3,-0.25,909,-0.4538513332199807
3,-0.25,910,-0.4538513332200171
3,-0.25,911,-0.4538513332200524
3,-0.25,912,-0.4538513332200867
3,-0.25,913,-0.4538513332201201
3,-0.25,914,-0.45385133322015253
3,-0.25,915,-0.453851333220184
3,-0.25,916,-0.45385133322021465
3,-0.25,917,-0.4538513332202444
3,-0.25,918,-0.4538513332202733
3,-0.25,919,-0.4538513332203014
3,-0.25,920,-0.45385133322032867
3,-0.25,921,-0.4538513332203552
3,-0.25,922,-0.453851333220381
3,-0.25,923,-0.45385133322040605
3,-0.25,924,-0.45385133322043036
3,-0.25,925,-0.453851333220454
3,-0.25,926,-0.453851333220477
3,-0.25,927,-0.4538513332204993
3,-0.25,928,-0.453851333220521
3,-0.25,929,-0.45385133322054205
3,-0.25,930,-0.45385133322056254
3,-0.25,931,-0.45385133322058246
3,-0.25,932,-0.4538513332206018
3,-0.25,933,-0.4538513332206206
3,-0.25,934,-0.45385133322063886
3,-0.25,935,-0.4538513332206566
3,-0.25,936,-0.45385133322067384
3,-0.25,937,-0.4538513332206906
3,-0.25,938,-0.4538513332207069
3,-0.25,939,-0.45385133322072274
3,-0.25,940,-0.4538513332207381
3,-0.25,941,-0.45385133322075305
3,-0.25,942,-0.45385133322076754
3,-0.25,943,-0.45385133322078164
3,-0.25,944,-0.45385133322079535
3,-0.25,945,-0.4538513332208087
3,-0.25,946,-0.4538513332208216
3,-0.25,947,-0.4538513332208342
3,-0.25,948,-0.4538513332208464
3,-0.25,949,-0.45385133322085824
3,-0.25,950,-0.4538513332208698
3,-0.25,951,-0.453851333220881
3,-0.25,952,-0.4538513332208919
3,-0.25,953,-0.45385133322090243
3,-0.25,954,-0.4538513332209127
3,-0.25,955,-0.4538513332209227
3,-0.25,956,-0.4538513332209324
3,-0.25,957,-0.45385133322094184
3,-0.25,958,-0.453851333220951
3,-0.25,959,-0.4538513332209599
3,-0.25,960,-0.45385133322096854
3,-0.25,961,-0.4538513332209769
3,-0.25,962,-0.45385133322098514
3,-0.25,963,-0.4538513332209931
3,-0.25,964,-0.4538513332210008
3,-0.25,965,-0.4538513332210083
3,-0.25,966,-0.45385133322101556
3,-0.25,967,-0.45385133322102267
3,-0.25,968,-0.45385133322102955
3,-0.25,969,-0.4538513332210362
3,-0.25,970,-0.4538513332210427
3,-0.25,971,-0.453851333221049
3,-0.25,972,-0.45385133322105514
3,-0.25,973,-0.4538513332210611
3,-0.25,974,-0.45385133322106685
3,-0.25,975,-0.4538513332210725
3,-0.25,976,-0.453851333221078
3,-0.25,977,-0.45385133322108334
3,-0.25,978,-0.4538513332210885
3,-0.25,979,-0.4538513332210935
3,-0.25,980,-0.4538513332210984
3,-0.25,981,-0.4538513332211031
3,-0.25,982,-0.4538513332211077
3,-0.25,983,-0.4538513332211122
3,-0.25,984,-0.45385133322111654
3,-0.25,985,-0.45385133322112076
3,-0.25,986,-0.45385133322112486
3,-0.25,987,-0.4538513332211288
3,-0.25,988,-0.4538513332211327
3,-0.25,989,-0.4538513332211364
3,-0.25,990,-0.4538513332211401
3,-0.25,991,-0.4538513332211436
3,-0.25,992,-0.4538513332211471
3,-0.25,993,-0.45385133322115045
3,-0.25,994,-0.4538513332211537
3,-0.25,995,-0.4538513332211569
3,-0.25,996,-0.45385133322116
3,-0.25,997,-0.453851333221163
3,-0.25,998,-0.4538513332211659
3,-0.25,999,-0.4538513332211687
3,-0.25,1000,-0.45385133322117144
3,-0.01,0,-0.01
3,-0.01,1,-0.010291936820197495
3,-0.01,2,-0.010592378808692942
3,-0.01,3,-0.010901572171221695
3,-0.01,4,-0.011219770098249354
3,-0.01,5,-0.011547232950259936
3,-0.01,6,-0.011884228446780004
3,-0.01,7,-0.012231031859099491
3,-0.01,8,-0.012587926206636076
3,-0.01,9,-0.012955202456874157
3,-0.01,10,-0.013333159728792432
3,-0.01,11,-0.013722105499675074
3,-0.01,12,-0.014122355815180588
3,-0.01,13,-0.014534235502519354
3,-0.01,14,-0.01495807838656574
3,-0.01,15,-0.01539422750870292
3,-0.01,16,-0.015843035348167934
3,-0.01,17,-0.016304864045631612
3,-0.01,18,-0.016780085628711357
3,-0.01,19,-0.01726908223907525
3,-0.01,20,-0.017772246360752465
3,-0.01,21,-0.0182899810492179
3,-0.01,22,-0.018822700160767692
3,-0.01,23,-0.01937082858164599
3,-0.01,24,-0.01993480245632323
3,-0.01,25,-0.02051506941426002
3,-0.01,26,-0.02111208879441954
3,-0.01,27,-0.021726331866714205
3,-0.01,28,-0.022358282049488788
3,-0.01,29,-0.023008435122052306
3,-0.01,30,-0.023677299431173714
3,-0.01,31,-0.024365396090351765
3,-0.01,32,-0.025073259170557066
3,-0.01,33,-0.02580143588102345
3,-0.01,34,-0.026550486738536258
3,-0.01,35,-0.02732098572352649
3,-0.01,36,-0.02811352042113166
3,-0.01,37,-0.028928692145226045
3,-0.01,38,-0.029767116043255097
3,-0.01,39,-0.03062942117952968
3,-0.01,40,-0.03151625059444693
3,-0.01,41,-0.03242826133690395
3,-0.01,42,-0.03336612446695987
3,-0.01,43,-0.03433052502557978
3,-0.01,44,-0.03532216196806176
3,-0.01,45,-0.03634174805750564
3,-0.01,46,-0.037390009714429906
3,-0.01,47,-0.038467686818382016
3,-0.01,48,-0.039575532457118576
3,-0.01,49,-0.04071431261865654
3,-0.01,50,-0.041884805821216196
3,-0.01,51,-0.043087802675794304
3,-0.01,52,-0.04432410537582242
3,-0.01,53,-0.04559452710808539
3,-0.01,54,-0.046899891378801385
3,-0.01,55,-0.04824103124850115
3,-0.01,56,-0.0496187884690967
3,-0.01,57,-0.05103401251630244
3,-0.01,58,-0.052487559510371685
3,-0.01,59,-0.05398029101794616
3,-0.01,60,-0.055513072727692805
3,-0.01,61,-0.057086772992329886
3,-0.01,62,-0.05870226122963346
3,-0.01,63,-0.06036040617507617
3,-0.01,64,-0.06206207397889399
3,-0.01,65,-0.0638081261406172
3,-0.01,66,-0.06559941727445127
3,-0.01,67,-0.0674367926993661
3,-0.01,68,-0.06932108584836351
3,-0.01,69,-0.07125311549215646
3,-0.01,70,-0.07323368277342586
3,-0.01,71,-0.07526356804893466
3,-0.01,72,-0.07734352753809143
3,-0.01,73,-0.07947428977807543
3,-0.01,74,-0.08165655188737814
3,-0.01,75,-0.08389097564158743
3,-0.01,76,-0.08617818336744856
3,-0.01,77,-0.08851875366368205
3,-0.01,78,-0.09091321695971921
3,-0.01,79,-0.09336205092642658
3,-0.01,80,-0.09586567575601182
3,-0.01,81,-0.09842444933162071
3,-0.01,82,-0.10103866231061256
3,-0.01,83,-0.10370853314910612
3,-0.01,84,-0.1064342030990709
3,-0.01,85,-0.10921573121294373
3,-0.01,86,-0.11205308939441162
3,-0.01,87,-0.1149461575375434
3,-0.01,88,-0.1178947187997914
3,-0.01,89,-0.12089845505742723
3,-0.01,90,-0.1239569425946265
3,-0.01,91,-0.12706964807957202
3,-0.01,92,-0.13023592488250288
3,-0.01,93,-0.13345500979149272
3,-0.01,94,-0.13672602018180044
3,-0.01,95,-0.1400479516938094
3,-0.01,96,-0.14341967647278345
3,-0.01,97,-0.1468399420208595
3,-0.01,98,-0.15030737070782937
3,-0.01,99,-0.15382045998232474
3,-0.01,100,-0.1573775833190229
3,-0.01,101,-0.16097699193047973
3,-0.01,102,-0.16461681726424915
3,-0.01,103,-0.16829507429716956
3,-0.01,104,-0.17200966562922804
3,-0.01,105,-0.17575838636941887
3,-0.01,106,-0.17953892979568684
3,-0.01,107,-0.18334889376059899
3,-0.01,108,-0.1871857878040491
3,-0.01,109,-0.1910470409242978
3,-0.01,110,-0.19493000994922097
3,-0.01,111,-0.1988319884410039
3,-0.01,112,-0.2027502160598834
3,-0.01,113,-0.20668188830608744
3,-0.01,114,-0.21062416655400462
3,-0.01,115,-0.2145741882889466
3,-0.01,116,-0.21852907745472372
3,-0.01,117,-0.22248595481966826
3,-0.01,118,-0.2264419482697011
3,-0.01,119,-0.23039420293949678
3,-0.01,120,-0.2343398910966649
3,-0.01,121,-0.2382762216990107
3,-0.01,122,-0.24220044955120804
3,-0.01,123,-0.24610988399443826
3,-0.01,124,-0.2500018970705251
3,-0.01,125,-0.25387393111062717
3,-0.01,126,-0.25772350570743185
3,-0.01,127,-0.26154822403883005
3,-0.01,128,-0.2653457785200476
3,-0.01,129,-0.26911395576999786
3,-0.01,130,-0.2728506408860425
3,-0.01,131,-0.27655382102927184
3,-0.01,132,-0.2802215883297362
3,-0.01,133,-0.2838521421276864
3,-0.01,134,-0.2874437905727597
3,-0.01,135,-0.29099495160813554
3,-0.01,136,-0.2945041533709709
3,-0.01,137,-0.29797003404391115
3,-0.01,138,-0.30139134119517885
3,-0.01,139,-0.3047669306467085
3,-0.01,140,-0.30809576491106144
3,-0.01,141,-0.3113769112384824
3,-0.01,142,-0.3146095393155079
3,-0.01,143,-0.3177929186560692
3,-0.01,144,-0.32092641572512104
3,-0.01,145,-0.32400949083353625
3,-0.01,146,-0.3270416948413991
3,-0.01,147,-0.3300226657049746
3,-0.01,148,-0.33295212490057857
3,-0.01,149,-0.33582987375638357
3,-0.01,150,-0.3386557897209137
3,-0.01,151,-0.34142982259465254
3,-0.01,152,-0.3441519907488482
3,-0.01,153,-0.34682237735328364
3,-0.01,154,-0.34944112663251264
3,-0.01,155,-0.3520084401678691
3,-0.01,156,-0.3545245732604515
3,-0.01,157,-0.35698983136828716
3,-0.01,158,-0.3594045666289946
3,-0.01,159,-0.3617691744775006
3,-0.01,160,-0.3640840903667303
3,-0.01,161,-0.3663497865976797
3,-0.01,162,-0.3685667692638965
3,-0.01,163,-0.37073557531413687
3,-0.01,164,-0.37285676973583054
3,-0.01,165,-0.3749309428609641
3,-0.01,166,-0.3769587077950873
3,-0.01,167,-0.3789406979693401
3,-0.01,168,-0.3808775648146973
3,-0.01,169,-0.38276997555701225
3,-0.01,170,-0.38461861113091655
3,-0.01,171,-0.38642416421018266
3,-0.01,172,-0.3881873373517815
3,-0.01,173,-0.38990884125055475
3,-0.01,174,-0.391589393101171
3,-0.01,175,-0.3932297150638363
3,-0.01,176,-0.3948305328300792
3,-0.01,177,-0.39639257428482205
3,-0.01,178,-0.397916568260881
3,-0.01,179,-0.3994032433819979
3,-0.01,180,-0.40085332699050036
3,-0.01,181,-0.4022675441557026
3,-0.01,182,-0.40364661675919616
3,-0.01,183,-0.4049912626532377
3,-0.01,184,-0.406302194888511
3,-0.01,185,-0.40758012100762636
3,-0.01,186,-0.4088257424008141
3,-0.01,187,-0.41003975372037277
3,-0.01,188,-0.41122284235054285
3,-0.01,189,-0.4123756879295907
3,-0.01,190,-0.413498961921007
3,-0.01,191,-0.4145933272308435
3,-0.01,192,-0.41565943786833365
3,-0.01,193,-0.4166979386470655
3,-0.01,194,-0.4177094649240965
3,-0.01,195,-0.41869464237451876
3,-0.01,196,-0.4196540867991034
3,-0.01,197,-0.4205884039627674
3,-0.01,198,-0.42149818946172085
3,-0.01,199,-0.422384028617261
3,-0.01,200,-0.42324649639428863
3,-0.01,201,-0.4240861573427247
3,-0.01,202,-0.42490356556010545
3,-0.01,203,-0.42569926467372976
3,-0.01,204,-0.4264737878408271
3,-0.01,205,-0.4272276577653004
3,-0.01,206,-0.4279613867296854
3,-0.01,207,-0.42867547664104816
3,-0.01,208,-0.4293704190896201
3,-0.01,209,-0.43004669541904367
3,-0.01,210,-0.43070477680717284
3,-0.01,211,-0.43134512435643807
3,-0.01,212,-0.4319681891928502
3,-0.01,213,-0.4325744125727766
3,-0.01,214,-0.43316422599668186
3,-0.01,215,-0.4337380513290761
3,-0.01,216,-0.4342963009239689
3,-0.01,217,-0.43483937775517184
3,-0.01,218,-0.4353676755508394
3,-0.01,219,-0.4358815789316815
3,-0.01,220,-0.43638146355232027
3,-0.01,221,-0.43686769624530236
3,-0.01,222,-0.43734063516731375
3,-0.01,223,-0.43780062994717794
3,-0.01,224,-0.43824802183524997
3,-0.01,225,-0.4386831438538481
3,-0.01,226,-0.43910632094839397
3,-0.01,227,-0.4395178701389567
3,-0.01,228,-0.43991810067192266
3,-0.01,229,-0.4403073141715338
3,-0.01,230,-0.44068580479106123
3,-0.01,231,-0.4410538593633981
3,-0.01,232,-0.4414117575508773
3,-0.01,233,-0.4417597719941358
3,-0.01,234,-0.44209816845986327
3,-0.01,235,-0.4424272059872895
3,-0.01,236,-0.4427471370332788
3,-0.01,237,-0.44305820761591175
3,-0.01,238,-0.44336065745644926
3,-0.01,239,-0.44365472011958335
3,-0.01,240,-0.4439406231518915
3,-0.01,241,-0.44421858821841986
3,-0.01,242,-0.44448883123733124
3,-0.01,243,-0.4447515625125614
3,-0.01,244,-0.44500698686443607
3,-0.01,245,-0.44525530375820677
3,-0.01,246,-0.4454967074304731
3,-0.01,247,-0.4457313870134626
3,-0.01,248,-0.4459595266571471
3,-0.01,249,-0.44618130564917846
3,-0.01,250,-0.446396898532633
3,-0.01,251,-0.4466064752215572
3,-0.01,252,-0.4468102011143118
3,-0.01,253,-0.4470082372047154
3,-0.01,254,-0.4472007401909926
3,-0.01,255,-0.4473878625825335
3,-0.01,256,-0.44756975280447603
3,-0.01,257,-0.4477465553001241
3,-0.01,258,-0.44791841063121707
3,-0.01,259,-0.4480854555760688
3,-0.01,260,-0.4482478232255959
3,-0.01,261,-0.44840564307725683
3,-0.01,262,-0.4485590411269249
3,-0.01,263,-0.4487081399587205
3,-0.01,264,-0.44885305883282706
3,-0.01,265,-0.4489939137713191
3,-0.01,266,-0.44913081764202933
3,-0.01,267,-0.44926388024048414
3,-0.01,268,-0.4493932083699364
3,-0.01,269,-0.44951890591952637
3,-0.01,270,-0.44964107394060066
3,-0.01,271,-0.4497598107212206
3,-0.01,272,-0.4498752118588913
3,-0.01,273,-0.4499873703315429
3,-0.01,274,-0.45009637656679624
3,-0.01,275,-0.45020231850954406
3,-0.01,276,-0.45030528168788014
3,-0.01,277,-0.4504053492774088
3,-0.01,278,-0.45050260216396526
3,-0.01,279,-0.4505971190047806
3,-0.01,280,-0.4506889762881207
3,-0.01,281,-0.45077824839143266
3,-0.01,282,-0.4508650076380286
3,-0.01,283,-0.45094932435233825
3,-0.01,284,-0.45103126691376116
3,-0.01,285,-0.45111090180914865
3,-0.01,286,-0.45118829368394564
3,-0.01,287,-0.4512635053920221
3,-0.01,288,-0.4513365980442234
3,-0.01,289,-0.45140763105566833
3,-0.01,290,-0.45147666219182403
3,-0.01,291,-0.45154374761338467
3,-0.01,292,-0.45160894191998263
3,-0.01,293,-0.45167229819275945
3,-0.01,294,-0.45173386803582244
3,-0.01,295,-0.4517937016166143
3,-0.01,296,-0.4518518477052211
3,-0.01,297,-0.4519083537126443
3,-0.01,298,-0.4519632657280619
3,-0.01,299,-0.45201662855510255
3,-0.01,300,-0.45206848574715813
3,-0.01,301,-0.4521188796417567
3,-0.01,302,-0.45216785139402016
3,-0.01,303,-0.45221544100922906
3,-0.01,304,-0.4522616873745163
3,-0.01,305,-0.45230662828971185
3,-0.01,306,-0.45235030049736047
3,-0.01,307,-0.4523927397119316
3,-0.01,308,-0.45243398064824375
3,-0.01,309,-0.4524740570491218
3,-0.01,310,-0.45251300171230807
3,-0.01,311,-0.4525508465166451
3,-0.01,312,-0.45258762244754963
3,-0.01,313,-0.45262335962179556
3,-0.01,314,-0.45265808731162444
3,-0.01,315,-0.45269183396819973
3,-0.01,316,-0.4527246272444233
3,-0.01,317,-0.4527564940171295
3,-0.01,318,-0.4527874604086738
3,-0.01,319,-0.45281755180793215
3,-0.01,320,-0.4528467928907253
3,-0.01,321,-0.45287520763968475
3,-0.01,322,-0.4529028193635738
3,-0.01,323,-0.45292965071607894
3,-0.01,324,-0.45295572371408527
3,-0.01,325,-0.45298105975544967
3,-0.01,326,-0.4530056796362851
3,-0.01,327,-0.4530296035677689
3,-0.01,328,-0.45305285119248856
3,-0.01,329,-0.45307544160033614
3,-0.01,330,-0.4530973933439644
3,-0.01,331,-0.4531187244538162
3,-0.01,332,-0.45313945245273785
3,-0.01,333,-0.4531595943701895
3,-0.01,334,-0.453179166756061
3,-0.01,335,-0.4531981856941059
3,-0.01,336,-0.45321666681500306
3,-0.01,337,-0.4532346253090555
3,-0.01,338,-0.45325207593853806
3,-0.01,339,-0.4532690330497009
3,-0.01,340,-0.45328551058444044
3,-0.01,341,-0.4533015220916457
3,-0.01,342,-0.4533170807382291
3,-0.01,343,-0.4533321993198499
3,-0.01,344,-0.45334689027134006
3,-0.01,345,-0.45336116567683876
3,-0.01,346,-0.45337503727964507
3,-0.01,347,-0.45338851649179573
3,-0.01,348,-0.453401614403376
3,-0.01,349,-0.4534143417915704
3,-0.01,350,-0.45342670912946104
3,-0.01,351,-0.45343872659458
3,-0.01,352,-0.45345040407722337
3,-0.01,353,-0.45346175118853205
3,-0.01,354,-0.4534727772683472
3,-0.01,355,-0.453483491392846
3,-0.01,356,-0.45349390238196335
3,-0.01,357,-0.45350401880660646
3,-0.01,358,-0.4535138489956668
3,-0.01,359,-0.45352340104283617
3,-0.01,360,-0.45353268281323134
3,-0.01,361,-0.4535417019498337
3,-0.01,362,-0.4535504658797476
3,-0.01,363,-0.45355898182028404
3,-0.01,364,-0.4535672567848729
3,-0.01,365,-0.4535752975888099
3,-0.01,366,-0.4535831108548419
3,-0.01,367,-0.45359070301859583
3,-0.01,368,-0.45359808033385485
3,-0.01,369,-0.45360524887768616
3,-0.01,370,-0.4536122145554255
3,-0.01,371,-0.45361898310552073
3,-0.01,372,-0.45362556010424
3,-0.01,373,-0.4536319509702471
3,-0.01,374,-0.4536381609690484
3,-0.01,375,-0.4536441952173147
3,-0.01,376,-0.45365005868708147
3,-0.01,377,-0.4536557562098311
3,-0.01,378,-0.45366129248045994
3,-0.01,379,-0.4536666720611342
3,-0.01,380,-0.4536718993850368
3,-0.01,381,-0.4536769787600092
3,-0.01,382,-0.4536819143720902
3,-0.01,383,-0.4536867102889557
3,-0.01,384,-0.453691370463261
3,-0.01,385,-0.4536958987358894
3,-0.01,386,-0.45370029883910884
3,-0.01,387,-0.45370457439963996
3,-0.01,388,-0.45370872894163766
3,-0.01,389,-0.4537127658895883
3,-0.01,390,-0.4537166885711258
3,-0.01,391,-0.4537205002197677
3,-0.01,392,-0.45372420397757446
3,-0.01,393,-0.45372780289773407
3,-0.01,394,-0.4537312999470728
3,-0.01,395,-0.4537346980084962
3,-0.01,396,-0.45373799988336067
3,-0.01,397,-0.4537412082937782
3,-0.01,398,-0.4537443258848561
3,-0.01,399,-0.4537473552268737
3,-0.01,400,-0.4537502988173973
3,-0.01,401,-0.45375315908333586
3,-0.01,402,-0.4537559383829381
3,-0.01,403,-0.4537586390077339
3,-0.01,404,-0.4537612631844203
3,-0.01,405,-0.4537638130766945
3,-0.01,406,-0.4537662907870354
3,-0.01,407,-0.45376869835843425
3,-0.01,408,-0.4537710377760768
3,-0.01,409,-0.45377331096897794
3,-0.01,410,-0.45377551981157005
3,-0.01,411,-0.45377766612524656
3,-0.01,412,-0.45377975167986184
3,-0.01,413,-0.4537817781951889
3,-0.01,414,-0.4537837473423357
3,-0.01,415,-0.45378566074512144
3,-0.01,416,-0.4537875199814142
3,-0.01,417,-0.4537893265844306
3,-0.01,418,-0.4537910820439988
3,-0.01,419,-0.4537927878077856
3,-0.01,420,-0.4537944452824893
3,-0.01,421,-0.4537960558349985
3,-0.01,422,-0.4537976207935181
3,-0.01,423,-0.45379914144866373
3,-0.01,424,-0.45380061905452534
3,-0.01,425,-0.4538020548297001
3,-0.01,426,-0.4538034499582969
3,-0.01,427,-0.45380480559091174
3,-0.01,428,-0.45380612284557614
3,-0.01,429,-0.4538074028086783
3,-0.01,430,-0.45380864653585856
3,-0.01,431,-0.4538098550528792
3,-0.01,432,-0.45381102935646983
3,-0.01,433,-0.45381217041514904
3,-0.01,434,-0.45381327917002234
3,-0.01,435,-0.45381435653555824
3,-0.01,436,-0.45381540340034154
3,-0.01,437,-0.453816420627806
3,-0.01,438,-0.4538174090569461
3,-0.01,439,-0.45381836950300836
3,-0.01,440,-0.45381930275816357
3,-0.01,441,-0.45382020959215974
3,-0.01,442,-0.4538210907529565
3,-0.01,443,-0.453821946967342
3,-0.01,444,-0.45382277894153183
3,-0.01,445,-0.45382358736175116
3,-0.01,446,-0.45382437289480065
3,-0.01,447,-0.4538251361886061
3,-0.01,448,-0.4538258778727525
3,-0.01,449,-0.45382659855900354
3,-0.01,450,-0.4538272988418053
3,-0.01,451,-0.45382797929877694
3,-0.01,452,-0.45382864049118665
3,-0.01,453,-0.4538292829644146
3,-0.01,454,-0.45382990724840244
3,-0.01,455,-0.45383051385809037
3,-0.01,456,-0.45383110329384163
3,-0.01,457,-0.45383167604185526
3,-0.01,458,-0.45383223257456684
3,-0.01,459,-0.4538327733510381
3,-0.01,460,-0.4538332988173354
3,-0.01,461,-0.4538338094068977
3,-0.01,462,-0.4538343055408939
3,-0.01,463,-0.45383478762857
3,-0.01,464,-0.4538352560675868
3,-0.01,465,-0.4538357112443478
3,-0.01,466,-0.4538361535343177
3,-0.01,467,-0.4538365833023322
3,-0.01,468,-0.4538370009028986
3,-0.01,469,-0.4538374066804885
3,-0.01,470,-0.4538378009698217
3,-0.01,471,-0.45383818409614207
3,-0.01,472,-0.45383855637548615
3,-0.01,473,-0.45383891811494353
3,-0.01,474,-0.45383926961291016
3,-0.01,475,-0.45383961115933447
3,-0.01,476,-0.45383994303595643
3,-0.01,477,-0.45384026551654005
3,-0.01,478,-0.45384057886709894
3,-0.01,479,-0.45384088334611594
3,-0.01,480,-0.4538411792047562
3,-0.01,481,-0.45384146668707415
3,-0.01,482,-0.4538417460302152
3,-0.01,483,-0.453842017464611
3,-0.01,484,-0.45384228121416953
3,-0.01,485,-0.4538425374964599
3,-0.01,486,-0.4538427865228917
3,-0.01,487,-0.4538430284988893
3,-0.01,488,-0.4538432636240616
3,-0.01,489,-0.4538434920923661
3,-0.01,490,-0.4538437140922695
3,-0.01,491,-0.4538439298069027
3,-0.01,492,-0.4538441394142122
3,-0.01,493,-0.45384434308710647
3,-0.01,494,-0.4538445409935989
3,-0.01,495,-0.45384473329694613
3,-0.01,496,-0.45384492015578304
3,-0.01,497,-0.4538451017242532
3,-0.01,498,-0.45384527815213627
3,-0.01,499,-0.45384544958497164
3,-0.01,500,-0.453845616164178
3,-0.01,501,-0.45384577802717063
3,-0.01,502,-0.45384593530747414
3,-0.01,503,-0.453846088134833
3,-0.01,504,-0.4538462366353185
3,-0.01,505,-0.4538463809314326
3,-0.01,506,-0.4538465211422091
3,-0.01,507,-0.4538466573833118
3,-0.01,508,-0.4538467897671299
3,-0.01,509,-0.45384691840287056
3,-0.01,510,-0.45384704339664933
3,-0.01,511,-0.45384716485157733
3,-0.01,512,-0.4538472828678466
3,-0.01,513,-0.4538473975428123
3,-0.01,514,-0.45384750897107357
3,-0.01,515,-0.45384761724455125
3,-0.01,516,-0.45384772245256366
3,-0.01,517,-0.45384782468190044
3,-0.01,518,-0.45384792401689406
3,-0.01,519,-0.45384802053948936
3,-0.01,520,-0.4538481143293112
3,-0.01,521,-0.45384820546373017
3,-0.01,522,-0.4538482940179263
3,-0.01,523,-0.4538483800649512
3,-0.01,524,-0.4538484636757881
3,-0.01,525,-0.4538485449194108
3,-0.01,526,-0.4538486238628402
3,-0.01,527,-0.45384870057119964
3,-0.01,528,-0.45384877510776883
3,-0.01,529,-0.45384884753403587
3,-0.01,530,-0.45384891790974796
3,-0.01,531,-0.45384898629296083
3,-0.01,532,-0.45384905274008647
3,-0.01,533,-0.45384911730593974
3,-0.01,534,-0.4538491800437837
3,-0.01,535,-0.45384924100537327
3,-0.01,536,-0.4538493002409981
3,-0.01,537,-0.45384935779952423
3,-0.01,538,-0.4538494137284339
3,-0.01,539,-0.45384946807386534
3,-0.01,540,-0.4538495208806503
3,-0.01,541,-0.45384957219235134
3,-0.01,542,-0.45384962205129764
3,-0.01,543,-0.45384967049861996
3,-0.01,544,-0.45384971757428455
3,-0.01,545,-0.4538497633171262
3,-0.01,546,-0.4538498077648801
3,-0.01,547,-0.4538498509542132
3,-0.01,548,-0.4538498929207543
3,-0.01,549,-0.4538499336991233
3,-0.01,550,-0.4538499733229601
3,-0.01,551,-0.45385001182495227
3,-0.01,552,-0.4538500492368618
3,-0.01,553,-0.4538500855895513
3,-0.01,554,-0.45385012091300986
3,-0.01,555,-0.4538501552363773
3,-0.01,556,-0.4538501885879686
3,-0.01,557,-0.453850220995297
3,-0.01,558,-0.45385025248509664
3,-0.01,559,-0.453850283083345
3,-0.01,560,-0.453850312815284
3,-0.01,561,-0.4538503417054408
3,-0.01,562,-0.4538503697776483
3,-0.01,563,-0.4538503970550645
3,-0.01,564,-0.45385042356019184
3,-0.01,565,-0.45385044931489554
3,-0.01,566,-0.4538504743404219
3,-0.01,567,-0.4538504986574157
3,-0.01,568,-0.45385052228593714
3,-0.01,569,-0.45385054524547846
3,-0.01,570,-0.4538505675549801
3,-0.01,571,-0.45385058923284616
3,-0.01,572,-0.4538506102969598
3,-0.01,573,-0.4538506307646978
3,-0.01,574,-0.4538506506529449
3,-0.01,575,-0.4538506699781079
3,-0.01,576,-0.45385068875612905
3,-0.01,577,-0.4538507070024992
3,-0.01,578,-0.45385072473227067
3,-0.01,579,-0.45385074196006964
3,-0.01,580,-0.4538507587001081
3,-0.01,581,-0.45385077496619575
3,-0.01,582,-0.4538507907717512
3,-0.01,583,-0.4538508061298133
3,-0.01,584,-0.4538508210530516
3,-0.01,585,-0.4538508355537769
3,-0.01,586,-0.4538508496439517
3,-0.01,587,-0.4538508633351997
3,-0.01,588,-0.45385087663881535
3,-0.01,589,-0.45385088956577346
3,-0.01,590,-0.4538509021267382
3,-0.01,591,-0.4538509143320716
3,-0.01,592,-0.4538509261918425
3,-0.01,593,-0.45385093771583457
3,-0.01,594,-0.45385094891355454
3,-0.01,595,-0.45385095979424
3,-0.01,596,-0.4538509703668669
3,-0.01,597,-0.4538509806401571
3,-0.01,598,-0.4538509906225856
3,-0.01,599,-0.45385100032238734
3,-0.01,600,-0.45385100974756426
3,-0.01,601,-0.4538510189058915
3,-0.01,602,-0.45385102780492437
3,-0.01,603,-0.453851036452004
3,-0.01,604,-0.4538510448542638
3,-0.01,605,-0.45385105301863526
3,-0.01,606,-0.45385106095185357
3,-0.01,607,-0.4538510686604632
3,-0.01,608,-0.45385107615082343
3,-0.01,609,-0.45385108342911334
3,-0.01,610,-0.4538510905013372
3,-0.01,611,-0.4538510973733293
3,-0.01,612,-0.45385110405075857
3,-0.01,613,-0.45385111053913363
3,-0.01,614,-0.45385111684380697
3,-0.01,615,-0.4538511229699797
3,-0.01,616,-0.4538511289227056
3,-0.01,617,-0.45385113470689536
3,-0.01,618,-0.45385114032732066
3,-0.01,619,-0.45385114578861807
3,-0.01,620,-0.4538511510952929
3,-0.01,621,-0.4538511562517228
3,-0.01,622,-0.45385116126216163
3,-0.01,623,-0.4538511661307428
3,-0.01,624,-0.4538511708614826
3,-0.01,625,-0.4538511754582836
3,-0.01,626,-0.453851179924938
3,-0.01,627,-0.45385118426513055
3,-0.01,628,-0.4538511884824417
3,-0.01,629,-0.4538511925803505
3,-0.01,630,-0.45385119656223755
3,-0.01,631,-0.45385120043138766
3,-0.01,632,-0.4538512041909928
3,-0.01,633,-0.4538512078441543
3,-0.01,634,-0.4538512113938859
3,-0.01,635,-0.45385121484311597
3,-0.01,636,-0.45385121819469
3,-0.01,637,-0.45385122145137274
3,-0.01,638,-0.45385122461585087
3,-0.01,639,-0.45385122769073494
3,-0.01,640,-0.45385123067856153
3,-0.01,641,-0.45385123358179547
3,-0.01,642,-0.4538512364028318
3,-0.01,643,-0.4538512391439977
3,-0.01,644,-0.45385124180755454
3,-0.01,645,-0.4538512443956996
3,-0.01,646,-0.453851246910568
3,-0.01,647,-0.4538512493542343
3,-0.01,648,-0.4538512517287145
3,-0.01,649,-0.4538512540359673
3,-0.01,650,-0.45385125627789624
3,-0.01,651,-0.45385125845635066
3,-0.01,652,-0.4538512605731277
3,-0.01,653,-0.45385126262997366
3,-0.01,654,-0.4538512646285853
3,-0.01,655,-0.4538512665706114
3,-0.01,656,-0.453851268457654
3,-0.01,657,-0.4538512702912698
3,-0.01,658,-0.4538512720729715
3,-0.01,659,-0.45385127380422885
3,-0.01,660,-0.4538512754864701
3,-0.01,661,-0.453851277121083
3,-0.01,662,-0.453851278709416
3,-0.01,663,-0.45385128025277943
3,-0.01,664,-0.4538512817524465
3,-0.01,665,-0.45385128320965434
3,-0.01,666,-0.45385128462560503
3,-0.01,667,-0.4538512860014667
3,-0.01,668,-0.4538512873383744
3,-0.01,669,-0.45385128863743096
3,-0.01,670,-0.4538512898997081
3,-0.01,671,-0.45385129112624706
3,-0.01,672,-0.45385129231805976
3,-0.01,673,-0.4538512934761293
3,-0.01,674,-0.45385129460141105
3,-0.01,675,-0.45385129569483335
3,-0.01,676,-0.4538512967572982
3,-0.01,677,-0.4538512977896821
3,-0.01,678,-0.45385129879283664
3,-0.01,679,-0.4538512997675895
3,-0.01,680,-0.45385130071474467
3,-0.01,681,-0.4538513016350836
3,-0.01,682,-0.45385130252936545
3,-0.01,683,-0.453851303398328
3,-0.01,684,-0.45385130424268816
3,-0.01,685,-0.4538513050631424
3,-0.01,686,-0.4538513058603676
3,-0.01,687,-0.4538513066350214
3,-0.01,688,-0.4538513073877428
3,-0.01,689,-0.45385130811915286
3,-0.01,690,-0.4538513088298549
3,-0.01,691,-0.45385130952043523
3,-0.01,692,-0.4538513101914636
3,-0.01,693,-0.45385131084349345
3,-0.01,694,-0.45385131147706276
3,-0.01,695,-0.4538513120926942
3,-0.01,696,-0.4538513126908956
3,-0.01,697,-0.4538513132721605
3,-0.01,698,-0.4538513138369683
3,-0.01,699,-0.4538513143857851
3,-0.01,700,-0.4538513149190635
3,-0.01,701,-0.4538513154372435
3,-0.01,702,-0.45385131594075256
3,-0.01,703,-0.45385131643000604
3,-0.01,704,-0.4538513169054076
3,-0.01,705,-0.45385131736734935
3,-0.01,706,-0.4538513178162124
3,-0.01,707,-0.4538513182523671
3,-0.01,708,-0.4538513186761731
3,-0.01,709,-0.45385131908798015
3,-0.01,710,-0.45385131948812796
3,-0.01,711,-0.4538513198769466
3,-0.01,712,-0.45385132025475683
3,-0.01,713,-0.4538513206218704
3,-0.01,714,-0.45385132097859004
3,-0.01,715,-0.4538513213252101
3,-0.01,716,-0.45385132166201647
3,-0.01,717,-0.453851321989287
3,-0.01,718,-0.45385132230729175
3,-0.01,719,-0.45385132261629296
3,-0.01,720,-0.4538513229165456
3,-0.01,721,-0.45385132320829735
3,-0.01,722,-0.4538513234917889
3,-0.01,723,-0.4538513237672541
3,-0.01,724,-0.45385132403492023
3,-0.01,725,-0.4538513242950081
3,-0.01,726,-0.45385132454773225
3,-0.01,727,-0.45385132479330115
3,-0.01,728,-0.4538513250319174
3,-0.01,729,-0.4538513252637778
3,-0.01,730,-0.45385132548907375
3,-0.01,731,-0.45385132570799097
3,-0.01,732,-0.4538513259207101
3,-0.01,733,-0.45385132612740664
3,-0.01,734,-0.4538513263282511
3,-0.01,735,-0.45385132652340915
3,-0.01,736,-0.4538513267130418
3,-0.01,737,-0.4538513268973055
3,-0.01,738,-0.4538513270763523
3,-0.01,739,-0.4538513272503298
3,-0.01,740,-0.45385132741938156
3,-0.01,741,-0.45385132758364705
3,-0.01,742,-0.45385132774326176
3,-0.01,743,-0.4538513278983574
3,-0.01,744,-0.4538513280490619
3,-0.01,745,-0.45385132819549967
3,-0.01,746,-0.45385132833779135
3,-0.01,747,-0.4538513284760544
3,-0.01,748,-0.45385132861040295
3,-0.01,749,-0.45385132874094775
3,-0.01,750,-0.45385132886779644
3,-0.01,751,-0.4538513289910538
3,-0.01,752,-0.45385132911082143
3,-0.01,753,-0.4538513292271982
3,-0.01,754,-0.45385132934028
3,-0.01,755,-0.45385132945016016
3,-0.01,756,-0.45385132955692936
3,-0.01,757,-0.45385132966067565
3,-0.01,758,-0.4538513297614846
3,-0.01,759,-0.45385132985943943
3,-0.01,760,-0.45385132995462096
3,-0.01,761,-0.45385133004710765
3,-0.01,762,-0.4538513301369758
3,-0.01,763,-0.4538513302242996
3,-0.01,764,-0.45385133030915104
3,-0.01,765,-0.4538513303916001
3,-0.01,766,-0.45385133047171483
3,-0.01,767,-0.45385133054956134
3,-0.01,768,-0.45385133062520383
3,-0.01,769,-0.45385133069870465
3,-0.01,770,-0.4538513307701245
3,-0.01,771,-0.4538513308395223
3,-0.01,772,-0.45385133090695523
3,-0.01,773,-0.453851330972479
3,-0.01,774,-0.45385133103614766
3,-0.01,775,-0.4538513310980137
3,-0.01,776,-0.45385133115812815
3,-0.01,777,-0.45385133121654064
3,-0.01,778,-0.4538513312732993
3,-0.01,779,-0.453851331328451
3,-0.01,780,-0.45385133138204126
3,-0.01,781,-0.4538513314341142
3,-0.01,782,-0.45385133148471285
3,-0.01,783,-0.45385133153387885
3,-0.01,784,-0.4538513315816529
3,-0.01,785,-0.4538513316280744
3,-0.01,786,-0.45385133167318154
3,-0.01,787,-0.4538513317170116
3,-0.01,788,-0.4538513317596007
3,-0.01,789,-0.45385133180098397
3,-0.01,790,-0.45385133184119564
3,-0.01,791,-0.45385133188026877
3,-0.01,792,-0.4538513319182357
3,-0.01,793,-0.45385133195512767
3,-0.01,794,-0.4538513319909751
3,-0.01,795,-0.45385133202580763
3,-0.01,796,-0.453851332059654
3,-0.01,797,-0.453851332092542
3,-0.01,798,-0.45385133212449896
3,-0.01,799,-0.45385133215555107
3,-0.01,800,-0.45385133218572404
3,-0.01,801,-0.45385133221504276
3,-0.01,802,-0.4538513322435314
3,-0.01,803,-0.45385133227121344
3,-0.01,804,-0.45385133229811175
3,-0.01,805,-0.4538513323242485
3,-0.01,806,-0.45385133234964525
3,-0.01,807,-0.45385133237432296
3,-0.01,808,-0.453851332398302
3,-0.01,809,-0.4538513324216021
3,-0.01,810,-0.45385133244424253
3,-0.01,811,-0.45385133246624193
3,-0.01,812,-0.4538513324876185
3,-0.01,813,-0.4538513325083898
3,-0.01,814,-0.45385133252857307
3,-0.01,815,-0.4538513325481849
3,-0.01,816,-0.4538513325672414
3,-0.01,817,-0.45385133258575844
3,-0.01,818,-0.4538513326037512
3,-0.01,819,-0.45385133262123456
3,-0.01,820,-0.4538513326382229
3,-0.01,821,-0.45385133265473027
3,-0.01,822,-0.45385133267077027
3,-0.01,823,-0.45385133268635613
3,-0.01,824,-0.4538513327015007
3,-0.01,825,-0.45385133271621647
3,-0.01,826,-0.4538513327305157
3,-0.01,827,-0.45385133274441003
3,-0.01,828,-0.45385133275791095
3,-0.01,829,-0.4538513327710296
3,-0.01,830,-0.4538513327837769
3,-0.01,831,-0.4538513327961633
3,-0.01,832,-0.453851332808199
3,-0.01,833,-0.4538513328198939
3,-0.01,834,-0.4538513328312577
3,-0.01,835,-0.45385133284229984
3,-0.01,836,-0.4538513328530293
3,-0.01,837,-0.45385133286345497
3,-0.01,838,-0.4538513328735855
3,-0.01,839,-0.45385133288342916
3,-0.01,840,-0.4538513328929942
3,-0.01,841,-0.4538513329022883
3,-0.01,842,-0.45385133291131935
3,-0.01,843,-0.45385133292009466
3,-0.01,844,-0.4538513329286215
3,-0.01,845,-0.453851332936907
3,-0.01,846,-0.4538513329449579
3,-0.01,847,-0.45385133295278085
3,-0.01,848,-0.45385133296038227
3,-0.01,849,-0.45385133296776853
3,-0.01,850,-0.4538513329749457
3,-0.01,851,-0.4538513329819196
3,-0.01,852,-0.45385133298869607
3,-0.01,853,-0.4538513329952807
3,-0.01,854,-0.4538513330016789
3,-0.01,855,-0.45385133300789593
3,-0.01,856,-0.45385133301393693
3,-0.01,857,-0.4538513330198069
3,-0.01,858,-0.45385133302551073
3,-0.01,859,-0.453851333031053
3,-0.01,860,-0.45385133303643843
3,-0.01,861,-0.45385133304167136
3,-0.01,862,-0.4538513330467561
3,-0.01,863,-0.4538513330516969
3,-0.01,864,-0.45385133305649783
3,-0.01,865,-0.45385133306116276
3,-0.01,866,-0.4538513330656957
3,-0.01,867,-0.4538513330701003
3,-0.01,868,-0.45385133307438014
3,-0.01,869,-0.4538513330785388
3,-0.01,870,-0.4538513330825798
3,-0.01,871,-0.4538513330865063
3,-0.01,872,-0.45385133309032166
3,-0.01,873,-0.45385133309402903
3,-0.01,874,-0.45385133309763137
3,-0.01,875,-0.4538513331011318
3,-0.01,876,-0.4538513331045331
3,-0.01,877,-0.45385133310783804
3,-0.01,878,-0.4538513331110494
3,-0.01,879,-0.4538513331141699
3,-0.01,880,-0.45385133311720205
3,-0.01,881,-0.45385133312014836
3,-0.01,882,-0.45385133312301124
3,-0.01,883,-0.453851333125793
3,-0.01,884,-0.45385133312849607
3,-0.01,885,-0.4538513331311226
3,-0.01,886,-0.4538513331336747
3,-0.01,887,-0.45385133313615467
3,-0.01,888,-0.4538513331385644
3,-0.01,889,-0.45385133314090587
3,-0.01,890,-0.45385133314318105
3,-0.01,891,-0.45385133314539183
3,-0.01,892,-0.45385133314754
3,-0.01,893,-0.45385133314962733
3,-0.01,894,-0.4538513331516556
3,-0.01,895,-0.45385133315362647
3,-0.01,896,-0.4538513331555415
3,-0.01,897,-0.45385133315740234
3,-0.01,898,-0.4538513331592105
3,-0.01,899,-0.45385133316096743
3,-0.01,900,-0.45385133316267456
3,-0.01,901,-0.4538513331643334
3,-0.01,902,-0.45385133316594534
3,-0.01,903,-0.4538513331675116
3,-0.01,904,-0.4538513331690335
3,-0.01,905,-0.4538513331705123
3,-0.01,906,-0.45385133317194926
3,-0.01,907,-0.45385133317334553
3,-0.01,908,-0.4538513331747023
3,-0.01,909,-0.45385133317602055
3,-0.01,910,-0.4538513331773016
3,-0.01,911,-0.4538513331785463
3,-0.01,912,-0.4538513331797558
3,-0.01,913,-0.453851333180931
3,-0.01,914,-0.453851333182073
3,-0.01,915,-0.4538513331831826
3,-0.01,916,-0.45385133318426085
3,-0.01,917,-0.45385133318530857
3,-0.01,918,-0.4538513331863266
3,-0.01,919,-0.4538513331873158
3,-0.01,920,-0.453851333188277
3,-0.01,921,-0.45385133318921095
3,-0.01,922,-0.4538513331901185
3,-0.01,923,-0.45385133319100035
3,-0.01,924,-0.4538513331918572
3,-0.01,925,-0.45385133319268983
3,-0.01,926,-0.45385133319349885
3,-0.01,927,-0.453851333194285
3,-0.01,928,-0.4538513331950489
3,-0.01,929,-0.4538513331957912
3,-0.01,930,-0.45385133319651244
3,-0.01,931,-0.45385133319721327
3,-0.01,932,-0.4538513331978942
3,-0.01,933,-0.4538513331985559
3,-0.01,934,-0.4538513331991989
3,-0.01,935,-0.4538513331998237
3,-0.01,936,-0.45385133320043075
3,-0.01,937,-0.4538513332010206
3,-0.01,938,-0.4538513332015938
3,-0.01,939,-0.45385133320215076
3,-0.01,940,-0.45385133320269194
3,-0.01,941,-0.4538513332032178
3,-0.01,942,-0.4538513332037288
3,-0.01,943,-0.45385133320422527
3,-0.01,944,-0.4538513332047077
3,-0.01,945,-0.4538513332051765
3,-0.01,946,-0.453851333205632
3,-0.01,947,-0.45385133320607457
3,-0.01,948,-0.45385133320650467
3,-0.01,949,-0.45385133320692256
3,-0.01,950,-0.4538513332073287
3,-0.01,951,-0.45385133320772325
3,-0.01,952,-0.45385133320810667
3,-0.01,953,-0.4538513332084792
3,-0.01,954,-0.45385133320884125
3,-0.01,955,-0.453851333209193
3,-0.01,956,-0.45385133320953486
3,-0.01,957,-0.453851333209867
3,-0.01,958,-0.4538513332101897
3,-0.01,959,-0.4538513332105033
3,-0.01,960,-0.45385133321080806
3,-0.01,961,-0.45385133321110416
3,-0.01,962,-0.4538513332113918
3,-0.01,963,-0.45385133321167137
3,-0.01,964,-0.453851333211943
3,-0.01,965,-0.45385133321220694
3,-0.01,966,-0.4538513332124634
3,-0.01,967,-0.4538513332127126
3,-0.01,968,-0.4538513332129548
3,-0.01,969,-0.45385133321319004
3,-0.01,970,-0.4538513332134187
3,-0.01,971,-0.4538513332136409
3,-0.01,972,-0.45385133321385673
3,-0.01,973,-0.4538513332140665
3,-0.01,974,-0.45385133321427035
3,-0.01,975,-0.45385133321446836
3,-0.01,976,-0.4538513332146608
3,-0.01,977,-0.45385133321484783
3,-0.01,978,-0.4538513332150295
3,-0.01,979,-0.4538513332152061
3,-0.01,980,-0.4538513332153777
3,-0.01,981,-0.4538513332155444
3,-0.01,982,-0.45385133321570637
3,-0.01,983,-0.45385133321586374
3,-0.01,984,-0.4538513332160167
3,-0.01,985,-0.45385133321616533
3,-0.01,986,-0.45385133321630977
3,-0.01,987,-0.4538513332164501
3,-0.01,988,-0.45385133321658644
3,-0.01,989,-0.4538513332167189
3,-0.01,990,-0.4538513332168476
3,-0.01,991,-0.4538513332169727
3,-0.01,992,-0.4538513332170942
3,-0.01,993,-0.45385133321721227
3,-0.01,994,-0.45385133321732707
3,-0.01,995,-0.4538513332174386
3,-0.01,996,-0.45385133321754695
3,-0.01,997,-0.4538513332176522
3,-0.01,998,-0.4538513332177545
3,-0.01,999,-0.4538513332178539
3,-0.01,1000,-0.4538513332179505
3,0,0,0.0
3,0,1,0.0
3,0,2,0.0
3,0,3,0.0
3,0,4,0.0
3,0,5,0.0
3,0,6,0.0
3,0,7,0.0
3,0,8,0.0
3,0,9,0.0
3,0,10,0.0
3,0,11,0.0
3,0,12,0.0
3,0,13,0.0
3,0,14,0.0
3,0,15,0.0
3,0,16,0.0
3,0,17,0.0
3,0,18,0.0
3,0,19,0.0
3,0,20,0.0
3,0,21,0.0
3,0,22,0.0
3,0,23,0.0
3,0,24,0.0
3,0,25,0.0
3,0,26,0.0
3,0,27,0.0
3,0,28,0.0
3,0,29,0.0
3,0,30,0.0
3,0,31,0.0
3,0,32,0.0
3,0,33,0.0
3,0,34,0.0
3,0,35,0.0
3,0,36,0.0
3,0,37,0.0
3,0,38,0.0
3,0,39,0.0
3,0,40,0.0
3,0,41,0.0
3,0,42,0.0
3,0,43,0.0
3,0,44,0.0
3,0,45,0.0
3,0,46,0.0
3,0,47,0.0
3,0,48,0.0
3,0,49,0.0
3,0,50,0.0
3,0,51,0.0
3,0,52,0.0
3,0,53,0.0
3,0,54,0.0
3,0,55,0.0
3,0,56,0.0
3,0,57,0.0
3,0,58,0.0
3,0,59,0.0
3,0,60,0.0
3,0,61,0.0
3,0,62,0.0
3,0,63,0.0
3,0,64,0.0
3,0,65,0.0
3,0,66,0.0
3,0,67,0.0
3,0,68,0.0
3,0,69,0.0
3,0,70,0.0
3,0,71,0.0
3,0,72,0.0
3,0,73,0.0
3,0,74,0.0
3,0,75,0.0
3,0,76,0.0
3,0,77,0.0
3,0,78,0.0
3,0,79,0.0
3,0,80,0.0
3,0,81,0.0
3,0,82,0.0
3,0,83,0.0
3,0,84,0.0
3,0,85,0.0
3,0,86,0.0
3,0,87,0.0
3,0,88,0.0
3,0,89,0.0
3,0,90,0.0
3,0,91,0.0
3,0,92,0.0
3,0,93,0.0
3,0,94,0.0
3,0,95,0.0
3,0,96,0.0
3,0,97,0.0
3,0,98,0.0
3,0,99,0.0
3,0,100,0.0
3,0,101,0.0
3,0,102,0.0
3,0,103,0.0
3,0,104,0.0
3,0,105,0.0
3,0,106,0.0
3,0,107,0.0
3,0,108,0.0
3,0,109,0.0
3,0,110,0.0
3,0,111,0.0
3,0,112,0.0
3,0,113,0.0
3,0,114,0.0
3,0,115,0.0
3,0,116,0.0
3,0,117,0.0
3,0,118,0.0
3,0,119,0.0
3,0,120,0.0
3,0,121,0.0
3,0,122,0.0
3,0,123,0.0
3,0,124,0.0
3,0,125,0.0
3,0,126,0.0
3,0,127,0.0
3,0,128,0.0
3,0,129,0.0
3,0,130,0.0
3,0,131,0.0
3,0,132,0.0
3,0,133,0.0
3,0,134,0.0
3,0,135,0.0
3,0,136,0.0
3,0,137,0.0
3,0,138,0.0
3,0,139,0.0
3,0,140,0.0
3,0,141,0.0
3,0,142,0.0
3,0,143,0.0
3,0,144,0.0
3,0,145,0.0
3,0,146,0.0
3,0,147,0.0
3,0,148,0.0
3,0,149,0.0
3,0,150,0.0
3,0,151,0.0
3,0,152,0.0
3,0,153,0.0
3,0,154,0.0
3,0,155,0.0
3,0,156,0.0
3,0,157,0.0
3,0,158,0.0
3,0,159,0.0
3,0,160,0.0
3,0,161,0.0
3,0,162,0.0
3,0,163,0.0
3,0,164,0.0
3,0,165,0.0
3,0,166,0.0
3,0,167,0.0
3,0,168,0.0
3,0,169,0.0
3,0,170,0.0
3,0,171,0.0
3,0,172,0.0
3,0,173,0.0
3,0,174,0.0
3,0,175,0.0
3,0,176,0.0
3,0,177,0.0
3,0,178,0.0
3,0,179,0.0
3,0,180,0.0
3,0,181,0.0
3,0,182,0.0
3,0,183,0.0
3,0,184,0.0
3,0,185,0.0
3,0,186,0.0
3,0,187,0.0
3,0,188,0.0
3,0,189,0.0
3,0,190,0.0
3,0,191,0.0
3,0,192,0.0
3,0,193,0.0
3,0,194,0.0
3,0,195,0.0
3,0,196,0.0
3,0,197,0.0
3,0,198,0.0
3,0,199,0.0
3,0,200,0.0
3,0,201,0.0
3,0,202,0.0
3,0,203,0.0
3,0,204,0.0
3,0,205,0.0
3,0,206,0.0
3,0,207,0.0
3,0,208,0.0
3,0,209,0.0
3,0,210,0.0
3,0,211,0.0
3,0,212,0.0
3,0,213,0.0
3,0,214,0.0
3,0,215,0.0
3,0,216,0.0
3,0,217,0.0
3,0,218,0.0
3,0,219,0.0
3,0,220,0.0
3,0,221,0.0
3,0,222,0.0
3,0,223,0.0
3,0,224,0.0
3,0,225,0.0
3,0,226,0.0
3,0,227,0.0
3,0,228,0.0
3,0,229,0.0
3,0,230,0.0
3,0,231,0.0
3,0,232,0.0
3,0,233,0.0
3,0,234,0.0
3,0,235,0.0
3,0,236,0.0
3,0,237,0.0
3,0,238,0.0
3,0,239,0.0
3,0,240,0.0
3,0,241,0.0
3,0,242,0.0
3,0,243,0.0
3,0,244,0.0
3,0,245,0.0
3,0,246,0.0
3,0,247,0.0
3,0,248,0.0
3,0,249,0.0
3,0,250,0.0
3,0,251,0.0
3,0,252,0.0
3,0,253,0.0
3,0,254,0.0
3,0,255,0.0
3,0,256,0.0
3,0,257,0.0
3,0,258,0.0
3,0,259,0.0
3,0,260,0.0
3,0,261,0.0
3,0,262,0.0
3,0,263,0.0
3,0,264,0.0
3,0,265,0.0
3,0,266,0.0
3,0,267,0.0
3,0,268,0.0
3,0,269,0.0
3,0,270,0.0
3,0,271,0.0
3,0,272,0.0
3,0,273,0.0
3,0,274,0.0
3,0,275,0.0
3,0,276,0.0
3,0,277,0.0
3,0,278,0.0
3,0,279,0.0
3,0,280,0.0
3,0,281,0.0
3,0,282,0.0
3,0,283,0.0
3,0,284,0.0
3,0,285,0.0
3,0,286,0.0
3,0,287,0.0
3,0,288,0.0
3,0,289,0.0
3,0,290,0.0
3,0,291,0.0
3,0,292,0.0
3,0,293,0.0
3,0,294,0.0
3,0,295,0.0
3,0,296,0.0
3,0,297,0.0
3,0,298,0.0
3,0,299,0.0
3,0,300,0.0
3,0,301,0.0
3,0,302,0.0
3,0,303,0.0
3,0,304,0.0
3,0,305,0.0
3,0,306,0.0
3,0,307,0.0
3,0,308,0.0
3,0,309,0.0
3,0,310,0.0
3,0,311,0.0
3,0,312,0.0
3,0,313,0.0
3,0,314,0.0
3,0,315,0.0
3,0,316,0.0
3,0,317,0.0
3,0,318,0.0
3,0,319,0.0
3,0,320,0.0
3,0,321,0.0
3,0,322,0.0
3,0,323,0.0
3,0,324,0.0
3,0,325,0.0
3,0,326,0.0
3,0,327,0.0
3,0,328,0.0
3,0,329,0.0
3,0,330,0.0
3,0,331,0.0
3,0,332,0.0
3,0,333,0.0
3,0,334,0.0
3,0,335,0.0
3,0,336,0.0
3,0,337,0.0
3,0,338,0.0
3,0,339,0.0
3,0,340,0.0
3,0,341,0.0
3,0,342,0.0
3,0,343,0.0
3,0,344,0.0
3,0,345,0.0
3,0,346,0.0
3,0,347,0.0
3,0,348,0.0
3,0,349,0.0
3,0,350,0.0
3,0,351,0.0
3,0,352,0.0
3,0,353,0.0
3,0,354,0.0
3,0,355,0.0
3,0,356,0.0
3,0,357,0.0
3,0,358,0.0
3,0,359,0.0
3,0,360,0.0
3,0,361,0.0
3,0,362,0.0
3,0,363,0.0
3,0,364,0.0
3,0,365,0.0
3,0,366,0.0
3,0,367,0.0
3,0,368,0.0
3,0,369,0.0
3,0,370,0.0
3,0,371,0.0
3,0,372,0.0
3,0,373,0.0
3,0,374,0.0
3,0,375,0.0
3,0,376,0.0
3,0,377,0.0
3,0,378,0.0
3,0,379,0.0
3,0,380,0.0
3,0,381,0.0
3,0,382,0.0
3,0,383,0.0
3,0,384,0.0
3,0,385,0.0
3,0,386,0.0
3,0,387,0.0
3,0,388,0.0
3,0,389,0.0
3,0,390,0.0
3,0,391,0.0
3,0,392,0.0
3,0,393,0.0
3,0,394,0.0
3,0,395,0.0
3,0,396,0.0
3,0,397,0.0
3,0,398,0.0
3,0,399,0.0
3,0,400,0.0
3,0,401,0.0
3,0,402,0.0
3,0,403,0.0
3,0,404,0.0
3,0,405,0.0
3,0,406,0.0
3,0,407,0.0
3,0,408,0.0
3,0,409,0.0
3,0,410,0.0
3,0,411,0.0
3,0,412,0.0
3,0,413,0.0
3,0,414,0.0
3,0,415,0.0
3,0,416,0.0
3,0,417,0.0
3,0,418,0.0
3,0,419,0.0
3,0,420,0.0
3,0,421,0.0
3,0,422,0.0
3,0,423,0.0
3,0,424,0.0
3,0,425,0.0
3,0,426,0.0
3,0,427,0.0
3,0,428,0.0
3,0,429,0.0
3,0,430,0.0
3,0,431,0.0
3,0,432,0.0
3,0,433,0.0
3,0,434,0.0
3,0,435,0.0
3,0,436,0.0
3,0,437,0.0
3,0,438,0.0
3,0,439,0.0
3,0,440,0.0
3,0,441,0.0
3,0,442,0.0
3,0,443,0.0
3,0,444,0.0
3,0,445,0.0
3,0,446,0.0
3,0,447,0.0
3,0,448,0.0
3,0,449,0.0
3,0,450,0.0
3,0,451,0.0
3,0,452,0.0
3,0,453,0.0
3,0,454,0.0
3,0,455,0.0
3,0,456,0.0
3,0,457,0.0
3,0,458,0.0
3,0,459,0.0
3,0,460,0.0
3,0,461,0.0
3,0,462,0.0
3,0,463,0.0
3,0,464,0.0
3,0,465,0.0
3,0,466,0.0
3,0,467,0.0
3,0,468,0.0
3,0,469,0.0
3,0,470,0.0
3,0,471,0.0
3,0,472,0.0
3,0,473,0.0
3,0,474,0.0
3,0,475,0.0
3,0,476,0.0
3,0,477,0.0
3,0,478,0.0
3,0,479,0.0
3,0,480,0.0
3,0,481,0.0
3,0,482,0.0
3,0,483,0.0
3,0,484,0.0
3,0,485,0.0
3,0,486,0.0
3,0,487,0.0
3,0,488,0.0
3,0,489,0.0
3,0,490,0.0
3,0,491,0.0
3,0,492,0.0
3,0,493,0.0
3,0,494,0.0
3,0,495,0.0
3,0,496,0.0
3,0,497,0.0
3,0,498,0.0
3,0,499,0.0
3,0,500,0.0
3,0,501,0.0
3,0,502,0.0
3,0,503,0.0
3,0,504,0.0
3,0,505,0.0
3,0,506,0.0
3,0,507,0.0
3,0,508,0.0
3,0,509,0.0
3,0,510,0.0
3,0,511,0.0
3,0,512,0.0
3,0,513,0.0
3,0,514,0.0
3,0,515,0.0
3,0,516,0.0
3,0,517,0.0
3,0,518,0.0
3,0,519,0.0
3,0,520,0.0
3,0,521,0.0
3,0,522,0.0
3,0,523,0.0
3,0,524,0.0
3,0,525,0.0
3,0,526,0.0
3,0,527,0.0
3,0,528,0.0
3,0,529,0.0
3,0,530,0.0
3,0,531,0.0
3,0,532,0.0
3,0,533,0.0
3,0,534,0.0
3,0,535,0.0
3,0,536,0.0
3,0,537,0.0
3,0,538,0.0
3,0,539,0.0
3,0,540,0.0
3,0,541,0.0
3,0,542,0.0
3,0,543,0.0
3,0,544,0.0
3,0,545,0.0
3,0,546,0.0
3,0,547,0.0
3,0,548,0.0
3,0,549,0.0
3,0,550,0.0
3,0,551,0.0
3,0,552,0.0
3,0,553,0.0
3,0,554,0.0
3,0,555,0.0
3,0,556,0.0
3,0,557,0.0
3,0,558,0.0
3,0,559,0.0
3,0,560,0.0
3,0,561,0.0
3,0,562,0.0
3,0,563,0.0
3,0,564,0.0
3,0,565,0.0
3,0,566,0.0
3,0,567,0.0
3,0,568,0.0
3,0,569,0.0
3,0,570,0.0
3,0,571,0.0
3,0,572,0.0
3,0,573,0.0
3,0,574,0.0
3,0,575,0.0
3,0,576,0.0
3,0,577,0.0
3,0,578,0.0
3,0,579,0.0
3,0,580,0.0
3,0,581,0.0
3,0,582,0.0
3,0,583,0.0
3,0,584,0.0
3,0,585,0.0
3,0,586,0.0
3,0,587,0.0
3,0,588,0.0
3,0,589,0.0
3,0,590,0.0
3,0,591,0.0
3,0,592,0.0
3,0,593,0.0
3,0,594,0.0
3,0,595,0.0
3,0,596,0.0
3,0,597,0.0
3,0,598,0.0
3,0,599,0.0
3,0,600,0.0
3,0,601,0.0
3,0,602,0.0
3,0,603,0.0
3,0,604,0.0
3,0,605,0.0
3,0,606,0.0
3,0,607,0.0
3,0,608,0.0
3,0,609,0.0
3,0,610,0.0
3,0,611,0.0
3,0,612,0.0
3,0,613,0.0
3,0,614,0.0
3,0,615,0.0
3,0,616,0.0
3,0,617,0.0
3,0,618,0.0
3,0,619,0.0
3,0,620,0.0
3,0,621,0.0
3,0,622,0.0
3,0,623,0.0
3,0,624,0.0
3,0,625,0.0
3,0,626,0.0
3,0,627,0.0
3,0,628,0.0
3,0,629,0.0
3,0,630,0.0
3,0,631,0.0
3,0,632,0.0
3,0,633,0.0
3,0,634,0.0
3,0,635,0.0
3,0,636,0.0
3,0,637,0.0
3,0,638,0.0
3,0,639,0.0
3,0,640,0.0
3,0,641,0.0
3,0,642,0.0
3,0,643,0.0
3,0,644,0.0
3,0,645,0.0
3,0,646,0.0
3,0,647,0.0
3,0,648,0.0
3,0,649,0.0
3,0,650,0.0
3,0,651,0.0
3,0,652,0.0
3,0,653,0.0
3,0,654,0.0
3,0,655,0.0
3,0,656,0.0
3,0,657,0.0
3,0,658,0.0
3,0,659,0.0
3,0,660,0.0
3,0,661,0.0
3,0,662,0.0
3,0,663,0.0
3,0,664,0.0
3,0,665,0.0
3,0,666,0.0
3,0,667,0.0
3,0,668,0.0
3,0,669,0.0
3,0,670,0.0
3,0,671,0.0
3,0,672,0.0
3,0,673,0.0
3,0,674,0.0
3,0,675,0.0
3,0,676,0.0
3,0,677,0.0
3,0,678,0.0
3,0,679,0.0
3,0,680,0.0
3,0,681,0.0
3,0,682,0.0
3,0,683,0.0
3,0,684,0.0
3,0,685,0.0
3,0,686,0.0
3,0,687,0.0
3,0,688,0.0
3,0,689,0.0
3,0,690,0.0
3,0,691,0.0
3,0,692,0.0
3,0,693,0.0
3,0,694,0.0
3,0,695,0.0
3,0,696,0.0
3,0,697,0.0
3,0,698,0.0
3,0,699,0.0
3,0,700,0.0
3,0,701,0.0
3,0,702,0.0
3,0,703,0.0
3,0,704,0.0
3,0,705,0.0
3,0,706,0.0
3,0,707,0.0
3,0,708,0.0
3,0,709,0.0
3,0,710,0.0
3,0,711,0.0
3,0,712,0.0
3,0,713,0.0
3,0,714,0.0
3,0,715,0.0
3,0,716,0.0
3,0,717,0.0
3,0,718,0.0
3,0,719,0.0
3,0,720,0.0
3,0,721,0.0
3,0,722,0.0
3,0,723,0.0
3,0,724,0.0
3,0,725,0.0
3,0,726,0.0
3,0,727,0.0
3,0,728,0.0
3,0,729,0.0
3,0,730,0.0
3,0,731,0.0
3,0,732,0.0
3,0,733,0.0
3,0,734,0.0
3,0,735,0.0
3,0,736,0.0
3,0,737,0.0
3,0,738,0.0
3,0,739,0.0
3,0,740,0.0
3,0,741,0.0
3,0,742,0.0
3,0,743,0.0
3,0,744,0.0
3,0,745,0.0
3,0,746,0.0
3,0,747,0.0
3,0,748,0.0
3,0,749,0.0
3,0,750,0.0
3,0,751,0.0
3,0,752,0.0
3,0,753,0.0
3,0,754,0.0
3,0,755,0.0
3,0,756,0.0
3,0,757,0.0
3,0,758,0.0
3,0,759,0.0
3,0,760,0.0
3,0,761,0.0
3,0,762,0.0
3,0,763,0.0
3,0,764,0.0
3,0,765,0.0
3,0,766,0.0
3,0,767,0.0
3,0,768,0.0
3,0,769,0.0
3,0,770,0.0
3,0,771,0.0
3,0,772,0.0
3,0,773,0.0
3,0,774,0.0
3,0,775,0.0
3,0,776,0.0
3,0,777,0.0
3,0,778,0.0
3,0,779,0.0
3,0,780,0.0
3,0,781,0.0
3,0,782,0.0
3,0,783,0.0
3,0,784,0.0
3,0,785,0.0
3,0,786,0.0
3,0,787,0.0
3,0,788,0.0
3,0,789,0.0
3,0,790,0.0
3,0,791,0.0
3,0,792,0.0
3,0,793,0.0
3,0,794,0.0
3,0,795,0.0
3,0,796,0.0
3,0,797,0.0
3,0,798,0.0
3,0,799,0.0
3,0,800,0.0
3,0,801,0.0
3,0,802,0.0
3,0,803,0.0
3,0,804,0.0
3,0,805,0.0
3,0,806,0.0
3,0,807,0.0
3,0,808,0.0
3,0,809,0.0
3,0,810,0.0
3,0,811,0.0
3,0,812,0.0
3,0,813,0.0
3,0,814,0.0
3,0,815,0.0
3,0,816,0.0
3,0,817,0.0
3,0,818,0.0
3,0,819,0.0
3,0,820,0.0
3,0,821,0.0
3,0,822,0.0
3,0,823,0.0
3,0,824,0.0
3,0,825,0.0
3,0,826,0.0
3,0,827,0.0
3,0,828,0.0
3,0,829,0.0
3,0,830,0.0
3,0,831,0.0
3,0,832,0.0
3,0,833,0.0
3,0,834,0.0
3,0,835,0.0
3,0,836,0.0
3,0,837,0.0
3,0,838,0.0
3,0,839,0.0
3,0,840,0.0
3,0,841,0.0
3,0,842,0.0
3,0,843,0.0
3,0,844,0.0
3,0,845,0.0
3,0,846,0.0
3,0,847,0.0
3,0,848,0.0
3,0,849,0.0
3,0,850,0.0
3,0,851,0.0
3,0,852,0.0
3,0,853,0.0
3,0,854,0.0
3,0,855,0.0
3,0,856,0.0
3,0,857,0.0
3,0,858,0.0
3,0,859,0.0
3,0,860,0.0
3,0,861,0.0
3,0,862,0.0
3,0,863,0.0
3,0,864,0.0
3,0,865,0.0
3,0,866,0.0
3,0,867,0.0
3,0,868,0.0
3,0,869,0.0
3,0,870,0.0
3,0,871,0.0
3,0,872,0.0
3,0,873,0.0
3,0,874,0.0
3,0,875,0.0
3,0,876,0.0
3,0,877,0.0
3,0,878,0.0
3,0,879,0.0
3,0,880,0.0
3,0,881,0.0
3,0,882,0.0
3,0,883,0.0
3,0,884,0.0
3,0,885,0.0
3,0,886,0.0
3,0,887,0.0
3,0,888,0.0
3,0,889,0.0
3,0,890,0.0
3,0,891,0.0
3,0,892,0.0
3,0,893,0.0
3,0,894,0.0
3,0,895,0.0
3,0,896,0.0
3,0,897,0.0
3,0,898,0.0
3,0,899,0.0
3,0,900,0.0
3,0,901,0.0
3,0,902,0.0
3,0,903,0.0
3,0,904,0.0
3,0,905,0.0
3,0,906,0.0
3,0,907,0.0
3,0,908,0.0
3,0,909,0.0
3,0,910,0.0
3,0,911,0.0
3,0,912,0.0
3,0,913,0.0
3,0,914,0.0
3,0,915,0.0
3,0,916,0.0
3,0,917,0.0
3,0,918,0.0
3,0,919,0.0
3,0,920,0.0
3,0,921,0.0
3,0,922,0.0
3,0,923,0.0
3,0,924,0.0
3,0,925,0.0
3,0,926,0.0
3,0,927,0.0
3,0,928,0.0
3,0,929,0.0
3,0,930,0.0
3,0,931,0.0
3,0,932,0.0
3,0,933,0.0
3,0,934,0.0
3,0,935,0.0
3,0,936,0.0
3,0,937,0.0
3,0,938,0.0
3,0,939,0.0
3,0,940,0.0
3,0,941,0.0
3,0,942,0.0
3,0,943,0.0
3,0,944,0.0
3,0,945,0.0
3,0,946,0.0
3,0,947,0.0
3,0,948,0.0
3,0,949,0.0
3,0,950,0.0
3,0,951,0.0
3,0,952,0.0
3,0,953,0.0
3,0,954,0.0
3,0,955,0.0
3,0,956,0.0
3,0,957,0.0
3,0,958,0.0
3,0,959,0.0
3,0,960,0.0
3,0,961,0.0
3,0,962,0.0
3,0,963,0.0
3,0,964,0.0
3,0,965,0.0
3,0,966,0.0
3,0,967,0.0
3,0,968,0.0
3,0,969,0.0
3,0,970,0.0
3,0,971,0.0
3,0,972,0.0
3,0,973,0.0
3,0,974,0.0
3,0,975,0.0
3,0,976,0.0
3,0,977,0.0
3,0,978,0.0
3,0,979,0.0
3,0,980,0.0
3,0,981,0.0
3,0,982,0.0
3,0,983,0.0
3,0,984,0.0
3,0,985,0.0
3,0,986,0.0
3,0,987,0.0
3,0,988,0.0
3,0,989,0.0
3,0,990,0.0
3,0,991,0.0
3,0,992,0.0
3,0,993,0.0
3,0,994,0.0
3,0,995,0.0
3,0,996,0.0
3,0,997,0.0
3,0,998,0.0
3,0,999,0.0
3,0,1000,0.0
3,0.01,0,0.01
3,0.01,1,0.010291936820197495
3,0.01,2,0.010592378808692942
3,0.01,3,0.010901572171221695
3,0.01,4,0.011219770098249352
3,0.01,5,0.011547232950259934
3,0.01,6,0.011884228446780002
3,0.01,7,0.01223103185909949
3,0.01,8,0.012587926206636074
3,0.01,9,0.012955202456874156
3,0.01,10,0.01333315972879243
3,0.01,11,0.013722105499675072
3,0.01,12,0.014122355815180586
3,0.01,13,0.014534235502519352
3,0.01,14,0.014958078386565737
3,0.01,15,0.015394227508702918
3,0.01,16,0.01584303534816793
3,0.01,17,0.01630486404563161
3,0.01,18,0.016780085628711354
3,0.01,19,0.017269082239075247
3,0.01,20,0.017772246360752458
3,0.01,21,0.018289981049217894
3,0.01,22,0.018822700160767685
3,0.01,23,0.019370828581645985
3,0.01,24,0.019934802456323224
3,0.01,25,0.020515069414260012
3,0.01,26,0.02111208879441953
3,0.01,27,0.021726331866714195
3,0.01,28,0.022358282049488778
3,0.01,29,0.023008435122052296
3,0.01,30,0.023677299431173703
3,0.01,31,0.024365396090351755
3,0.01,32,0.025073259170557048
3,0.01,33,0.025801435881023432
3,0.01,34,0.02655048673853624
3,0.01,35,0.027320985723526474
3,0.01,36,0.028113520421131636
3,0.01,37,0.028928692145226025
3,0.01,38,0.029767116043255076
3,0.01,39,0.03062942117952966
3,0.01,40,0.03151625059444691
3,0.01,41,0.03242826133690393
3,0.01,42,0.03336612446695985
3,0.01,43,0.03433052502557976
3,0.01,44,0.03532216196806174
3,0.01,45,0.03634174805750562
3,0.01,46,0.037390009714429885
3,0.01,47,0.038467686818381995
3,0.01,48,0.03957553245711856
3,0.01,49,0.040714312618656524
3,0.01,50,0.04188480582121618
3,0.01,51,0.04308780267579429
3,0.01,52,0.044324105375822404
3,0.01,53,0.04559452710808538
3,0.01,54,0.04689989137880137
3,0.01,55,0.04824103124850113
3,0.01,56,0.04961878846909669
3,0.01,57,0.05103401251630243
3,0.01,58,0.05248755951037167
3,0.01,59,0.053980291017946144
3,0.01,60,0.0555130727276928
3,0.01,61,0.05708677299232988
3,0.01,62,0.05870226122963345
3,0.01,63,0.06036040617507616
3,0.01,64,0.062062073978893975
3,0.01,65,0.06380812614061719
3,0.01,66,0.06559941727445126
3,0.01,67,0.06743679269936609
3,0.01,68,0.06932108584836348
3,0.01,69,0.07125311549215643
3,0.01,70,0.07323368277342583
3,0.01,71,0.07526356804893464
3,0.01,72,0.0773435275380914
3,0.01,73,0.0794742897780754
3,0.01,74,0.08165655188737812
3,0.01,75,0.08389097564158741
3,0.01,76,0.08617818336744855
3,0.01,77,0.08851875366368203
3,0.01,78,0.0909132169597192
3,0.01,79,0.09336205092642656
3,0.01,80,0.0958656757560118
3,0.01,81,0.0984244493316207
3,0.01,82,0.10103866231061255
3,0.01,83,0.10370853314910611
3,0.01,84,0.1064342030990709
3,0.01,85,0.10921573121294373
3,0.01,86,0.11205308939441162
3,0.01,87,0.1149461575375434
3,0.01,88,0.1178947187997914
3,0.01,89,0.12089845505742723
3,0.01,90,0.12395694259462649
3,0.01,91,0.12706964807957202
3,0.01,92,0.13023592488250288
3,0.01,93,0.13345500979149272
3,0.01,94,0.13672602018180044
3,0.01,95,0.1400479516938094
3,0.01,96,0.14341967647278345
3,0.01,97,0.1468399420208595
3,0.01,98,0.15030737070782937
3,0.01,99,0.15382045998232474
3,0.01,100,0.1573775833190229
3,0.01,101,0.16097699193047973
3,0.01,102,0.16461681726424915
3,0.01,103,0.16829507429716956
3,0.01,104,0.17200966562922804
3,0.01,105,0.17575838636941887
3,0.01,106,0.17953892979568684
3,0.01,107,0.18334889376059899
3,0.01,108,0.1871857878040491
3,0.01,109,0.1910470409242978
3,0.01,110,0.19493000994922097
3,0.01,111,0.1988319884410039
3,0.01,112,0.2027502160598834
3,0.01,113,0.20668188830608744
3,0.01,114,0.21062416655400462
3,0.01,115,0.2145741882889466
3,0.01,116,0.21852907745472372
3,0.01,117,0.22248595481966826
3,0.01,118,0.2264419482697011
3,0.01,119,0.23039420293949678
3,0.01,120,0.2343398910966649
3,0.01,121,0.2382762216990107
3,0.01,122,0.242200449551208
3,0.01,123,0.24610988399443823
3,0.01,124,0.25000189707052506
3,0.01,125,0.2538739311106271
3,0.01,126,0.2577235057074318
3,0.01,127,0.26154822403883
3,0.01,128,0.26534577852004754
3,0.01,129,0.2691139557699978
3,0.01,130,0.27285064088604244
3,0.01,131,0.2765538210292718
3,0.01,132,0.28022158832973615
3,0.01,133,0.28385214212768634
3,0.01,134,0.2874437905727596
3,0.01,135,0.2909949516081354
3,0.01,136,0.29450415337097074
3,0.01,137,0.297970034043911
3,0.01,138,0.3013913411951787
3,0.01,139,0.3047669306467084
3,0.01,140,0.30809576491106133
3,0.01,141,0.31137691123848227
3,0.01,142,0.3146095393155078
3,0.01,143,0.31779291865606907
3,0.01,144,0.32092641572512093
3,0.01,145,0.32400949083353614
3,0.01,146,0.32704169484139894
3,0.01,147,0.33002266570497446
3,0.01,148,0.33295212490057846
3,0.01,149,0.33582987375638346
3,0.01,150,0.3386557897209136
3,0.01,151,0.34142982259465243
3,0.01,152,0.3441519907488481
3,0.01,153,0.34682237735328353
3,0.01,154,0.3494411266325125
3,0.01,155,0.3520084401678689
3,0.01,156,0.35452457326045134
3,0.01,157,0.356989831368287
3,0.01,158,0.35940456662899445
3,0.01,159,0.36176917447750045
3,0.01,160,0.3640840903667301
3,0.01,161,0.36634978659767947
3,0.01,162,0.36856676926389625
3,0.01,163,0.3707355753141367
3,0.01,164,0.3728567697358304
3,0.01,165,0.37493094286096396
3,0.01,166,0.37695870779508717
3,0.01,167,0.37894069796933993
3,0.01,168,0.38087756481469714
3,0.01,169,0.3827699755570121
3,0.01,170,0.3846186111309164
3,0.01,171,0.3864241642101825
3,0.01,172,0.38818733735178135
3,0.01,173,0.3899088412505546
3,0.01,174,0.39158939310117086
3,0.01,175,0.39322971506383614
3,0.01,176,0.394830532830079
3,0.01,177,0.3963925742848219
3,0.01,178,0.3979165682608809
3,0.01,179,0.3994032433819978
3,0.01,180,0.40085332699050025
3,0.01,181,0.40226754415570254
3,0.01,182,0.4036466167591961
3,0.01,183,0.40499126265323765
3,0.01,184,0.40630219488851094
3,0.01,185,0.4075801210076263
3,0.01,186,0.40882574240081404
3,0.01,187,0.4100397537203727
3,0.01,188,0.4112228423505428
3,0.01,189,0.4123756879295907
3,0.01,190,0.41349896192100705
3,0.01,191,0.4145933272308436
3,0.01,192,0.4156594378683337
3,0.01,193,0.41669793864706556
3,0.01,194,0.41770946492409655
3,0.01,195,0.4186946423745188
3,0.01,196,0.4196540867991034
3,0.01,197,0.4205884039627674
3,0.01,198,0.42149818946172085
3,0.01,199,0.422384028617261
3,0.01,200,0.42324649639428863
3,0.01,201,0.4240861573427247
3,0.01,202,0.42490356556010545
3,0.01,203,0.42569926467372976
3,0.01,204,0.4264737878408271
3,0.01,205,0.4272276577653004
3,0.01,206,0.4279613867296854
3,0.01,207,0.42867547664104816
3,0.01,208,0.4293704190896201
3,0.01,209,0.43004669541904367
3,0.01,210,0.43070477680717284
3,0.01,211,0.43134512435643807
3,0.01,212,0.4319681891928502
3,0.01,213,0.4325744125727766
3,0.01,214,0.43316422599668186
3,0.01,215,0.4337380513290761
3,0.01,216,0.4342963009239689
3,0.01,217,0.43483937775517184
3,0.01,218,0.4353676755508394
3,0.01,219,0.4358815789316815
3,0.01,220,0.43638146355232027
3,0.01,221,0.4368676962453023
3,0.01,222,0.4373406351673137
3,0.01,223,0.43780062994717794
3,0.01,224,0.43824802183524997
3,0.01,225,0.4386831438538481
3,0.01,226,0.43910632094839397
3,0.01,227,0.4395178701389567
3,0.01,228,0.43991810067192266
3,0.01,229,0.4403073141715338
3,0.01,230,0.44068580479106123
3,0.01,231,0.4410538593633981
3,0.01,232,0.4414117575508773
3,0.01,233,0.4417597719941358
3,0.01,234,0.44209816845986327
3,0.01,235,0.4424272059872895
3,0.01,236,0.4427471370332788
3,0.01,237,0.44305820761591175
3,0.01,238,0.44336065745644926
3,0.01,239,0.44365472011958335
3,0.01,240,0.4439406231518915
3,0.01,241,0.44421858821841986
3,0.01,242,0.44448883123733124
3,0.01,243,0.4447515625125614
3,0.01,244,0.44500698686443607
3,0.01,245,0.44525530375820677
3,0.01,246,0.4454967074304731
3,0.01,247,0.4457313870134626
3,0.01,248,0.4459595266571471
3,0.01,249,0.44618130564917846
3,0.01,250,0.446396898532633
3,0.01,251,0.44660647522155716
3,0.01,252,0.4468102011143118
3,0.01,253,0.4470082372047154
3,0.01,254,0.4472007401909926
3,0.01,255,0.4473878625825335
3,0.01,256,0.44756975280447603
3,0.01,257,0.4477465553001241
3,0.01,258,0.44791841063121707
3,0.01,259,0.4480854555760688
3,0.01,260,0.4482478232255959
3,0.01,261,0.44840564307725683
3,0.01,262,0.4485590411269249
3,0.01,263,0.4487081399587205
3,0.01,264,0.44885305883282706
3,0.01,265,0.4489939137713191
3,0.01,266,0.44913081764202933
3,0.01,267,0.44926388024048414
3,0.01,268,0.4493932083699364
3,0.01,269,0.44951890591952637
3,0.01,270,0.44964107394060066
3,0.01,271,0.4497598107212206
3,0.01,272,0.4498752118588913
3,0.01,273,0.4499873703315429
3,0.01,274,0.45009637656679624
3,0.01,275,0.45020231850954406
3,0.01,276,0.45030528168788014
3,0.01,277,0.4504053492774088
3,0.01,278,0.45050260216396526
3,0.01,279,0.4505971190047806
3,0.01,280,0.4506889762881207
3,0.01,281,0.45077824839143266
3,0.01,282,0.4508650076380286
3,0.01,283,0.45094932435233825
3,0.01,284,0.45103126691376116
3,0.01,285,0.45111090180914865
3,0.01,286,0.45118829368394564
3,0.01,287,0.4512635053920221
3,0.01,288,0.4513365980442234
3,0.01,289,0.45140763105566833
3,0.01,290,0.45147666219182403
3,0.01,291,0.45154374761338467
3,0.01,292,0.45160894191998263
3,0.01,293,0.45167229819275945
3,0.01,294,0.45173386803582244
3,0.01,295,0.4517937016166143
3,0.01,296,0.4518518477052211
3,0.01,297,0.4519083537126443
3,0.01,298,0.4519632657280619
3,0.01,299,0.45201662855510255
3,0.01,300,0.45206848574715813
3,0.01,301,0.4521188796417567
3,0.01,302,0.45216785139402016
3,0.01,303,0.45221544100922906
3,0.01,304,0.4522616873745163
3,0.01,305,0.45230662828971185
3,0.01,306,0.45235030049736047
3,0.01,307,0.4523927397119316
3,0.01,308,0.45243398064824375
3,0.01,309,0.4524740570491218
3,0.01,310,0.45251300171230807
3,0.01,311,0.4525508465166451
3,0.01,312,0.45258762244754963
3,0.01,313,0.45262335962179556
3,0.01,314,0.45265808731162444
3,0.01,315,0.45269183396819973
3,0.01,316,0.4527246272444233
3,0.01,317,0.4527564940171295
3,0.01,318,0.4527874604086738
3,0.01,319,0.45281755180793215
3,0.01,320,0.4528467928907253
3,0.01,321,0.45287520763968475
3,0.01,322,0.4529028193635738
3,0.01,323,0.45292965071607894
3,0.01,324,0.45295572371408527
3,0.01,325,0.45298105975544967
3,0.01,326,0.4530056796362851
3,0.01,327,0.4530296035677689
3,0.01,328,0.45305285119248856
3,0.01,329,0.45307544160033614
3,0.01,330,0.4530973933439644
3,0.01,331,0.4531187244538162
3,0.01,332,0.45313945245273785
3,0.01,333,0.4531595943701895
3,0.01,334,0.453179166756061
3,0.01,335,0.4531981856941059
3,0.01,336,0.45321666681500306
3,0.01,337,0.4532346253090555
3,0.01,338,0.45325207593853806
3,0.01,339,0.4532690330497009
3,0.01,340,0.45328551058444044
3,0.01,341,0.4533015220916457
3,0.01,342,0.4533170807382291
3,0.01,343,0.4533321993198499
3,0.01,344,0.45334689027134006
3,0.01,345,0.45336116567683876
3,0.01,346,0.45337503727964507
3,0.01,347,0.45338851649179573
3,0.01,348,0.453401614403376
3,0.01,349,0.4534143417915704
3,0.01,350,0.45342670912946104
3,0.01,351,0.45343872659458
3,0.01,352,0.45345040407722337
3,0.01,353,0.45346175118853205
3,0.01,354,0.4534727772683472
3,0.01,355,0.453483491392846
3,0.01,356,0.45349390238196335
3,0.01,357,0.45350401880660646
3,0.01,358,0.4535138489956668
3,0.01,359,0.45352340104283617
3,0.01,360,0.45353268281323134
3,0.01,361,0.4535417019498337
3,0.01,362,0.4535504658797476
3,0.01,363,0.45355898182028404
3,0.01,364,0.4535672567848729
3,0.01,365,0.4535752975888099
3,0.01,366,0.4535831108548419
3,0.01,367,0.45359070301859583
3,0.01,368,0.45359808033385485
3,0.01,369,0.45360524887768616
3,0.01,370,0.4536122145554255
3,0.01,371,0.45361898310552073
3,0.01,372,0.45362556010424
3,0.01,373,0.4536319509702471
3,0.01,374,0.4536381609690484
3,0.01,375,0.4536441952173147
3,0.01,376,0.45365005868708147
3,0.01,377,0.4536557562098311
3,0.01,378,0.45366129248045994
3,0.01,379,0.4536666720611342
3,0.01,380,0.4536718993850368
3,0.01,381,0.4536769787600092
3,0.01,382,0.4536819143720902
3,0.01,383,0.4536867102889557
3,0.01,384,0.453691370463261
3,0.01,385,0.4536958987358894
3,0.01,386,0.45370029883910884
3,0.01,387,0.45370457439963996
3,0.01,388,0.45370872894163766
3,0.01,389,0.4537127658895883
3,0.01,390,0.4537166885711258
3,0.01,391,0.4537205002197677
3,0.01,392,0.45372420397757446
3,0.01,393,0.45372780289773407
3,0.01,394,0.4537312999470728
3,0.01,395,0.4537346980084962
3,0.01,396,0.45373799988336067
3,0.01,397,0.4537412082937782
3,0.01,398,0.4537443258848561
3,0.01,399,0.4537473552268737
3,0.01,400,0.4537502988173973
3,0.01,401,0.45375315908333586
3,0.01,402,0.4537559383829381
3,0.01,403,0.4537586390077339
3,0.01,404,0.4537612631844202
3,0.01,405,0.4537638130766945
3,0.01,406,0.4537662907870354
3,0.01,407,0.45376869835843425
3,0.01,408,0.4537710377760768
3,0.01,409,0.45377331096897794
3,0.01,410,0.45377551981157005
3,0.01,411,0.45377766612524656
3,0.01,412,0.45377975167986184
3,0.01,413,0.4537817781951889
3,0.01,414,0.4537837473423357
3,0.01,415,0.45378566074512144
3,0.01,416,0.4537875199814142
3,0.01,417,0.4537893265844306
3,0.01,418,0.45379108204399876
3,0.01,419,0.45379278780778554
3,0.01,420,0.45379444528248924
3,0.01,421,0.45379605583499844
3,0.01,422,0.45379762079351804
3,0.01,423,0.45379914144866373
3,0.01,424,0.45380061905452534
3,0.01,425,0.45380205482970015
3,0.01,426,0.4538034499582969
3,0.01,427,0.45380480559091174
3,0.01,428,0.45380612284557614
3,0.01,429,0.4538074028086783
3,0.01,430,0.45380864653585856
3,0.01,431,0.4538098550528792
3,0.01,432,0.45381102935646983
3,0.01,433,0.45381217041514904
3,0.01,434,0.45381327917002234
3,0.01,435,0.45381435653555824
3,0.01,436,0.45381540340034154
3,0.01,437,0.4538164206278061
3,0.01,438,0.4538174090569462
3,0.01,439,0.4538183695030084
3,0.01,440,0.4538193027581636
3,0.01,441,0.45382020959215974
3,0.01,442,0.4538210907529565
3,0.01,443,0.453821946967342
3,0.01,444,0.45382277894153183
3,0.01,445,0.45382358736175116
3,0.01,446,0.45382437289480065
3,0.01,447,0.4538251361886061
3,0.01,448,0.4538258778727525
3,0.01,449,0.45382659855900354
3,0.01,450,0.4538272988418053
3,0.01,451,0.45382797929877694
3,0.01,452,0.45382864049118665
3,0.01,453,0.4538292829644146
3,0.01,454,0.45382990724840244
3,0.01,455,0.45383051385809037
3,0.01,456,0.45383110329384163
3,0.01,457,0.45383167604185526
3,0.01,458,0.45383223257456684
3,0.01,459,0.4538327733510381
3,0.01,460,0.4538332988173354
3,0.01,461,0.4538338094068977
3,0.01,462,0.4538343055408939
3,0.01,463,0.45383478762857
3,0.01,464,0.4538352560675868
3,0.01,465,0.4538357112443478
3,0.01,466,0.4538361535343177
3,0.01,467,0.4538365833023322
3,0.01,468,0.4538370009028986
3,0.01,469,0.4538374066804885
3,0.01,470,0.4538378009698217
3,0.01,471,0.45383818409614207
3,0.01,472,0.45383855637548615
3,0.01,473,0.45383891811494353
3,0.01,474,0.45383926961291016
3,0.01,475,0.45383961115933447
3,0.01,476,0.45383994303595643
3,0.01,477,0.45384026551654005
3,0.01,478,0.45384057886709894
3,0.01,479,0.45384088334611594
3,0.01,480,0.4538411792047562
3,0.01,481,0.45384146668707415
3,0.01,482,0.4538417460302152
3,0.01,483,0.453842017464611
3,0.01,484,0.45384228121416953
3,0.01,485,0.4538425374964599
3,0.01,486,0.4538427865228917
3,0.01,487,0.4538430284988893
3,0.01,488,0.4538432636240615
3,0.01,489,0.453843492092366
3,0.01,490,0.4538437140922694
3,0.01,491,0.45384392980690264
3,0.01,492,0.4538441394142121
3,0.01,493,0.45384434308710636
3,0.01,494,0.4538445409935988
3,0.01,495,0.4538447332969461
3,0.01,496,0.453844920155783
3,0.01,497,0.45384510172425313
3,0.01,498,0.45384527815213627
3,0.01,499,0.45384544958497164
3,0.01,500,0.453845616164178
3,0.01,501,0.45384577802717063
3,0.01,502,0.45384593530747414
3,0.01,503,0.453846088134833
3,0.01,504,0.4538462366353185
3,0.01,505,0.4538463809314326
3,0.01,506,0.4538465211422091
3,0.01,507,0.4538466573833118
3,0.01,508,0.4538467897671299
3,0.01,509,0.45384691840287056
3,0.01,510,0.45384704339664933
3,0.01,511,0.45384716485157733
3,0.01,512,0.4538472828678466
3,0.01,513,0.4538473975428123
3,0.01,514,0.45384750897107357
3,0.01,515,0.45384761724455125
3,0.01,516,0.45384772245256366
3,0.01,517,0.45384782468190044
3,0.01,518,0.45384792401689406
3,0.01,519,0.45384802053948936
3,0.01,520,0.4538481143293112
3,0.01,521,0.45384820546373017
3,0.01,522,0.4538482940179263
3,0.01,523,0.4538483800649512
3,0.01,524,0.4538484636757881
3,0.01,525,0.4538485449194108
3,0.01,526,0.4538486238628402
3,0.01,527,0.45384870057119964
3,0.01,528,0.45384877510776883
3,0.01,529,0.45384884753403587
3,0.01,530,0.45384891790974796
3,0.01,531,0.45384898629296083
3,0.01,532,0.45384905274008647
3,0.01,533,0.45384911730593974
3,0.01,534,0.4538491800437837
3,0.01,535,0.45384924100537327
3,0.01,536,0.4538493002409981
3,0.01,537,0.45384935779952423
3,0.01,538,0.45384941372843396
3,0.01,539,0.4538494680738654
3,0.01,540,0.45384952088065034
3,0.01,541,0.4538495721923514
3,0.01,542,0.4538496220512977
3,0.01,543,0.45384967049862
3,0.01,544,0.4538497175742846
3,0.01,545,0.45384976331712623
3,0.01,546,0.45384980776488015
3,0.01,547,0.45384985095421326
3,0.01,548,0.45384989292075434
3,0.01,549,0.45384993369912335
3,0.01,550,0.4538499733229602
3,0.01,551,0.4538500118249523
3,0.01,552,0.45385004923686184
3,0.01,553,0.45385008558955137
3,0.01,554,0.4538501209130099
3,0.01,555,0.4538501552363774
3,0.01,556,0.45385018858796866
3,0.01,557,0.45385022099529704
3,0.01,558,0.4538502524850967
3,0.01,559,0.4538502830833451
3,0.01,560,0.45385031281528404
3,0.01,561,0.45385034170544086
3,0.01,562,0.4538503697776483
3,0.01,563,0.4538503970550645
3,0.01,564,0.45385042356019184
3,0.01,565,0.45385044931489554
3,0.01,566,0.4538504743404219
3,0.01,567,0.4538504986574157
3,0.01,568,0.45385052228593714
3,0.01,569,0.45385054524547846
3,0.01,570,0.4538505675549801
3,0.01,571,0.45385058923284616
3,0.01,572,0.4538506102969598
3,0.01,573,0.4538506307646978
3,0.01,574,0.4538506506529449
3,0.01,575,0.4538506699781079
3,0.01,576,0.45385068875612905
3,0.01,577,0.4538507070024992
3,0.01,578,0.45385072473227067
3,0.01,579,0.45385074196006964
3,0.01,580,0.4538507587001081
3,0.01,581,0.45385077496619575
3,0.01,582,0.4538507907717512
3,0.01,583,0.4538508061298133
3,0.01,584,0.4538508210530516
3,0.01,585,0.4538508355537769
3,0.01,586,0.4538508496439517
3,0.01,587,0.4538508633351997
3,0.01,588,0.45385087663881535
3,0.01,589,0.45385088956577346
3,0.01,590,0.4538509021267382
3,0.01,591,0.4538509143320716
3,0.01,592,0.4538509261918425
3,0.01,593,0.45385093771583457
3,0.01,594,0.45385094891355454
3,0.01,595,0.45385095979424
3,0.01,596,0.4538509703668669
3,0.01,597,0.4538509806401571
3,0.01,598,0.4538509906225856
3,0.01,599,0.45385100032238734
3,0.01,600,0.45385100974756426
3,0.01,601,0.4538510189058915
3,0.01,602,0.45385102780492437
3,0.01,603,0.453851036452004
3,0.01,604,0.4538510448542638
3,0.01,605,0.45385105301863526
3,0.01,606,0.45385106095185357
3,0.01,607,0.4538510686604632
3,0.01,608,0.45385107615082343
3,0.01,609,0.45385108342911334
3,0.01,610,0.4538510905013372
3,0.01,611,0.4538510973733293
3,0.01,612,0.4538511040507585
3,0.01,613,0.4538511105391336
3,0.01,614,0.4538511168438069
3,0.01,615,0.45385112296997965
3,0.01,616,0.4538511289227055
3,0.01,617,0.4538511347068953
3,0.01,618,0.45385114032732066
3,0.01,619,0.45385114578861807
3,0.01,620,0.4538511510952929
3,0.01,621,0.4538511562517228
3,0.01,622,0.45385116126216163
3,0.01,623,0.4538511661307428
3,0.01,624,0.4538511708614826
3,0.01,625,0.4538511754582836
3,0.01,626,0.453851179924938
3,0.01,627,0.45385118426513055
3,0.01,628,0.4538511884824417
3,0.01,629,0.4538511925803505
3,0.01,630,0.45385119656223755
3,0.01,631,0.45385120043138766
3,0.01,632,0.4538512041909928
3,0.01,633,0.4538512078441543
3,0.01,634,0.4538512113938859
3,0.01,635,0.45385121484311597
3,0.01,636,0.45385121819469
3,0.01,637,0.45385122145137274
3,0.01,638,0.45385122461585087
3,0.01,639,0.45385122769073494
3,0.01,640,0.45385123067856153
3,0.01,641,0.45385123358179547
3,0.01,642,0.4538512364028318
3,0.01,643,0.4538512391439977
3,0.01,644,0.45385124180755454
3,0.01,645,0.4538512443956996
3,0.01,646,0.453851246910568
3,0.01,647,0.4538512493542343
3,0.01,648,0.4538512517287145
3,0.01,649,0.4538512540359673
3,0.01,650,0.45385125627789624
3,0.01,651,0.45385125845635066
3,0.01,652,0.4538512605731277
3,0.01,653,0.45385126262997366
3,0.01,654,0.4538512646285853
3,0.01,655,0.4538512665706114
3,0.01,656,0.453851268457654
3,0.01,657,0.4538512702912698
3,0.01,658,0.4538512720729715
3,0.01,659,0.45385127380422885
3,0.01,660,0.4538512754864701
3,0.01,661,0.453851277121083
3,0.01,662,0.453851278709416
3,0.01,663,0.45385128025277943
3,0.01,664,0.4538512817524465
3,0.01,665,0.45385128320965434
3,0.01,666,0.45385128462560503
3,0.01,667,0.4538512860014667
3,0.01,668,0.4538512873383744
3,0.01,669,0.45385128863743096
3,0.01,670,0.4538512898997081
3,0.01,671,0.45385129112624706
3,0.01,672,0.45385129231805976
3,0.01,673,0.4538512934761293
3,0.01,674,0.45385129460141105
3,0.01,675,0.45385129569483335
3,0.01,676,0.4538512967572982
3,0.01,677,0.4538512977896821
3,0.01,678,0.45385129879283664
3,0.01,679,0.4538512997675895
3,0.01,680,0.45385130071474467
3,0.01,681,0.4538513016350836
3,0.01,682,0.45385130252936545
3,0.01,683,0.453851303398328
3,0.01,684,0.45385130424268816
3,0.01,685,0.4538513050631424
3,0.01,686,0.4538513058603676
3,0.01,687,0.4538513066350214
3,0.01,688,0.4538513073877428
3,0.01,689,0.45385130811915286
3,0.01,690,0.4538513088298549
3,0.01,691,0.45385130952043523
3,0.01,692,0.4538513101914636
3,0.01,693,0.45385131084349345
3,0.01,694,0.4538513114770628
3,0.01,695,0.45385131209269425
3,0.01,696,0.4538513126908957
3,0.01,697,0.45385131327216055
3,0.01,698,0.45385131383696836
3,0.01,699,0.4538513143857851
3,0.01,700,0.4538513149190635
3,0.01,701,0.4538513154372435
3,0.01,702,0.45385131594075256
3,0.01,703,0.45385131643000604
3,0.01,704,0.4538513169054076
3,0.01,705,0.45385131736734935
3,0.01,706,0.4538513178162124
3,0.01,707,0.4538513182523671
3,0.01,708,0.4538513186761731
3,0.01,709,0.45385131908798015
3,0.01,710,0.45385131948812796
3,0.01,711,0.4538513198769466
3,0.01,712,0.45385132025475683
3,0.01,713,0.4538513206218704
3,0.01,714,0.45385132097859004
3,0.01,715,0.4538513213252101
3,0.01,716,0.45385132166201647
3,0.01,717,0.453851321989287
3,0.01,718,0.45385132230729175
3,0.01,719,0.45385132261629296
3,0.01,720,0.4538513229165456
3,0.01,721,0.45385132320829735
3,0.01,722,0.4538513234917889
3,0.01,723,0.4538513237672541
3,0.01,724,0.45385132403492023
3,0.01,725,0.4538513242950081
3,0.01,726,0.45385132454773225
3,0.01,727,0.45385132479330115
3,0.01,728,0.4538513250319174
3,0.01,729,0.4538513252637778
3,0.01,730,0.45385132548907375
3,0.01,731,0.45385132570799097
3,0.01,732,0.4538513259207101
3,0.01,733,0.45385132612740664
3,0.01,734,0.4538513263282511
3,0.01,735,0.45385132652340915
3,0.01,736,0.4538513267130418
3,0.01,737,0.4538513268973055
3,0.01,738,0.4538513270763523
3,0.01,739,0.4538513272503298
3,0.01,740,0.45385132741938156
3,0.01,741,0.45385132758364705
3,0.01,742,0.45385132774326176
3,0.01,743,0.4538513278983574
3,0.01,744,0.4538513280490619
3,0.01,745,0.45385132819549967
3,0.01,746,0.45385132833779135
3,0.01,747,0.4538513284760544
3,0.01,748,0.45385132861040295
3,0.01,749,0.45385132874094775
3,0.01,750,0.45385132886779644
3,0.01,751,0.4538513289910538
3,0.01,752,0.45385132911082143
3,0.01,753,0.4538513292271982
3,0.01,754,0.45385132934028
3,0.01,755,0.45385132945016016
3,0.01,756,0.45385132955692936
3,0.01,757,0.45385132966067565
3,0.01,758,0.4538513297614846
3,0.01,759,0.45385132985943943
3,0.01,760,0.45385132995462096
3,0.01,761,0.45385133004710765
3,0.01,762,0.4538513301369758
3,0.01,763,0.4538513302242996
3,0.01,764,0.45385133030915104
3,0.01,765,0.4538513303916001
3,0.01,766,0.45385133047171483
3,0.01,767,0.45385133054956134
3,0.01,768,0.45385133062520383
3,0.01,769,0.45385133069870465
3,0.01,770,0.4538513307701245
3,0.01,771,0.4538513308395223
3,0.01,772,0.45385133090695523
3,0.01,773,0.453851330972479
3,0.01,774,0.45385133103614766
3,0.01,775,0.4538513310980137
3,0.01,776,0.45385133115812815
3,0.01,777,0.45385133121654064
3,0.01,778,0.4538513312732993
3,0.01,779,0.453851331328451
3,0.01,780,0.45385133138204126
3,0.01,781,0.4538513314341142
3,0.01,782,0.45385133148471285
3,0.01,783,0.45385133153387885
3,0.01,784,0.4538513315816529
3,0.01,785,0.4538513316280744
3,0.01,786,0.45385133167318154
3,0.01,787,0.4538513317170116
3,0.01,788,0.4538513317596007
3,0.01,789,0.45385133180098397
3,0.01,790,0.45385133184119564
3,0.01,791,0.45385133188026877
3,0.01,792,0.4538513319182357
3,0.01,793,0.45385133195512767
3,0.01,794,0.4538513319909751
3,0.01,795,0.45385133202580763
3,0.01,796,0.453851332059654
3,0.01,797,0.453851332092542
3,0.01,798,0.45385133212449896
3,0.01,799,0.45385133215555107
3,0.01,800,0.45385133218572404
3,0.01,801,0.45385133221504276
3,0.01,802,0.4538513322435314
3,0.01,803,0.45385133227121344
3,0.01,804,0.45385133229811175
3,0.01,805,0.4538513323242485
3,0.01,806,0.45385133234964525
3,0.01,807,0.45385133237432296
3,0.01,808,0.453851332398302
3,0.01,809,0.4538513324216021
3,0.01,810,0.45385133244424253
3,0.01,811,0.453851332466242
3,0.01,812,0.45385133248761855
3,0.01,813,0.4538513325083899
3,0.01,814,0.4538513325285731
3,0.01,815,0.45385133254818494
3,0.01,816,0.4538513325672415
3,0.01,817,0.45385133258575855
3,0.01,818,0.4538513326037513
3,0.01,819,0.45385133262123467
3,0.01,820,0.453851332638223
3,0.01,821,0.4538513326547304
3,0.01,822,0.4538513326707704
3,0.01,823,0.45385133268635625
3,0.01,824,0.4538513327015008
3,0.01,825,0.4538513327162166
3,0.01,826,0.4538513327305157
3,0.01,827,0.45385133274441003
3,0.01,828,0.45385133275791095
3,0.01,829,0.4538513327710296
3,0.01,830,0.4538513327837769
3,0.01,831,0.4538513327961633
3,0.01,832,0.453851332808199
3,0.01,833,0.4538513328198939
3,0.01,834,0.4538513328312577
3,0.01,835,0.45385133284229984
3,0.01,836,0.4538513328530293
3,0.01,837,0.45385133286345497
3,0.01,838,0.4538513328735855
3,0.01,839,0.45385133288342916
3,0.01,840,0.4538513328929942
3,0.01,841,0.4538513329022883
3,0.01,842,0.45385133291131935
3,0.01,843,0.45385133292009466
3,0.01,844,0.4538513329286215
3,0.01,845,0.453851332936907
3,0.01,846,0.4538513329449579
3,0.01,847,0.45385133295278085
3,0.01,848,0.45385133296038227
3,0.01,849,0.45385133296776853
3,0.01,850,0.4538513329749457
3,0.01,851,0.4538513329819196
3,0.01,852,0.45385133298869607
3,0.01,853,0.4538513329952807
3,0.01,854,0.4538513330016789
3,0.01,855,0.45385133300789593
3,0.01,856,0.45385133301393693
3,0.01,857,0.4538513330198069
3,0.01,858,0.45385133302551073
3,0.01,859,0.453851333031053
3,0.01,860,0.45385133303643843
3,0.01,861,0.45385133304167136
3,0.01,862,0.4538513330467561
3,0.01,863,0.4538513330516969
3,0.01,864,0.45385133305649783
3,0.01,865,0.45385133306116276
3,0.01,866,0.4538513330656957
3,0.01,867,0.4538513330701003
3,0.01,868,0.45385133307438014
3,0.01,869,0.4538513330785388
3,0.01,870,0.4538513330825798
3,0.01,871,0.4538513330865063
3,0.01,872,0.45385133309032166
3,0.01,873,0.45385133309402903
3,0.01,874,0.45385133309763137
3,0.01,875,0.4538513331011318
3,0.01,876,0.4538513331045331
3,0.01,877,0.45385133310783804
3,0.01,878,0.4538513331110494
3,0.01,879,0.4538513331141699
3,0.01,880,0.45385133311720205
3,0.01,881,0.45385133312014836
3,0.01,882,0.45385133312301124
3,0.01,883,0.453851333125793
3,0.01,884,0.45385133312849607
3,0.01,885,0.4538513331311226
3,0.01,886,0.4538513331336747
3,0.01,887,0.45385133313615467
3,0.01,888,0.4538513331385644
3,0.01,889,0.45385133314090587
3,0.01,890,0.45385133314318105
3,0.01,891,0.45385133314539183
3,0.01,892,0.45385133314754
3,0.01,893,0.45385133314962733
3,0.01,894,0.4538513331516556
3,0.01,895,0.45385133315362647
3,0.01,896,0.4538513331555415
3,0.01,897,0.45385133315740234
3,0.01,898,0.4538513331592105
3,0.01,899,0.45385133316096743
3,0.01,900,0.45385133316267456
3,0.01,901,0.45385133316433346
3,0.01,902,0.4538513331659454
3,0.01,903,0.45385133316751164
3,0.01,904,0.45385133316903353
3,0.01,905,0.45385133317051235
3,0.01,906,0.4538513331719493
3,0.01,907,0.4538513331733456
3,0.01,908,0.4538513331747023
3,0.01,909,0.45385133317602055
3,0.01,910,0.4538513331773016
3,0.01,911,0.4538513331785463
3,0.01,912,0.4538513331797558
3,0.01,913,0.453851333180931
3,0.01,914,0.453851333182073
3,0.01,915,0.4538513331831826
3,0.01,916,0.45385133318426085
3,0.01,917,0.45385133318530857
3,0.01,918,0.4538513331863266
3,0.01,919,0.4538513331873158
3,0.01,920,0.453851333188277
3,0.01,921,0.45385133318921095
3,0.01,922,0.4538513331901185
3,0.01,923,0.45385133319100035
3,0.01,924,0.4538513331918572
3,0.01,925,0.45385133319268983
3,0.01,926,0.45385133319349885
3,0.01,927,0.453851333194285
3,0.01,928,0.4538513331950489
3,0.01,929,0.4538513331957912
3,0.01,930,0.45385133319651244
3,0.01,931,0.45385133319721327
3,0.01,932,0.4538513331978942
3,0.01,933,0.4538513331985559
3,0.01,934,0.4538513331991989
3,0.01,935,0.4538513331998237
3,0.01,936,0.45385133320043075
3,0.01,937,0.4538513332010206
3,0.01,938,0.4538513332015938
3,0.01,939,0.45385133320215076
3,0.01,940,0.45385133320269194
3,0.01,941,0.4538513332032178
3,0.01,942,0.4538513332037288
3,0.01,943,0.45385133320422527
3,0.01,944,0.4538513332047077
3,0.01,945,0.4538513332051765
3,0.01,946,0.453851333205632
3,0.01,947,0.45385133320607457
3,0.01,948,0.45385133320650467
3,0.01,949,0.45385133320692256
3,0.01,950,0.4538513332073287
3,0.01,951,0.45385133320772325
3,0.01,952,0.45385133320810667
3,0.01,953,0.4538513332084792
3,0.01,954,0.45385133320884125
3,0.01,955,0.453851333209193
3,0.01,956,0.45385133320953486
3,0.01,957,0.453851333209867
3,0.01,958,0.4538513332101897
3,0.01,959,0.4538513332105033
3,0.01,960,0.45385133321080806
3,0.01,961,0.45385133321110416
3,0.01,962,0.4538513332113918
3,0.01,963,0.45385133321167137
3,0.01,964,0.453851333211943
3,0.01,965,0.45385133321220694
3,0.01,966,0.4538513332124634
3,0.01,967,0.4538513332127126
3,0.01,968,0.4538513332129548
3,0.01,969,0.45385133321319004
3,0.01,970,0.4538513332134187
3,0.01,971,0.4538513332136409
3,0.01,972,0.45385133321385673
3,0.01,973,0.4538513332140665
3,0.01,974,0.45385133321427035
3,0.01,975,0.45385133321446836
3,0.01,976,0.4538513332146608
3,0.01,977,0.45385133321484783
3,0.01,978,0.4538513332150295
3,0.01,979,0.4538513332152061
3,0.01,980,0.4538513332153777
3,0.01,981,0.4538513332155444
3,0.01,982,0.45385133321570637
3,0.01,983,0.45385133321586374
3,0.01,984,0.4538513332160167
3,0.01,985,0.45385133321616533
3,0.01,986,0.45385133321630977
3,0.01,987,0.4538513332164501
3,0.01,988,0.45385133321658644
3,0.01,989,0.4538513332167189
3,0.01,990,0.4538513332168476
3,0.01,991,0.4538513332169727
3,0.01,992,0.4538513332170942
3,0.01,993,0.45385133321721227
3,0.01,994,0.45385133321732707
3,0.01,995,0.4538513332174386
3,0.01,996,0.45385133321754695
3,0.01,997,0.45385133321765225
3,0.01,998,0.45385133321775456
3,0.01,999,0.453851333217854
3,0.01,1000,0.45385133321795057
3,0.25,0,0.25
3,0.25,1,0.253872044414667
3,0.25,2,0.25772163057810843
3,0.25,3,0.26154636162593753
3,0.25,4,0.2653439299285073
3,0.25,5,0.2691121220576004
3,0.25,6,0.2728488230615278
3,0.25,7,0.2765520200507446
3,0.25,8,0.28021980510340966
3,0.25,9,0.28385037750694625
3,0.25,10,0.28744204535753515
3,0.25,11,0.2909932265445638
3,0.25,12,0.2945024491513384
3,0.25,13,0.2979683513068541
3,0.25,14,0.3013896805261244
3,0.25,15,0.3047652925785363
3,0.25,16,0.3080941499249659
3,0.25,17,0.31137531976501565
3,0.25,18,0.3146079717357825
3,0.25,19,0.3177913753031015
3,0.25,20,0.32092489688529574
3,0.25,21,0.3240079967481732
3,0.25,22,0.32704022570840524
3,0.25,23,0.3300212216805638
3,0.25,24,0.332950706101044
3,0.25,25,0.33582848025990775
3,0.25,26,0.33865442156940295
3,0.25,27,0.3414284797955832
3,0.25,28,0.34415067327711385
3,0.25,29,0.34682108515303267
3,0.25,30,0.3494398596189679
3,0.25,31,0.35200719822912097
3,0.25,32,0.35452335625921805
3,0.25,33,0.3569886391436349
3,0.25,34,0.35940339899801516
3,0.25,35,0.3617680312369388
3,0.25,36,0.36408297129456024
3,0.25,37,0.3663486914546262
3,0.25,38,0.36856569779489934
3,0.25,39,0.37073452724975703
3,0.25,40,0.37285574479359623
3,0.25,41,0.3749299407466575
3,0.25,42,0.3769577282039704
3,0.25,43,0.37893974058732127
3,0.25,44,0.38087662931943783
3,0.25,45,0.38276906161897467
3,0.25,46,0.38461771841435516
3,0.25,47,0.38642329237407813
3,0.25,48,0.3881864860507203
3,0.25,49,0.38990801013555565
3,0.25,50,0.3915885818204597
3,0.25,51,0.3932289232635704
3,0.25,52,0.3948297601550252
3,0.25,53,0.3963918203789863
3,0.25,54,0.3979158327680962
3,0.25,55,0.3994025259464674
3,0.25,56,0.4008526272573024
3,0.25,57,0.4022668617712554
3,0.25,58,0.403645951371687
3,0.25,59,0.40499061391301666
3,0.25,60,0.4063015624484521
3,0.25,61,0.4075795045234573
3,0.25,62,0.4088251415314164
3,0.25,63,0.41003916812805413
3,0.25,64,0.4112222717012831
3,0.25,65,0.4123751318932633
3,0.25,66,0.4134984201715769
3,0.25,67,0.41459279944654326
3,0.25,68,0.4156589237318192
3,0.25,69,0.41669743784555274
3,0.25,70,0.4177089771494799
3,0.25,71,0.41869416732347325
3,0.25,72,0.4196536241731706
3,0.25,73,0.4205879534684275
3,0.25,74,0.42149775081045066
3,0.25,75,0.4223836015255798
3,0.25,76,0.42324608058379226
3,0.25,77,0.4240857525401089
3,0.25,78,0.424903171497179
3,0.25,79,0.42569888108741893
3,0.25,80,0.42647341447317133
3,0.25,81,0.4272272943634403
3,0.25,82,0.42796103304584365
3,0.25,83,0.4286751324325038
3,0.25,84,0.42937008411867705
3,0.25,85,0.4300463694529937
3,0.25,86,0.4307044596182536
3,0.25,87,0.4313448157217869
3,0.25,88,0.43196788889445364
3,0.25,89,0.43257412039741666
3,0.25,90,0.43316394173587863
3,0.25,91,0.43373777477902786
3,0.25,92,0.43429603188548965
3,0.25,93,0.43483911603362635
3,0.25,94,0.4353674209560767
3,0.25,95,0.43588133127796647
3,0.25,96,0.43638122265826396
3,0.25,97,0.43686746193379095
3,0.25,98,0.43734040726543666
3,0.25,99,0.43780040828615513
3,0.25,100,0.4382478062503587
3,0.25,101,0.4386829341843492
3,0.25,102,0.4391061170374579
3,0.25,103,0.4395176718335894
3,0.25,104,0.43991790782289153
3,0.25,105,0.4403071266332937
3,0.25,106,0.44068562242168063
3,0.25,107,0.4410536820244857
3,0.25,108,0.4414115851075093
3,0.25,109,0.441759604314783
3,0.25,110,0.4420980054163195
3,0.25,111,0.4424270474546002
3,0.25,112,0.4427469828896706
3,0.25,113,0.44305805774272267
3,0.25,114,0.4433605117380596
3,0.25,115,0.4436545784433479
3,0.25,116,0.44394048540807196
3,0.25,117,0.44421845430011897
3,0.25,118,0.44448870104042715
3,0.25,119,0.44475143593564354
3,0.25,120,0.44500686380874155
3,0.25,121,0.4452551841275585
3,0.25,122,0.44549659113121826
3,0.25,123,0.4457312739544125
3,0.25,124,0.445959416749518
3,0.25,125,0.4461811988065336
3,0.25,126,0.4463967946708256
3,0.25,127,0.44660637425867455
3,0.25,128,0.4468101029706202
3,0.25,129,0.4470081418026066
3,0.25,130,0.44720064745493104
3,0.25,131,0.4473877724390047
3,0.25,132,0.44756966518193597
3,0.25,133,0.4477464701289498
3,0.25,134,0.44791832784365804
3,0.25,135,0.4480853751061996
3,0.25,136,0.4482477450092697
3,0.25,137,0.4484055670520601
3,0.25,138,0.448558967232133
3,0.25,139,0.44870806813525427
3,0.25,140,0.4488529890232103
3,0.25,141,0.44899384591963726
3,0.25,142,0.44913075169388894
3,0.25,143,0.4492638161429732
3,0.25,144,0.44939314607158587
3,0.25,145,0.44951884537027226
3,0.25,146,0.4496410150917473
3,0.25,147,0.44975975352540465
3,0.25,148,0.44987515627004654
3,0.25,149,0.4499873163048662
3,0.25,150,0.4500963240587139
3,0.25,151,0.4502022674776792
3,0.25,152,0.4503052320910211
3,0.25,153,0.4504053010754777
3,0.25,154,0.4505025553179884
3,0.25,155,0.45059707347685823
3,0.25,156,0.45068893204139876
3,0.25,157,0.45077820539007446
3,0.25,158,0.45086496584718755
3,0.25,159,0.4509492837381312
3,0.25,160,0.4510312274432424
3,0.25,161,0.4511108634502847
3,0.25,162,0.45118825640559046
3,0.25,163,0.45126346916389304
3,0.25,164,0.4513365628368779
3,0.25,165,0.4514075968404812
3,0.25,166,0.4514766289409649
3,0.25,167,0.4515437152997966
3,0.25,168,0.451608910517361
3,0.25,169,0.45167226767553137
3,0.25,170,0.45173383837912684
3,0.25,171,0.45179367279628235
3,0.25,172,0.45185181969775734
3,0.25,173,0.45190832649520823
3,0.25,174,0.45196323927844984
3,0.25,175,0.4520166028517304
3,0.25,176,0.4520684607690442
3,0.25,177,0.4521188553685051
3,0.25,178,0.4521678278058049
3,0.25,179,0.45221541808677795
3,0.25,180,0.45226166509909593
3,0.25,181,0.4523066066431129
3,0.25,182,0.4523502794618829
3,0.25,183,0.4523927192703708
3,0.25,184,0.45243396078387654
3,0.25,185,0.45247403774569356
3,0.25,186,0.4525129829540194
3,0.25,187,0.45255082828813936
3,0.25,188,0.45258760473390053
3,0.25,189,0.45262334240849544
3,0.25,190,0.4526580705845724
3,0.25,191,0.4526918177136906
3,0.25,192,0.45272461144913645
3,0.25,193,0.4527564786681181
3,0.25,194,0.4527874454933546
3,0.25,195,0.4528175373140752
3,0.25,196,0.4528467788064442
3,0.25,197,0.45287519395342696
3,0.25,198,0.4529028060641115
3,0.25,199,0.4529296377924999
3,0.25,200,0.45295571115578404
3,0.25,201,0.452981047552119
3,0.25,202,0.4530056677779076
3,0.25,203,0.45302959204460896
3,0.25,204,0.4530528399950846
3,0.25,205,0.45307543071949274
3,0.25,206,0.453097382770745
3,0.25,207,0.4531187141795357
3,0.25,208,0.4531394424689558
3,0.25,209,0.45315958466870304
3,0.25,210,0.4531791573288983
3,0.25,211,0.4531981765335196
3,0.25,212,0.4532166579134641
3,0.25,213,0.45323461665924714
3,0.25,214,0.45325206753334957
3,0.25,215,0.4532690248822219
3,0.25,216,0.45328550264795553
3,0.25,217,0.4533015143796287
3,0.25,218,0.4533170732443377
3,0.25,219,0.4533321920379208
3,0.25,220,0.4533468831953837
3,0.25,221,0.45336115880103445
3,0.25,222,0.45337503059833645
3,0.25,223,0.453388509999486
3,0.25,224,0.4534016080947233
3,0.25,225,0.45341433566138367
3,0.25,226,0.4534267031726957
3,0.25,227,0.4534387208063339
3,0.25,228,0.4534503984527326
3,0.25,229,0.4534617457231672
3,0.25,230,0.45347277195760965
3,0.25,231,0.45348348623236395
3,0.25,232,0.45349389736748863
3,0.25,233,0.4535040139340107
3,0.25,234,0.45351384426093827
3,0.25,235,0.45352339644207634
3,0.25,236,0.45353267834265193
3,0.25,237,0.45354169760575336
3,0.25,238,0.453550461658589
3,0.25,239,0.4535589777185708
3,0.25,240,0.45356725279922694
3,0.25,241,0.4535752937159485
3,0.25,242,0.45358310709157523
3,0.25,243,0.4535906993618241
3,0.25,244,0.4535980767805658
3,0.25,245,0.45360524542495273
3,0.25,246,0.4536122112004033
3,0.25,247,0.45361897984544575
3,0.25,248,0.4536255569364264
3,0.25,249,0.45363194789208494
3,0.25,250,0.45363815797800144
3,0.25,251,0.4536441923109185
3,0.25,252,0.45365005586294127
3,0.25,253,0.4536557534656197
3,0.25,254,0.45366128981391607
3,0.25,255,0.4536666694700604
3,0.25,256,0.4536718968672978
3,0.25,257,0.45367697631353004
3,0.25,258,0.4536819119948547
3,0.25,259,0.4536867079790046
3,0.25,260,0.45369136821869055
3,0.25,261,0.4536958965548496
3,0.25,262,0.453700296719802
3,0.25,263,0.4537045723403193
3,0.25,264,0.4537087269406057
3,0.25,265,0.4537127639451957
3,0.25,266,0.45371668668176973
3,0.25,267,0.4537204983838907
3,0.25,268,0.4537242021936632
3,0.25,269,0.4537278011643179
3,0.25,270,0.45373129826272274
3,0.25,271,0.45373469637182373
3,0.25,272,0.45373799829301653
3,0.25,273,0.45374120674845125
3,0.25,274,0.45374432438327233
3,0.25,275,0.4537473537677951
3,0.25,276,0.45375029739962097
3,0.25,277,0.4537531577056928
3,0.25,278,0.4537559370442925
3,0.25,279,0.453758637706982
3,0.25,280,0.45376126192048954
3,0.25,281,0.45376381184854286
3,0.25,282,0.4537662895936502
3,0.25,283,0.45376869719883145
3,0.25,284,0.4537710366493002
3,0.25,285,0.4537733098740984
3,0.25,286,0.4537755187476848
3,0.25,287,0.45377766509147827
3,0.25,288,0.45377975067535814
3,0.25,289,0.45378177721912144
3,0.25,290,0.4537837463938995
3,0.25,291,0.45378565982353447
3,0.25,292,0.45378751908591647
3,0.25,293,0.45378932571428365
3,0.25,294,0.453791081198485
3,0.25,295,0.4537927869862077
3,0.25,296,0.4537944444841698
3,0.25,297,0.45379605505927895
3,0.25,298,0.4537976200397588
3,0.25,299,0.45379914071624317
3,0.25,300,0.4538006183428394
3,0.25,301,0.4538020541381619
3,0.25,302,0.45380344928633604
3,0.25,303,0.4538048049379741
3,0.25,304,0.45380612221112315
3,0.25,305,0.4538074021921868
3,0.25,306,0.45380864593682
3,0.25,307,0.4538098544707995
3,0.25,308,0.453811028790869
3,0.25,309,0.45381216986556056
3,0.25,310,0.453813278635993
3,0.25,311,0.4538143560166475
3,0.25,312,0.45381540289612143
3,0.25,313,0.4538164201378607
3,0.25,314,0.45381740858087144
3,0.25,315,0.4538183690404117
3,0.25,316,0.45381930230866335
3,0.25,317,0.45382020915538523
3,0.25,318,0.4538210903285475
3,0.25,319,0.45382194655494845
3,0.25,320,0.45382277854081354
3,0.25,321,0.45382358697237757
3,0.25,322,0.4538243725164506
3,0.25,323,0.4538251358209675
3,0.25,324,0.4538258775155222
3,0.25,325,0.4538265982118868
3,0.25,326,0.45382729850451586
3,0.25,327,0.45382797897103655
3,0.25,328,0.45382864017272506
3,0.25,329,0.4538292826549691
3,0.25,330,0.45382990694771774
3,0.25,331,0.45383051356591847
3,0.25,332,0.4538311030099415
3,0.25,333,0.45383167576599276
3,0.25,334,0.45383223230651437
3,0.25,335,0.45383277309057457
3,0.25,336,0.45383329856424603
3,0.25,337,0.45383380916097366
3,0.25,338,0.4538343053019323
3,0.25,339,0.4538347873963738
3,0.25,340,0.45383525584196444
3,0.25,341,0.4538357110251132
3,0.25,342,0.45383615332129
3,0.25,343,0.45383658309533564
3,0.25,344,0.45383700070176247
3,0.25,345,0.45383740648504683
3,0.25,346,0.45383780077991326
3,0.25,347,0.4538381839116103
3,0.25,348,0.4538385561961788
3,0.25,349,0.45383891794071274
3,0.25,350,0.45383926944361214
3,0.25,351,0.4538396109948296
3,0.25,352,0.45383994287610907
3,0.25,353,0.45384026536121824
3,0.25,354,0.4538405787161746
3,0.25,355,0.4538408831994646
3,0.25,356,0.4538411790622568
3,0.25,357,0.4538414665486092
3,0.25,358,0.45384174589567045
3,0.25,359,0.45384201733387547
3,0.25,360,0.45384228108713537
3,0.25,361,0.4538425373730223
3,0.25,362,0.4538427864029489
3,0.25,363,0.45384302838234236
3,0.25,364,0.4538432635108143
3,0.25,365,0.45384349198232504
3,0.25,366,0.45384371398534396
3,0.25,367,0.45384392970300447
3,0.25,368,0.4538441393132555
3,0.25,369,0.45384434298900805
3,0.25,370,0.4538445408982778
3,0.25,371,0.4538447332043238
3,0.25,372,0.45384492006578303
3,0.25,373,0.4538451016368013
3,0.25,374,0.45384527806716035
3,0.25,375,0.4538454495024015
3,0.25,376,0.45384561608394564
3,0.25,377,0.4538457779492097
3,0.25,378,0.45384593523172045
3,0.25,379,0.4538460880612241
3,0.25,380,0.45384623656379364
3,0.25,381,0.45384638086193274
3,0.25,382,0.45384652107467693
3,0.25,383,0.4538466573176916
3,0.25,384,0.45384678970336745
3,0.25,385,0.4538469183409134
3,0.25,386,0.4538470433364463
3,0.25,387,0.4538471647930788
3,0.25,388,0.45384728281100417
3,0.25,389,0.45384739748757924
3,0.25,390,0.4538475089174043
3,0.25,391,0.45384761719240146
3,0.25,392,0.45384772240189036
3,0.25,393,0.4538478246326618
3,0.25,394,0.4538479239690495
3,0.25,395,0.4538480204929994
3,0.25,396,0.4538481142841375
3,0.25,397,0.45384820541983545
3,0.25,398,0.4538482939752744
3,0.25,399,0.4538483800235068
3,0.25,400,0.4538484636355171
3,0.25,401,0.45384854488028
3,0.25,402,0.4538486238248172
3,0.25,403,0.4538487005342532
3,0.25,404,0.4538487750718684
3,0.25,405,0.45384884749915183
3,0.25,406,0.4538489178758516
3,0.25,407,0.4538489862600241
3,0.25,408,0.4538490527080823
3,0.25,409,0.45384911727484173
3,0.25,410,0.4538491800135661
3,0.25,411,0.4538492409760112
3,0.25,412,0.4538493002124674
3,0.25,413,0.45384935777180124
3,0.25,414,0.4538494137014959
3,0.25,415,0.45384946804769005
3,0.25,416,0.4538495208552161
3,0.25,417,0.45384957216763727
3,0.25,418,0.4538496220272833
3,0.25,419,0.4538496704752855
3,0.25,420,0.4538497175516108
3,0.25,421,0.4538497632950944
3,0.25,422,0.45384980774347217
3,0.25,423,0.45384985093341135
3,0.25,424,0.45384989290054134
3,0.25,425,0.4538499336794826
3,0.25,426,0.45384997330387555
3,0.25,427,0.45385001180640805
3,0.25,428,0.4538500492188426
3,0.25,429,0.45385008557204226
3,0.25,430,0.4538501208959965
3,0.25,431,0.45385015521984573
3,0.25,432,0.45385018857190507
3,0.25,433,0.4538502209796882
3,0.25,434,0.45385025246992977
3,0.25,435,0.45385028306860753
3,0.25,436,0.4538503128009638
3,0.25,437,0.45385034169152605
3,0.25,438,0.4538503697641275
3,0.25,439,0.4538503970419265
3,0.25,440,0.4538504235474258
3,0.25,441,0.45385044930249097
3,0.25,442,0.4538504743283686
3,0.25,443,0.4538504986457037
3,0.25,444,0.45385052227455674
3,0.25,445,0.4538505452344203
3,0.25,446,0.45385056754423503
3,0.25,447,0.45385058922240534
3,0.25,448,0.4538506102868146
3,0.25,449,0.45385063075483983
3,0.25,450,0.45385065064336605
3,0.25,451,0.4538506699688003
3,0.25,452,0.453850688747085
3,0.25,453,0.4538507069937113
3,0.25,454,0.4538507247237316
3,0.25,455,0.45385074195177233
3,0.25,456,0.4538507586920457
3,0.25,457,0.4538507749583616
3,0.25,458,0.4538507907641389
3,0.25,459,0.45385080612241646
3,0.25,460,0.45385082104586416
3,0.25,461,0.453850835546793
3,0.25,462,0.4538508496371656
3,0.25,463,0.4538508633286057
3,0.25,464,0.45385087663240803
3,0.25,465,0.45385088955954755
3,0.25,466,0.4538509021206885
3,0.25,467,0.4538509143261932
3,0.25,468,0.4538509261861305
3,0.25,469,0.4538509377102843
3,0.25,470,0.4538509489081614
3,0.25,471,0.45385095978899953
3,0.25,472,0.4538509703617748
3,0.25,473,0.4538509806352092
3,0.25,474,0.4538509906177777
3,0.25,475,0.45385100031771564
3,0.25,476,0.4538510097430247
3,0.25,477,0.45385101890148055
3,0.25,478,0.45385102780063824
3,0.25,479,0.4538510364478392
3,0.25,480,0.45385104485021693
3,0.25,481,0.45385105301470297
3,0.25,482,0.4538510609480326
3,0.25,483,0.45385106865675046
3,0.25,484,0.45385107614721576
3,0.25,485,0.45385108342560787
3,0.25,486,0.453851090497931
3,0.25,487,0.4538510973700195
3,0.25,488,0.4538511040475425
3,0.25,489,0.4538511105360086
3,0.25,490,0.4538511168407704
3,0.25,491,0.4538511229670291
3,0.25,492,0.4538511289198386
3,0.25,493,0.45385113470410954
3,0.25,494,0.4538511403246137
3,0.25,495,0.4538511457859878
3,0.25,496,0.45385115109273705
3,0.25,497,0.45385115624923933
3,0.25,498,0.4538511612597485
3,0.25,499,0.45385116612839804
3,0.25,500,0.45385117085920423
3,0.25,501,0.4538511754560698
3,0.25,502,0.4538511799227869
3,0.25,503,0.4538511842630404
3,0.25,504,0.4538511884804107
3,0.25,505,0.4538511925783771
3,0.25,506,0.45385119656032
3,0.25,507,0.4538512004295244
3,0.25,508,0.4538512041891823
3,0.25,509,0.4538512078423951
3,0.25,510,0.45385121139217655
3,0.25,511,0.453851214841455
3,0.25,512,0.45385121819307606
3,0.25,513,0.4538512214498045
3,0.25,514,0.45385122461432703
3,0.25,515,0.45385122768925423
3,0.25,516,0.45385123067712274
3,0.25,517,0.4538512335803974
3,0.25,518,0.45385123640147335
3,0.25,519,0.4538512391426777
3,0.25,520,0.4538512418062719
3,0.25,521,0.4538512443944533
3,0.25,522,0.4538512469093569
3,0.25,523,0.45385124935305754
3,0.25,524,0.453851251727571
3,0.25,525,0.4538512540348562
3,0.25,526,0.45385125627681655
3,0.25,527,0.45385125845530155
3,0.25,528,0.45385126057210834
3,0.25,529,0.4538512626289831
3,0.25,530,0.4538512646276228
3,0.25,531,0.45385126656967617
3,0.25,532,0.4538512684567452
3,0.25,533,0.4538512702903868
3,0.25,534,0.45385127207211345
3,0.25,535,0.45385127380339507
3,0.25,536,0.45385127548565996
3,0.25,537,0.45385127712029577
3,0.25,538,0.45385127870865105
3,0.25,539,0.45385128025203614
3,0.25,540,0.45385128175172423
3,0.25,541,0.4538512832089525
3,0.25,542,0.45385128462492313
3,0.25,543,0.45385128600080415
3,0.25,544,0.4538512873377306
3,0.25,545,0.4538512886368054
3,0.25,546,0.45385128989910023
3,0.25,547,0.4538512911256564
3,0.25,548,0.45385129231748583
3,0.25,549,0.4538512934755716
3,0.25,550,0.45385129460086915
3,0.25,551,0.45385129569430677
3,0.25,552,0.45385129675678654
3,0.25,553,0.4538512977891849
3,0.25,554,0.4538512987923536
3,0.25,555,0.4538512997671201
3,0.25,556,0.45385130071428853
3,0.25,557,0.4538513016346404
3,0.25,558,0.4538513025289348
3,0.25,559,0.4538513033979096
3,0.25,560,0.4538513042422816
3,0.25,561,0.45385130506274735
3,0.25,562,0.4538513058599837
3,0.25,563,0.45385130663464834
3,0.25,564,0.4538513073873804
3,0.25,565,0.4538513081188007
3,0.25,566,0.45385130882951275
3,0.25,567,0.45385130952010283
3,0.25,568,0.45385131019114056
3,0.25,569,0.4538513108431796
3,0.25,570,0.45385131147675783
3,0.25,571,0.45385131209239793
3,0.25,572,0.45385131269060774
3,0.25,573,0.4538513132718808
3,0.25,574,0.4538513138366965
3,0.25,575,0.45385131438552095
3,0.25,576,0.4538513149188068
3,0.25,577,0.4538513154369941
3,0.25,578,0.4538513159405102
3,0.25,579,0.45385131642977056
3,0.25,580,0.45385131690517877
3,0.25,581,0.45385131736712697
3,0.25,582,0.4538513178159963
3,0.25,583,0.4538513182521571
3,0.25,584,0.45385131867596906
3,0.25,585,0.45385131908778187
3,0.25,586,0.4538513194879353
3,0.25,587,0.45385131987675936
3,0.25,588,0.45385132025457486
3,0.25,589,0.4538513206216935
3,0.25,590,0.45385132097841807
3,0.25,591,0.4538513213250429
3,0.25,592,0.45385132166185405
3,0.25,593,0.4538513219891292
3,0.25,594,0.4538513223071384
3,0.25,595,0.453851322616144
3,0.25,596,0.4538513229164009
3,0.25,597,0.4538513232081568
3,0.25,598,0.4538513234916523
3,0.25,599,0.4538513237671214
3,0.25,600,0.4538513240347913
3,0.25,601,0.4538513242948828
3,0.25,602,0.4538513245476105
3,0.25,603,0.45385132479318285
3,0.25,604,0.4538513250318025
3,0.25,605,0.4538513252636661
3,0.25,606,0.4538513254889652
3,0.25,607,0.4538513257078855
3,0.25,608,0.4538513259206076
3,0.25,609,0.45385132612730705
3,0.25,610,0.45385132632815434
3,0.25,611,0.4538513265233151
3,0.25,612,0.4538513267129504
3,0.25,613,0.45385132689721674
3,0.25,614,0.453851327076266
3,0.25,615,0.45385132725024596
3,0.25,616,0.4538513274193001
3,0.25,617,0.45385132758356794
3,0.25,618,0.45385132774318493
3,0.25,619,0.45385132789828275
3,0.25,620,0.45385132804898937
3,0.25,621,0.4538513281954291
3,0.25,622,0.45385132833772285
3,0.25,623,0.45385132847598786
3,0.25,624,0.4538513286103383
3,0.25,625,0.4538513287408849
3,0.25,626,0.45385132886773544
3,0.25,627,0.4538513289909945
3,0.25,628,0.4538513291107638
3,0.25,629,0.45385132922714216
3,0.25,630,0.45385132934022554
3,0.25,631,0.45385132945010725
3,0.25,632,0.45385132955687796
3,0.25,633,0.45385132966062575
3,0.25,634,0.45385132976143616
3,0.25,635,0.45385132985939236
3,0.25,636,0.4538513299545752
3,0.25,637,0.4538513300470632
3,0.25,638,0.4538513301369326
3,0.25,639,0.45385133022425755
3,0.25,640,0.4538513303091102
3,0.25,641,0.4538513303915604
3,0.25,642,0.45385133047167625
3,0.25,643,0.45385133054952387
3,0.25,644,0.4538513306251674
3,0.25,645,0.4538513306986693
3,0.25,646,0.4538513307700901
3,0.25,647,0.45385133083948886
3,0.25,648,0.45385133090692276
3,0.25,649,0.45385133097244745
3,0.25,650,0.45385133103611697
3,0.25,651,0.45385133109798387
3,0.25,652,0.45385133115809917
3,0.25,653,0.45385133121651244
3,0.25,654,0.45385133127327193
3,0.25,655,0.45385133132842437
3,0.25,656,0.45385133138201533
3,0.25,657,0.453851331434089
3,0.25,658,0.4538513314846883
3,0.25,659,0.45385133153385504
3,0.25,660,0.45385133158162977
3,0.25,661,0.45385133162805186
3,0.25,662,0.4538513316731596
3,0.25,663,0.45385133171699027
3,0.25,664,0.4538513317595799
3,0.25,665,0.4538513318009638
3,0.25,666,0.45385133184117604
3,0.25,667,0.45385133188024973
3,0.25,668,0.45385133191821714
3,0.25,669,0.4538513319551096
3,0.25,670,0.4538513319909576
3,0.25,671,0.45385133202579064
3,0.25,672,0.45385133205963746
3,0.25,673,0.453851332092526
3,0.25,674,0.45385133212448336
3,0.25,675,0.4538513321555359
3,0.25,676,0.45385133218570933
3,0.25,677,0.4538513322150285
3,0.25,678,0.45385133224351754
3,0.25,679,0.4538513322712
3,0.25,680,0.4538513322980987
3,0.25,681,0.45385133232423586
3,0.25,682,0.45385133234963293
3,0.25,683,0.453851332374311
3,0.25,684,0.4538513323982904
3,0.25,685,0.4538513324215908
3,0.25,686,0.4538513324442316
3,0.25,687,0.4538513324662313
3,0.25,688,0.4538513324876082
3,0.25,689,0.45385133250837983
3,0.25,690,0.45385133252856336
3,0.25,691,0.45385133254817545
3,0.25,692,0.45385133256723226
3,0.25,693,0.45385133258574956
3,0.25,694,0.45385133260374255
3,0.25,695,0.4538513326212261
3,0.25,696,0.4538513326382147
3,0.25,697,0.4538513326547223
3,0.25,698,0.4538513326707625
3,0.25,699,0.4538513326863486
3,0.25,700,0.45385133270149336
3,0.25,701,0.45385133271620937
3,0.25,702,0.45385133273050876
3,0.25,703,0.45385133274440326
3,0.25,704,0.4538513327579044
3,0.25,705,0.45385133277102324
3,0.25,706,0.4538513327837707
3,0.25,707,0.45385133279615725
3,0.25,708,0.45385133280819306
3,0.25,709,0.45385133281988815
3,0.25,710,0.4538513328312521
3,0.25,711,0.4538513328422944
3,0.25,712,0.45385133285302404
3,0.25,713,0.4538513328634498
3,0.25,714,0.4538513328735805
3,0.25,715,0.45385133288342433
3,0.25,716,0.45385133289298946
3,0.25,717,0.4538513329022838
3,0.25,718,0.45385133291131496
3,0.25,719,0.4538513329200904
3,0.25,720,0.4538513329286174
3,0.25,721,0.453851332936903
3,0.25,722,0.453851332944954
3,0.25,723,0.4538513329527771
3,0.25,724,0.45385133296037866
3,0.25,725,0.45385133296776503
3,0.25,726,0.4538513329749423
3,0.25,727,0.4538513329819163
3,0.25,728,0.45385133298869285
3,0.25,729,0.4538513329952776
3,0.25,730,0.45385133300167585
3,0.25,731,0.453851333007893
3,0.25,732,0.4538513330139341
3,0.25,733,0.4538513330198041
3,0.25,734,0.453851333025508
3,0.25,735,0.45385133303105035
3,0.25,736,0.45385133303643577
3,0.25,737,0.4538513330416688
3,0.25,738,0.4538513330467536
3,0.25,739,0.45385133305169445
3,0.25,740,0.45385133305649544
3,0.25,741,0.45385133306116043
3,0.25,742,0.4538513330656934
3,0.25,743,0.45385133307009806
3,0.25,744,0.45385133307437797
3,0.25,745,0.4538513330785367
3,0.25,746,0.4538513330825777
3,0.25,747,0.4538513330865043
3,0.25,748,0.4538513330903198
3,0.25,749,0.45385133309402714
3,0.25,750,0.4538513330976296
3,0.25,751,0.45385133310113
3,0.25,752,0.45385133310453135
3,0.25,753,0.45385133310783643
3,0.25,754,0.4538513331110479
3,0.25,755,0.4538513331141685
3,0.25,756,0.45385133311720066
3,0.25,757,0.45385133312014697
3,0.25,758,0.45385133312300985
3,0.25,759,0.45385133312579173
3,0.25,760,0.45385133312849485
3,0.25,761,0.4538513331311214
3,0.25,762,0.4538513331336736
3,0.25,763,0.45385133313615356
3,0.25,764,0.4538513331385633
3,0.25,765,0.45385133314090476
3,0.25,766,0.45385133314317994
3,0.25,767,0.4538513331453907
3,0.25,768,0.45385133314753895
3,0.25,769,0.45385133314962633
3,0.25,770,0.45385133315165466
3,0.25,771,0.4538513331536255
3,0.25,772,0.45385133315554055
3,0.25,773,0.4538513331574014
3,0.25,774,0.4538513331592095
3,0.25,775,0.4538513331609665
3,0.25,776,0.4538513331626737
3,0.25,777,0.45385133316433257
3,0.25,778,0.45385133316594445
3,0.25,779,0.45385133316751075
3,0.25,780,0.4538513331690327
3,0.25,781,0.4538513331705115
3,0.25,782,0.4538513331719485
3,0.25,783,0.4538513331733448
3,0.25,784,0.45385133317470155
3,0.25,785,0.4538513331760199
3,0.25,786,0.45385133317730086
3,0.25,787,0.45385133317854565
3,0.25,788,0.4538513331797551
3,0.25,789,0.4538513331809304
3,0.25,790,0.4538513331820724
3,0.25,791,0.45385133318318205
3,0.25,792,0.4538513331842603
3,0.25,793,0.453851333185308
3,0.25,794,0.45385133318632603
3,0.25,795,0.45385133318731524
3,0.25,796,0.4538513331882764
3,0.25,797,0.45385133318921045
3,0.25,798,0.453851333190118
3,0.25,799,0.45385133319099985
3,0.25,800,0.4538513331918568
3,0.25,801,0.45385133319268944
3,0.25,802,0.4538513331934985
3,0.25,803,0.45385133319428467
3,0.25,804,0.45385133319504856
3,0.25,805,0.45385133319579085
3,0.25,806,0.4538513331965121
3,0.25,807,0.45385133319721294
3,0.25,808,0.4538513331978939
3,0.25,809,0.4538513331985556
3,0.25,810,0.45385133319919857
3,0.25,811,0.45385133319982335
3,0.25,812,0.4538513332004304
3,0.25,813,0.4538513332010203
3,0.25,814,0.4538513332015935
3,0.25,815,0.4538513332021505
3,0.25,816,0.45385133320269166
3,0.25,817,0.4538513332032176
3,0.25,818,0.45385133320372856
3,0.25,819,0.4538513332042251
3,0.25,820,0.45385133320470755
3,0.25,821,0.45385133320517634
3,0.25,822,0.45385133320563187
3,0.25,823,0.45385133320607446
3,0.25,824,0.45385133320650456
3,0.25,825,0.45385133320692245
3,0.25,826,0.45385133320732857
3,0.25,827,0.45385133320772314
3,0.25,828,0.45385133320810656
3,0.25,829,0.4538513332084791
3,0.25,830,0.45385133320884113
3,0.25,831,0.4538513332091929
3,0.25,832,0.45385133320953475
3,0.25,833,0.45385133320986687
3,0.25,834,0.4538513332101896
3,0.25,835,0.4538513332105032
3,0.25,836,0.45385133321080795
3,0.25,837,0.45385133321110405
3,0.25,838,0.4538513332113917
3,0.25,839,0.45385133321167126
3,0.25,840,0.45385133321194293
3,0.25,841,0.4538513332122069
3,0.25,842,0.45385133321246335
3,0.25,843,0.45385133321271254
3,0.25,844,0.45385133321295473
3,0.25,845,0.45385133321319
3,0.25,846,0.45385133321341864
3,0.25,847,0.4538513332136408
3,0.25,848,0.4538513332138567
3,0.25,849,0.45385133321406645
3,0.25,850,0.4538513332142703
3,0.25,851,0.45385133321446836
3,0.25,852,0.4538513332146608
3,0.25,853,0.45385133321484783
3,0.25,854,0.4538513332150295
3,0.25,855,0.4538513332152061
3,0.25,856,0.4538513332153777
3,0.25,857,0.4538513332155444
3,0.25,858,0.45385133321570637
3,0.25,859,0.45385133321586374
3,0.25,860,0.4538513332160167
3,0.25,861,0.45385133321616533
3,0.25,862,0.45385133321630977
3,0.25,863,0.4538513332164501
3,0.25,864,0.45385133321658644
3,0.25,865,0.4538513332167189
3,0.25,866,0.4538513332168476
3,0.25,867,0.4538513332169727
3,0.25,868,0.4538513332170942
3,0.25,869,0.45385133321721227
3,0.25,870,0.45385133321732707
3,0.25,871,0.4538513332174386
3,0.25,872,0.45385133321754695
3,0.25,873,0.45385133321765225
3,0.25,874,0.45385133321775456
3,0.25,875,0.453851333217854
3,0.25,876,0.45385133321795057
3,0.25,877,0.45385133321804444
3,0.25,878,0.45385133321813564
3,0.25,879,0.45385133321822424
3,0.25,880,0.45385133321831034
3,0.25,881,0.45385133321839405
3,0.25,882,0.4538513332184753
3,0.25,883,0.4538513332185543
3,0.25,884,0.4538513332186311
3,0.25,885,0.4538513332187057
3,0.25,886,0.45385133321877813
3,0.25,887,0.4538513332188485
3,0.25,888,0.45385133321891696
3,0.25,889,0.45385133321898347
3,0.25,890,0.4538513332190481
3,0.25,891,0.45385133321911086
3,0.25,892,0.45385133321917187
3,0.25,893,0.45385133321923116
3,0.25,894,0.4538513332192887
3,0.25,895,0.4538513332193447
3,0.25,896,0.4538513332193991
3,0.25,897,0.4538513332194519
3,0.25,898,0.4538513332195033
3,0.25,899,0.4538513332195532
3,0.25,900,0.45385133321960164
3,0.25,901,0.4538513332196487
3,0.25,902,0.4538513332196945
3,0.25,903,0.45385133321973903
3,0.25,904,0.45385133321978227
3,0.25,905,0.4538513332198243
3,0.25,906,0.4538513332198651
3,0.25,907,0.45385133321990473
3,0.25,908,0.45385133321994325
3,0.25,909,0.4538513332199807
3,0.25,910,0.4538513332200171
3,0.25,911,0.4538513332200524
3,0.25,912,0.4538513332200867
3,0.25,913,0.4538513332201201
3,0.25,914,0.45385133322015253
3,0.25,915,0.453851333220184
3,0.25,916,0.45385133322021465
3,0.25,917,0.4538513332202444
3,0.25,918,0.4538513332202733
3,0.25,919,0.4538513332203014
3,0.25,920,0.45385133322032867
3,0.25,921,0.4538513332203552
3,0.25,922,0.453851333220381
3,0.25,923,0.45385133322040605
3,0.25,924,0.45385133322043036
3,0.25,925,0.453851333220454
3,0.25,926,0.453851333220477
3,0.25,927,0.4538513332204993
3,0.25,928,0.453851333220521
3,0.25,929,0.45385133322054205
3,0.25,930,0.45385133322056254
3,0.25,931,0.45385133322058246
3,0.25,932,0.4538513332206018
3,0.25,933,0.4538513332206206
3,0.25,934,0.45385133322063886
3,0.25,935,0.4538513332206566
3,0.25,936,0.45385133322067384
3,0.25,937,0.4538513332206906
3,0.25,938,0.4538513332207069
3,0.25,939,0.45385133322072274
3,0.25,940,0.4538513332207381
3,0.25,941,0.45385133322075305
3,0.25,942,0.45385133322076754
3,0.25,943,0.45385133322078164
3,0.25,944,0.45385133322079535
3,0.25,945,0.4538513332208087
3,0.25,946,0.4538513332208216
3,0.25,947,0.4538513332208342
3,0.25,948,0.4538513332208464
3,0.25,949,0.4538513332208583
3,0.25,950,0.45385133322086985
3,0.25,951,0.45385133322088106
3,0.25,952,0.45385133322089194
3,0.25,953,0.4538513332209025
3,0.25,954,0.45385133322091276
3,0.25,955,0.45385133322092275
3,0.25,956,0.45385133322093246
3,0.25,957,0.4538513332209419
3,0.25,958,0.45385133322095106
3,0.25,959,0.45385133322095994
3,0.25,960,0.4538513332209686
3,0.25,961,0.453851333220977
3,0.25,962,0.4538513332209852
3,0.25,963,0.45385133322099314
3,0.25,964,0.45385133322100085
3,0.25,965,0.45385133322100835
3,0.25,966,0.4538513332210156
3,0.25,967,0.4538513332210227
3,0.25,968,0.45385133322102955
3,0.25,969,0.4538513332210362
3,0.25,970,0.4538513332210427
3,0.25,971,0.453851333221049
3,0.25,972,0.45385133322105514
3,0.25,973,0.4538513332210611
3,0.25,974,0.45385133322106685
3,0.25,975,0.4538513332210725
3,0.25,976,0.453851333221078
3,0.25,977,0.45385133322108334
3,0.25,978,0.4538513332210885
3,0.25,979,0.4538513332210935
3,0.25,980,0.4538513332210984
3,0.25,981,0.4538513332211031
3,0.25,982,0.4538513332211077
3,0.25,983,0.4538513332211122
3,0.25,984,0.45385133322111654
3,0.25,985,0.45385133322112076
3,0.25,986,0.45385133322112486
3,0.25,987,0.4538513332211288
3,0.25,988,0.4538513332211327
3,0.25,989,0.4538513332211364
3,0.25,990,0.4538513332211401
3,0.25,991,0.4538513332211436
3,0.25,992,0.4538513332211471
3,0.25,993,0.45385133322115045
3,0.25,994,0.4538513332211537
3,0.25,995,0.4538513332211569
3,0.25,996,0.45385133322116
3,0.25,997,0.453851333221163
3,0.25,998,0.4538513332211659
3,0.25,999,0.4538513332211687
3,0.25,1000,0.45385133322117144
3,0.75,0,0.75
3,0.75,1,0.7412420782772786
3,0.75,2,0.7327101400516476
3,0.75,3,0.7244022551516932
3,0.75,4,0.7163161222113248
3,0.75,5,0.708449100063751
3,0.75,6,0.700798239997871
3,0.75,7,0.6933603181892726
3,0.75,8,0.6861318677430636
3,0.75,9,0.6791092098990563
3,0.75,10,0.6722884840505036
3,0.75,11,0.6656656763155334
3,0.75,12,0.6592366464760023
3,0.75,13,0.6529971531623893
3,0.75,14,0.6469428772165454
3,0.75,15,0.6410694432076347
3,0.75,16,0.6353724391115657
3,0.75,17,0.629847434191713
3,0.75,18,0.6244899951398009
3,0.75,19,0.6192957005514456
3,0.75,20,0.6142601538219019
3,0.75,21,0.6093789945548306
3,0.75,22,0.6046479085810802
3,0.75,23,0.6000626366861742
3,0.75,24,0.5956189821449182
3,0.75,25,0.5913128171597388
3,0.75,26,0.5871400882964088
3,0.75,27,0.5830968210069957
3,0.75,28,0.579179123325467
3,0.75,29,0.5753831888165823
3,0.75,30,0.5717052988536803
3,0.75,31,0.5681418242958498
3,0.75,32,0.5646892266298753
3,0.75,33,0.5613440586373292
3,0.75,34,0.5581029646423256
3,0.75,35,0.5549626803907849
3,0.75,36,0.5519200326076167
3,0.75,37,0.5489719382740335
3,0.75,38,0.5461154036632732
3,0.75,39,0.5433475231693248
3,0.75,40,0.5406654779598378
3,0.75,41,0.5380665344812324
3,0.75,42,0.5355480428411102
3,0.75,43,0.5331074350903882
3,0.75,44,0.5307422234251254
3,0.75,45,0.5284499983257729
3,0.75,46,0.526228426649534
3,0.75,47,0.5240752496896779
3,0.75,48,0.5219882812139629
3,0.75,49,0.5199654054928138
3,0.75,50,0.5180045753265285
3,0.75,51,0.5161038100795576
3,0.75,52,0.5142611937287949
3,0.75,53,0.5124748729318274
3,0.75,54,0.5107430551202067
3,0.75,55,0.5090640066220125
3,0.75,56,0.5074360508172786
3,0.75,57,0.5058575663292235
3,0.75,58,0.5043269852536766
3,0.75,59,0.5028427914286006
3,0.75,60,0.5014035187451807
3,0.75,61,0.5000077495015716
3,0.75,62,0.49865411280005995
3,0.75,63,0.49734128298811486
3,0.75,64,0.49606797814354053
3,0.75,65,0.49483295860373283
3,0.75,66,0.49363502553884947
3,0.75,67,0.49247301956854506
3,0.75,68,0.4913458194217828
3,0.75,69,0.49025234063912076
3,0.75,70,0.4891915343167718
3,0.75,71,0.4881623858916569
3,0.75,72,0.48716391396660563
3,0.75,73,0.48619516917480493
3,0.75,74,0.48525523308255547
3,0.75,75,0.48434321712936473
3,0.75,76,0.483458261604382
3,0.75,77,0.48259953465816735
3,0.75,78,0.4817662313487765
3,0.75,79,0.4809575727211418
3,0.75,80,0.4801728049187328
3,0.75,81,0.4794111983264844
3,0.75,82,0.4786720467439926
3,0.75,83,0.4779546665879907
3,0.75,84,0.477258396123133
3,0.75,85,0.4765825947201336
3,0.75,86,0.4759266421403253
3,0.75,87,0.47528993784572543
3,0.75,88,0.4746719003337173
3,0.75,89,0.47407196649547956
3,0.75,90,0.47348959099731786
3,0.75,91,0.4729242456840787
3,0.75,92,0.47237541900384844
3,0.75,93,0.47184261545316514
3,0.75,94,0.4713253550419949
3,0.75,95,0.4708231727777492
3,0.75,96,0.4703356181676421
3,0.75,97,0.46986225473871174
3,0.75,98,0.4694026595748517
3,0.75,99,0.4689564228702221
3,0.75,100,0.4685231474984317
3,0.75,101,0.4681024485969047
3,0.75,102,0.4676939531658661
3,0.75,103,0.4672972996814018
3,0.75,104,0.4669121377220681
3,0.75,105,0.46653812760854535
3,0.75,106,0.4661749400558507
3,0.75,107,0.4658222558376403
3,0.75,108,0.46547976546215253
3,0.75,109,0.4651471688593583
3,0.75,110,0.4648241750789023
3,0.75,111,0.4645105019984348
3,0.75,112,0.46420587604194946
3,0.75,113,0.46391003190775637
3,0.75,114,0.46362271230573504
3,0.75,115,0.4633436677035257
3,0.75,116,0.46307265608132936
3,0.75,117,0.46280944269500207
3,0.75,118,0.46255379984713857
3,0.75,119,0.4623055066658546
3,0.75,120,0.4620643488909869
3,0.75,121,0.46183011866744195
3,0.75,122,0.4616026143454339
3,0.75,123,0.4613816402873638
3,0.75,124,0.4611670066810996
3,0.75,125,0.46095852935942844
3,0.75,126,0.4607560296254592
3,0.75,127,0.46055933408376326
3,0.75,128,0.4603682744770495
3,0.75,129,0.4601826875281766
3,0.75,130,0.46000241478731463
3,0.75,131,0.4598273024840736
3,0.75,132,0.4596572013844251
3,0.75,133,0.4594919666522487
3,0.75,134,0.4593314577153417
3,0.75,135,0.4591755381357373
3,0.75,136,0.4590240754841811
3,0.75,137,0.45887694121862244
3,0.75,138,0.45873401056658236
3,0.75,139,0.4585951624112652
3,0.75,140,0.4584602791812845
3,0.75,141,0.4583292467438818
3,0.75,142,0.45820195430151756
3,0.75,143,0.4580782942917211
3,0.75,144,0.4579581622900892
3,0.75,145,0.45784145691632677
3,0.75,146,0.4577280797432283
3,0.75,147,0.4576179352085007
3,0.75,148,0.45751093052933345
3,0.75,149,0.45740697561962435
3,0.75,150,0.45730598300977277
3,0.75,151,0.4572078677689558
3,0.75,152,0.45711254742980506
3,0.75,153,0.4570199419154057
3,0.75,154,0.4569299734685411
3,0.75,155,0.4568425665831103
3,0.75,156,0.4567576479376473
3,0.75,157,0.4566751463308735
3,0.75,158,0.45659499261921843
3,0.75,159,0.4565171196562439
3,0.75,160,0.4564414622339119
3,0.75,161,0.4563679570256352
3,0.75,162,0.45629654253105506
3,0.75,163,0.45622715902249034
3,0.75,164,0.4561597484930044
3,0.75,165,0.45609425460603903
3,0.75,166,0.45603062264656535
3,0.75,167,0.4559687994737038
3,0.75,168,0.4559087334747668
3,0.75,169,0.4558503745206798
3,0.75,170,0.4557936739227365
3,0.75,171,0.45573858439064785
3,0.75,172,0.45568505999184283
3,0.75,173,0.4556330561119833
3,0.75,174,0.4555825294166544
3,0.75,175,0.45553343781419464
3,0.75,176,0.45548574041962964
3,0.75,177,0.45543939751967594
3,0.75,178,0.45539437053878185
3,0.75,179,0.45535062200617327
3,0.75,180,0.45530811552387374
3,0.75,181,0.4552668157356688
3,0.75,182,0.45522668829698565
3,0.75,183,0.4551876998456606
3,0.75,184,0.45514981797356663
3,0.75,185,0.4551130111990755
3,0.75,186,0.45507724894032847
3,0.75,187,0.4550425014892919
3,0.75,188,0.45500873998657276
3,0.75,189,0.45497593639697276
3,0.75,190,0.4549440634857571
3,0.75,191,0.4549130947956177
3,0.75,192,0.4548830046243088
3,0.75,193,0.45485376800293625
3,0.75,194,0.4548253606748791
3,0.75,195,0.4547977590753262
3,0.75,196,0.4547709403114083
3,0.75,197,0.45474488214290854
3,0.75,198,0.45471956296353344
3,0.75,199,0.4546949617827287
3,0.75,200,0.45467105820802245
3,0.75,201,0.454647832427881
3,0.75,202,0.45462526519506186
3,0.75,203,0.4546033378104492
3,0.75,204,0.4545820321073571
3,0.75,205,0.45456133043628744
3,0.75,206,0.45454121565012856
3,0.75,207,0.45452167108978175
3,0.75,208,0.45450268057020315
3,0.75,209,0.45448422836684865
3,0.75,210,0.45446629920250975
3,0.75,211,0.4544488782345296
3,0.75,212,0.4544319510423875
3,0.75,213,0.4544155036156407
3,0.75,214,0.45439952234221415
3,0.75,215,0.4543839939970271
3,0.75,216,0.45436890573094685
3,0.75,217,0.4543542450600603
3,0.75,218,0.45433999985525425
3,0.75,219,0.4543261583320948
3,0.75,220,0.4543127090409973
3,0.75,221,0.4542996408576794
3,0.75,222,0.4542869429738871
3,0.75,223,0.45427460488838767
3,0.75,224,0.45426261639822046
3,0.75,225,0.4542509675901989
3,0.75,226,0.45423964883265583
3,0.75,227,0.45422865076742547
3,0.75,228,0.45421796430205497
3,0.75,229,0.45420758060223904
3,0.75,230,0.45419749108447105
3,0.75,231,0.45418768740890475
3,0.75,232,0.45417816147241963
3,0.75,233,0.4541689054018851
3,0.75,234,0.454159911547617
3,0.75,235,0.4541511724770213
3,0.75,236,0.45414268096841925
3,0.75,237,0.45413443000504927
3,0.75,238,0.45412641276923965
3,0.75,239,0.4541186226367482
3,0.75,240,0.45411105317126294
3,0.75,241,0.4541036981190604
3,0.75,242,0.45409655140381555
3,0.75,243,0.45408960712156066
3,0.75,244,0.4540828595357872
3,0.75,245,0.45407630307268776
3,0.75,246,0.45406993231653375
3,0.75,247,0.45406374200518457
3,0.75,248,0.4540577270257249
3,0.75,249,0.4540518824102264
3,0.75,250,0.4540462033316301
3,0.75,251,0.4540406850997457
3,0.75,252,0.45403532315736567
3,0.75,253,0.45403011307648905
3,0.75,254,0.4540250505546535
3,0.75,255,0.45402013141137104
3,0.75,256,0.45401535158466627
3,0.75,257,0.45401070712771197
3,0.75,258,0.4540061942055611
3,0.75,259,0.4540018090919717
3,0.75,260,0.45399754816632193
3,0.75,261,0.45399340791061293
3,0.75,262,0.4539893849065571
3,0.75,263,0.45398547583274873
3,0.75,264,0.4539816774619156
3,0.75,265,0.45397798665824823
3,0.75,266,0.4539744003748056
3,0.75,267,0.4539709156509938
3,0.75,268,0.4539675296101173
3,0.75,269,0.4539642394569991
3,0.75,270,0.45396104247566854
3,0.75,271,0.45395793602711526
3,0.75,272,0.4539549175471065
3,0.75,273,0.4539519845440666
3,0.75,274,0.4539491345970168
3,0.75,275,0.4539463653535732
3,0.75,276,0.45394367452800205
3,0.75,277,0.4539410598993299
3,0.75,278,0.45393851930950774
3,0.75,279,0.4539360506616266
3,0.75,280,0.45393365191818474
3,0.75,281,0.4539313210994033
3,0.75,282,0.4539290562815901
3,0.75,283,0.45392685559554946
3,0.75,284,0.453924717225038
3,0.75,285,0.4539226394052634
3,0.75,286,0.45392062042142595
3,0.75,287,0.4539186586073021
3,0.75,288,0.45391675234386714
3,0.75,289,0.453914900057958
3,0.75,290,0.4539131002209733
3,0.75,291,0.4539113513476104
3,0.75,292,0.4539096519946386
3,0.75,293,0.45390800075970683
3,0.75,294,0.4539063962801851
3,0.75,295,0.453904837232039
3,0.75,296,0.4539033223287362
3,0.75,297,0.45390185032018365
3,0.75,298,0.45390041999169517
3,0.75,299,0.4538990301629882
3,0.75,300,0.45389767968720907
3,0.75,301,0.45389636744998574
3,0.75,302,0.4538950923685078
3,0.75,303,0.4538938533906319
3,0.75,304,0.4538926494940132
3,0.75,305,0.45389147968526117
3,0.75,306,0.45389034299911907
3,0.75,307,0.45388923849766716
3,0.75,308,0.45388816526954817
3,0.75,309,0.45388712242921486
3,0.75,310,0.4538861091161988
3,0.75,311,0.4538851244944001
3,0.75,312,0.4538841677513969
3,0.75,313,0.45388323809777487
3,0.75,314,0.45388233476647527
3,0.75,315,0.45388145701216187
3,0.75,316,0.4538806041106056
3,0.75,317,0.45387977535808666
3,0.75,318,0.4538789700708135
3,0.75,319,0.45387818758435866
3,0.75,320,0.45387742725311
3,0.75,321,0.4538766884497378
3,0.75,322,0.45387597056467716
3,0.75,323,0.45387527300562464
3,0.75,324,0.4538745951970494
3,0.75,325,0.45387393657971825
3,0.75,326,0.45387329661023396
3,0.75,327,0.4538726747605868
3,0.75,328,0.45387207051771866
3,0.75,329,0.4538714833830997
3,0.75,330,0.45387091287231685
3,0.75,331,0.453870358514674
3,0.75,332,0.4538698198528036
3,0.75,333,0.45386929644228907
3,0.75,334,0.453868787851298
3,0.75,335,0.4538682936602259
3,0.75,336,0.45386781346134997
3,0.75,337,0.45386734685849234
3,0.75,338,0.4538668934666933
3,0.75,339,0.45386645291189365
3,0.75,340,0.4538660248306258
3,0.75,341,0.4538656088697142
3,0.75,342,0.45386520468598346
3,0.75,343,0.4538648119459754
3,0.75,344,0.45386443032567386
3,0.75,345,0.4538640595102373
3,0.75,346,0.4538636991937389
3,0.75,347,0.4538633490789143
3,0.75,348,0.45386300887691605
3,0.75,349,0.45386267830707555
3,0.75,350,0.4538623570966712
3,0.75,351,0.45386204498070365
3,0.75,352,0.4538617417016767
3,0.75,353,0.4538614470093852
3,0.75,354,0.45386116066070836
3,0.75,355,0.4538608824194095
3,0.75,356,0.4538606120559405
3,0.75,357,0.4538603493472532
3,0.75,358,0.45386009407661454
3,0.75,359,0.4538598460334283
3,0.75,360,0.4538596050130611
3,0.75,361,0.45385937081667355
3,0.75,362,0.4538591432510563
3,0.75,363,0.45385892212847057
3,0.75,364,0.45385870726649313
3,0.75,365,0.453858498487866
3,0.75,366,0.45385829562035
3,0.75,367,0.4538580984965828
3,0.75,368,0.4538579069539407
3,0.75,369,0.4538577208344045
3,0.75,370,0.4538575399844291
3,0.75,371,0.453857364254817
3,0.75,372,0.4538571935005948
3,0.75,373,0.45385702758089397
3,0.75,374,0.45385686635883454
3,0.75,375,0.453856709701412
3,0.75,376,0.45385655747938775
3,0.75,377,0.4538564095671823
3,0.75,378,0.45385626584277194
3,0.75,379,0.4538561261875877
3,0.75,380,0.4538559904864177
3,0.75,381,0.4538558586273123
3,0.75,382,0.4538557305014914
3,0.75,383,0.4538556060032548
3,0.75,384,0.45385548502989514
3,0.75,385,0.4538553674816129
3,0.75,386,0.4538552532614344
3,0.75,387,0.45385514227513146
3,0.75,388,0.4538550344311439
3,0.75,389,0.4538549296405038
3,0.75,390,0.45385482781676234
3,0.75,391,0.45385472887591816
3,0.75,392,0.45385463273634846
3,0.75,393,0.4538545393187413
3,0.75,394,0.45385444854603035
3,0.75,395,0.45385436034333126
3,0.75,396,0.45385427463787986
3,0.75,397,0.45385419135897226
3,0.75,398,0.45385411043790636
3,0.75,399,0.4538540318079251
3,0.75,400,0.4538539554041617
3,0.75,401,0.4538538811635858
3,0.75,402,0.4538538090249518
3,0.75,403,0.453853738928748
3,0.75,404,0.4538536708171476
3,0.75,405,0.4538536046339613
3,0.75,406,0.4538535403245904
3,0.75,407,0.4538534778359822
3,0.75,408,0.45385341711658606
3,0.75,409,0.4538533581163109
3,0.75,410,0.4538533007864838
3,0.75,411,0.45385324507980995
3,0.75,412,0.4538531909503336
3,0.75,413,0.45385313835340013
3,0.75,414,0.45385308724561924
3,0.75,415,0.4538530375848291
3,0.75,416,0.4538529893300616
3,0.75,417,0.4538529424415084
3,0.75,418,0.4538528968804887
3,0.75,419,0.4538528526094163
3,0.75,420,0.45385280959176966
3,0.75,421,0.45385276779206085
3,0.75,422,0.453852727175807
3,0.75,423,0.4538526877095014
3,0.75,424,0.453852649360586
3,0.75,425,0.45385261209742467
3,0.75,426,0.4538525758892769
3,0.75,427,0.45385254070627257
3,0.75,428,0.45385250651938713
3,0.75,429,0.453852473300418
3,0.75,430,0.453852441021961
3,0.75,431,0.4538524096573877
3,0.75,432,0.45385237918082383
3,0.75,433,0.4538523495671275
3,0.75,434,0.4538523207918688
3,0.75,435,0.45385229283130946
3,0.75,436,0.4538522656623832
3,0.75,437,0.4538522392626768
3,0.75,438,0.45385221361041184
3,0.75,439,0.4538521886844263
3,0.75,440,0.4538521644641573
3,0.75,441,0.45385214092962434
3,0.75,442,0.45385211806141246
3,0.75,443,0.4538520958406564
3,0.75,444,0.4538520742490251
3,0.75,445,0.45385205326870637
3,0.75,446,0.4538520328823925
3,0.75,447,0.45385201307326567
3,0.75,448,0.4538519938249843
3,0.75,449,0.45385197512166936
3,0.75,450,0.4538519569478916
3,0.75,451,0.4538519392886584
3,0.75,452,0.4538519221294018
3,0.75,453,0.4538519054559661
3,0.75,454,0.45385188925459663
3,0.75,455,0.4538518735119279
3,0.75,456,0.45385185821497304
3,0.75,457,0.4538518433511127
3,0.75,458,0.45385182890808495
3,0.75,459,0.4538518148739749
3,0.75,460,0.45385180123720514
3,0.75,461,0.453851787986526
3,0.75,462,0.45385177511100616
3,0.75,463,0.4538517626000241
3,0.75,464,0.45385175044325865
3,0.75,465,0.4538517386306812
3,0.75,466,0.4538517271525469
3,0.75,467,0.45385171599938684
3,0.75,468,0.4538517051620002
3,0.75,469,0.4538516946314466
3,0.75,470,0.4538516843990389
3,0.75,471,0.45385167445633584
3,0.75,472,0.45385166479513517
3,0.75,473,0.45385165540746686
3,0.75,474,0.4538516462855865
3,0.75,475,0.45385163742196893
3,0.75,476,0.4538516288093022
3,0.75,477,0.45385162044048116
3,0.75,478,0.453851612308602
3,0.75,479,0.4538516044069563
3,0.75,480,0.45385159672902564
3,0.75,481,0.453851589268476
3,0.75,482,0.4538515820191528
3,0.75,483,0.4538515749750758
3,0.75,484,0.45385156813043387
3,0.75,485,0.45385156147958056
3,0.75,486,0.4538515550170292
3,0.75,487,0.4538515487374485
3,0.75,488,0.4538515426356582
3,0.75,489,0.4538515367066245
3,0.75,490,0.4538515309454562
3,0.75,491,0.45385152534740075
3,0.75,492,0.45385151990784
3,0.75,493,0.4538515146222865
3,0.75,494,0.45385150948638003
3,0.75,495,0.45385150449588363
3,0.75,496,0.4538514996466804
3,0.75,497,0.45385149493477
3,0.75,498,0.4538514903562653
3,0.75,499,0.4538514859073893
3,0.75,500,0.45385148158447186
3,0.75,501,0.4538514773839468
3,0.75,502,0.45385147330234893
3,0.75,503,0.45385146933631104
3,0.75,504,0.4538514654825614
3,0.75,505,0.45385146173792085
3,0.75,506,0.4538514580993003
3,0.75,507,0.45385145456369796
3,0.75,508,0.45385145112819714
3,0.75,509,0.4538514477899638
3,0.75,510,0.45385144454624393
3,0.75,511,0.4538514413943618
3,0.75,512,0.45385143833171715
3,0.75,513,0.4538514353557835
3,0.75,514,0.4538514324641057
3,0.75,515,0.4538514296542984
3,0.75,516,0.4538514269240437
3,0.75,517,0.4538514242710891
3,0.75,518,0.4538514216932461
3,0.75,519,0.4538514191883882
3,0.75,520,0.45385141675444896
3,0.75,521,0.45385141438942045
3,0.75,522,0.4538514120913517
3,0.75,523,0.45385140985834693
3,0.75,524,0.45385140768856397
3,0.75,525,0.45385140558021286
3,0.75,526,0.4538514035315543
3,0.75,527,0.4538514015408983
3,0.75,528,0.45385139960660265
3,0.75,529,0.4538513977270716
3,0.75,530,0.4538513959007547
3,0.75,531,0.4538513941261453
3,0.75,532,0.4538513924017794
3,0.75,533,0.45385139072623454
3,0.75,534,0.4538513890981284
3,0.75,535,0.4538513875161179
3,0.75,536,0.453851385978898
3,0.75,537,0.4538513844852006
3,0.75,538,0.45385138303379347
3,0.75,539,0.45385138162347916
3,0.75,540,0.4538513802530943
3,0.75,541,0.45385137892150834
3,0.75,542,0.45385137762762284
3,0.75,543,0.45385137637037043
3,0.75,544,0.4538513751487139
3,0.75,545,0.45385137396164543
3,0.75,546,0.4538513728081858
3,0.75,547,0.4538513716873835
3,0.75,548,0.45385137059831376
3,0.75,549,0.45385136954007826
3,0.75,550,0.45385136851180397
3,0.75,551,0.45385136751264266
3,0.75,552,0.45385136654177005
3,0.75,553,0.4538513655983852
3,0.75,554,0.4538513646817099
3,0.75,555,0.4538513637909879
3,0.75,556,0.45385136292548445
3,0.75,557,0.4538513620844855
3,0.75,558,0.45385136126729725
3,0.75,559,0.4538513604732456
3,0.75,560,0.4538513597016755
3,0.75,561,0.45385135895195045
3,0.75,562,0.4538513582234519
3,0.75,563,0.453851357515579
3,0.75,564,0.4538513568277477
3,0.75,565,0.45385135615939054
3,0.75,566,0.45385135550995626
3,0.75,567,0.45385135487890904
3,0.75,568,0.4538513542657283
3,0.75,569,0.4538513536699082
3,0.75,570,0.4538513530909572
3,0.75,571,0.45385135252839776
3,0.75,572,0.45385135198176574
3,0.75,573,0.4538513514506102
3,0.75,574,0.4538513509344929
3,0.75,575,0.4538513504329882
3,0.75,576,0.4538513499456823
3,0.75,577,0.45385134947217326
3,0.75,578,0.45385134901207036
3,0.75,579,0.4538513485649941
3,0.75,580,0.4538513481305757
3,0.75,581,0.45385134770845675
3,0.75,582,0.453851347298289
3,0.75,583,0.4538513468997341
3,0.75,584,0.4538513465124633
3,0.75,585,0.453851346136157
3,0.75,586,0.45385134577050495
3,0.75,587,0.4538513454152054
3,0.75,588,0.45385134506996516
3,0.75,589,0.45385134473449956
3,0.75,590,0.45385134440853175
3,0.75,591,0.45385134409179295
3,0.75,592,0.4538513437840218
3,0.75,593,0.4538513434849644
3,0.75,594,0.4538513431943741
3,0.75,595,0.453851342912011
3,0.75,596,0.4538513426376424
3,0.75,597,0.4538513423710418
3,0.75,598,0.4538513421119893
3,0.75,599,0.4538513418602712
3,0.75,600,0.45385134161567986
3,0.75,601,0.45385134137801353
3,0.75,602,0.4538513411470761
3,0.75,603,0.45385134092267704
3,0.75,604,0.4538513407046313
3,0.75,605,0.45385134049275894
3,0.75,606,0.45385134028688523
3,0.75,607,0.45385134008684025
3,0.75,608,0.45385133989245907
3,0.75,609,0.4538513397035813
3,0.75,610,0.45385133952005113
3,0.75,611,0.4538513393417171
3,0.75,612,0.4538513391684322
3,0.75,613,0.45385133900005337
3,0.75,614,0.45385133883644174
3,0.75,615,0.4538513386774624
3,0.75,616,0.4538513385229842
3,0.75,617,0.4538513383728796
3,0.75,618,0.45385133822702484
3,0.75,619,0.4538513380852996
3,0.75,620,0.4538513379475869
3,0.75,621,0.45385133781377324
3,0.75,622,0.45385133768374814
3,0.75,623,0.45385133755740437
3,0.75,624,0.4538513374346377
3,0.75,625,0.4538513373153469
3,0.75,626,0.45385133719943344
3,0.75,627,0.4538513370868018
3,0.75,628,0.453851336977359
3,0.75,629,0.45385133687101487
3,0.75,630,0.4538513367676816
3,0.75,631,0.4538513366672739
3,0.75,632,0.453851336569709
3,0.75,633,0.4538513364749064
3,0.75,634,0.4538513363827879
3,0.75,635,0.4538513362932775
3,0.75,636,0.45385133620630136
3,0.75,637,0.45385133612178774
3,0.75,638,0.4538513360396669
3,0.75,639,0.4538513359598711
3,0.75,640,0.4538513358823345
3,0.75,641,0.45385133580699316
3,0.75,642,0.4538513357337849
3,0.75,643,0.45385133566264935
3,0.75,644,0.4538513355935278
3,0.75,645,0.45385133552636325
3,0.75,646,0.4538513354611003
3,0.75,647,0.45385133539768513
3,0.75,648,0.45385133533606536
3,0.75,649,0.4538513352761902
3,0.75,650,0.45385133521801024
3,0.75,651,0.4538513351614775
3,0.75,652,0.4538513351065454
3,0.75,653,0.45385133505316855
3,0.75,654,0.45385133500130287
3,0.75,655,0.4538513349509057
3,0.75,656,0.4538513349019353
3,0.75,657,0.4538513348543514
3,0.75,658,0.4538513348081148
3,0.75,659,0.45385133476318723
3,0.75,660,0.45385133471953165
3,0.75,661,0.4538513346771121
3,0.75,662,0.45385133463589356
3,0.75,663,0.453851334595842
3,0.75,664,0.45385133455692434
3,0.75,665,0.4538513345191086
3,0.75,666,0.4538513344823635
3,0.75,667,0.4538513344466587
3,0.75,668,0.45385133441196485
3,0.75,669,0.45385133437825326
3,0.75,670,0.4538513343454961
3,0.75,671,0.4538513343136664
3,0.75,672,0.45385133428273794
3,0.75,673,0.45385133425268503
3,0.75,674,0.45385133422348306
3,0.75,675,0.4538513341951078
3,0.75,676,0.453851334167536
3,0.75,677,0.45385133414074474
3,0.75,678,0.45385133411471207
3,0.75,679,0.45385133408941647
3,0.75,680,0.453851334064837
3,0.75,681,0.45385133404095346
3,0.75,682,0.45385133401774613
3,0.75,683,0.45385133399519584
3,0.75,684,0.453851333973284
3,0.75,685,0.4538513339519925
3,0.75,686,0.45385133393130384
3,0.75,687,0.4538513339112009
3,0.75,688,0.45385133389166715
3,0.75,689,0.45385133387268645
3,0.75,690,0.45385133385424314
3,0.75,691,0.453851333836322
3,0.75,692,0.45385133381890824
3,0.75,693,0.4538513338019875
3,0.75,694,0.4538513337855459
3,0.75,695,0.4538513337695697
3,0.75,696,0.45385133375404585
3,0.75,697,0.4538513337389615
3,0.75,698,0.4538513337243043
3,0.75,699,0.4538513337100621
3,0.75,700,0.45385133369622305
3,0.75,701,0.45385133368277586
3,0.75,702,0.45385133366970937
3,0.75,703,0.4538513336570128
3,0.75,704,0.4538513336446758
3,0.75,705,0.45385133363268804
3,0.75,706,0.45385133362103963
3,0.75,707,0.453851333609721
3,0.75,708,0.4538513335987229
3,0.75,709,0.4538513335880361
3,0.75,710,0.4538513335776519
3,0.75,711,0.4538513335675617
3,0.75,712,0.4538513335577572
3,0.75,713,0.4538513335482303
3,0.75,714,0.4538513335389731
3,0.75,715,0.45385133352997803
3,0.75,716,0.45385133352123763
3,0.75,717,0.4538513335127447
3,0.75,718,0.45385133350449225
3,0.75,719,0.45385133349647344
3,0.75,720,0.4538513334886817
3,0.75,721,0.4538513334811105
3,0.75,722,0.45385133347375367
3,0.75,723,0.4538513334666051
3,0.75,724,0.453851333459659
3,0.75,725,0.4538513334529095
3,0.75,726,0.4538513334463511
3,0.75,727,0.4538513334399784
3,0.75,728,0.45385133343378614
3,0.75,729,0.4538513334277692
3,0.75,730,0.4538513334219226
3,0.75,731,0.4538513334162415
3,0.75,732,0.45385133341072126
3,0.75,733,0.45385133340535727
3,0.75,734,0.4538513334001452
3,0.75,735,0.45385133339508066
3,0.75,736,0.45385133339015954
3,0.75,737,0.45385133338537775
3,0.75,738,0.45385133338073136
3,0.75,739,0.4538513333762165
3,0.75,740,0.4538513333718295
3,0.75,741,0.45385133336756667
3,0.75,742,0.4538513333634245
3,0.75,743,0.4538513333593996
3,0.75,744,0.4538513333554887
3,0.75,745,0.45385133335168854
3,0.75,746,0.45385133334799593
3,0.75,747,0.45385133334440786
3,0.75,748,0.4538513333409214
3,0.75,749,0.45385133333753364
3,0.75,750,0.4538513333342418
3,0.75,751,0.4538513333310432
3,0.75,752,0.45385133332793515
3,0.75,753,0.45385133332491506
3,0.75,754,0.4538513333219805
3,0.75,755,0.453851333319129
3,0.75,756,0.45385133331635824
3,0.75,757,0.45385133331366595
3,0.75,758,0.4538513333110499
3,0.75,759,0.45385133330850785
3,0.75,760,0.45385133330603783
3,0.75,761,0.45385133330363775
3,0.75,762,0.45385133330130556
3,0.75,763,0.45385133329903943
3,0.75,764,0.45385133329683747
3,0.75,765,0.45385133329469785
3,0.75,766,0.4538513332926188
3,0.75,767,0.45385133329059857
3,0.75,768,0.4538513332886356
3,0.75,769,0.45385133328672816
3,0.75,770,0.45385133328487476
3,0.75,771,0.45385133328307387
3,0.75,772,0.45385133328132393
3,0.75,773,0.4538513332796235
3,0.75,774,0.4538513332779713
3,0.75,775,0.4538513332763658
3,0.75,776,0.45385133327480576
3,0.75,777,0.4538513332732899
3,0.75,778,0.453851333271817
3,0.75,779,0.45385133327038574
3,0.75,780,0.453851333268995
3,0.75,781,0.4538513332676437
3,0.75,782,0.45385133326633065
3,0.75,783,0.4538513332650548
3,0.75,784,0.453851333263815
3,0.75,785,0.45385133326261035
3,0.75,786,0.4538513332614398
3,0.75,787,0.45385133326030236
3,0.75,788,0.45385133325919713
3,0.75,789,0.4538513332581232
3,0.75,790,0.45385133325707966
3,0.75,791,0.45385133325606564
3,0.75,792,0.45385133325508037
3,0.75,793,0.45385133325412297
3,0.75,794,0.45385133325319266
3,0.75,795,0.4538513332522887
3,0.75,796,0.4538513332514104
3,0.75,797,0.45385133325055693
3,0.75,798,0.4538513332497276
3,0.75,799,0.45385133324892174
3,0.75,800,0.4538513332481387
3,0.75,801,0.45385133324737786
3,0.75,802,0.45385133324663857
3,0.75,803,0.4538513332459202
3,0.75,804,0.4538513332452222
3,0.75,805,0.45385133324454396
3,0.75,806,0.4538513332438849
3,0.75,807,0.45385133324324445
3,0.75,808,0.45385133324262217
3,0.75,809,0.4538513332420175
3,0.75,810,0.45385133324142996
3,0.75,811,0.453851333240859
3,0.75,812,0.4538513332403043
3,0.75,813,0.45385133323976523
3,0.75,814,0.4538513332392415
3,0.75,815,0.4538513332387325
3,0.75,816,0.45385133323823795
3,0.75,817,0.4538513332377574
3,0.75,818,0.45385133323729043
3,0.75,819,0.45385133323683674
3,0.75,820,0.45385133323639587
3,0.75,821,0.4538513332359675
3,0.75,822,0.4538513332355512
3,0.75,823,0.4538513332351467
3,0.75,824,0.4538513332347537
3,0.75,825,0.4538513332343718
3,0.75,826,0.4538513332340008
3,0.75,827,0.45385133323364024
3,0.75,828,0.4538513332332899
3,0.75,829,0.45385133323294946
3,0.75,830,0.45385133323261867
3,0.75,831,0.45385133323229726
3,0.75,832,0.4538513332319849
3,0.75,833,0.4538513332316814
3,0.75,834,0.45385133323138654
3,0.75,835,0.4538513332311
3,0.75,836,0.4538513332308216
3,0.75,837,0.45385133323055105
3,0.75,838,0.45385133323028815
3,0.75,839,0.4538513332300327
3,0.75,840,0.45385133322978444
3,0.75,841,0.4538513332295433
3,0.75,842,0.45385133322930893
3,0.75,843,0.4538513332290812
3,0.75,844,0.45385133322885995
3,0.75,845,0.4538513332286449
3,0.75,846,0.45385133322843596
3,0.75,847,0.45385133322823296
3,0.75,848,0.45385133322803567
3,0.75,849,0.453851333227844
3,0.75,850,0.4538513332276577
3,0.75,851,0.4538513332274767
3,0.75,852,0.45385133322730087
3,0.75,853,0.45385133322713
3,0.75,854,0.453851333226964
3,0.75,855,0.4538513332268027
3,0.75,856,0.45385133322664595
3,0.75,857,0.4538513332264936
3,0.75,858,0.45385133322634563
3,0.75,859,0.4538513332262018
3,0.75,860,0.4538513332260621
3,0.75,861,0.45385133322592625
3,0.75,862,0.4538513332257943
3,0.75,863,0.4538513332256661
3,0.75,864,0.4538513332255415
3,0.75,865,0.45385133322542043
3,0.75,866,0.4538513332253028
3,0.75,867,0.4538513332251885
3,0.75,868,0.4538513332250774
3,0.75,869,0.4538513332249695
3,0.75,870,0.45385133322486465
3,0.75,871,0.45385133322476273
3,0.75,872,0.45385133322466376
3,0.75,873,0.45385133322456755
3,0.75,874,0.4538513332244741
3,0.75,875,0.45385133322438326
3,0.75,876,0.453851333224295
3,0.75,877,0.45385133322420923
3,0.75,878,0.45385133322412585
3,0.75,879,0.45385133322404486
3,0.75,880,0.45385133322396615
3,0.75,881,0.45385133322388965
3,0.75,882,0.4538513332238153
3,0.75,883,0.45385133322374316
3,0.75,884,0.453851333223673
3,0.75,885,0.4538513332236048
3,0.75,886,0.4538513332235386
3,0.75,887,0.4538513332234742
3,0.75,888,0.45385133322341165
3,0.75,889,0.4538513332233509
3,0.75,890,0.45385133322329185
3,0.75,891,0.4538513332232345
3,0.75,892,0.4538513332231787
3,0.75,893,0.4538513332231246
3,0.75,894,0.453851333223072
3,0.75,895,0.45385133322302085
3,0.75,896,0.45385133322297116
3,0.75,897,0.45385133322292287
3,0.75,898,0.45385133322287596
3,0.75,899,0.45385133322283033
3,0.75,900,0.45385133322278604
3,0.75,901,0.45385133322274296
3,0.75,902,0.4538513332227011
3,0.75,903,0.45385133322266047
3,0.75,904,0.45385133322262095
3,0.75,905,0.4538513332225826
3,0.75,906,0.4538513332225453
3,0.75,907,0.45385133322250903
3,0.75,908,0.45385133322247384
3,0.75,909,0.4538513332224396
3,0.75,910,0.45385133322240634
3,0.75,911,0.45385133322237403
3,0.75,912,0.4538513332223426
3,0.75,913,0.45385133322231214
3,0.75,914,0.4538513332222825
3,0.75,915,0.45385133322225374
3,0.75,916,0.45385133322222576
3,0.75,917,0.45385133322219856
3,0.75,918,0.45385133322217214
3,0.75,919,0.45385133322214644
3,0.75,920,0.45385133322212146
3,0.75,921,0.45385133322209725
3,0.75,922,0.4538513332220737
3,0.75,923,0.45385133322205085
3,0.75,924,0.4538513332220286
3,0.75,925,0.45385133322200694
3,0.75,926,0.45385133322198595
3,0.75,927,0.4538513332219656
3,0.75,928,0.45385133322194576
3,0.75,929,0.4538513332219265
3,0.75,930,0.45385133322190774
3,0.75,931,0.45385133322188953
3,0.75,932,0.4538513332218719
3,0.75,933,0.4538513332218547
3,0.75,934,0.453851333221838
3,0.75,935,0.4538513332218218
3,0.75,936,0.4538513332218061
3,0.75,937,0.45385133322179083
3,0.75,938,0.45385133322177595
3,0.75,939,0.4538513332217615
3,0.75,940,0.4538513332217475
3,0.75,941,0.4538513332217339
3,0.75,942,0.4538513332217206
3,0.75,943,0.45385133322170773
3,0.75,944,0.4538513332216952
3,0.75,945,0.45385133322168303
3,0.75,946,0.4538513332216712
3,0.75,947,0.4538513332216597
3,0.75,948,0.45385133322164856
3,0.75,949,0.45385133322163773
3,0.75,950,0.45385133322162724
3,0.75,951,0.453851333221617
3,0.75,952,0.4538513332216071
3,0.75,953,0.45385133322159743
3,0.75,954,0.45385133322158805
3,0.75,955,0.4538513332215789
3,0.75,956,0.45385133322157006
3,0.75,957,0.4538513332215614
3,0.75,958,0.453851333221553
3,0.75,959,0.4538513332215449
3,0.75,960,0.45385133322153703
3,0.75,961,0.4538513332215293
3,0.75,962,0.4538513332215218
3,0.75,963,0.45385133322151455
3,0.75,964,0.4538513332215075
3,0.75,965,0.4538513332215007
3,0.75,966,0.453851333221494
3,0.75,967,0.4538513332214875
3,0.75,968,0.45385133322148125
3,0.75,969,0.4538513332214751
3,0.75,970,0.45385133322146914
3,0.75,971,0.45385133322146337
3,0.75,972,0.45385133322145776
3,0.75,973,0.4538513332214523
3,0.75,974,0.45385133322144705
3,0.75,975,0.4538513332214419
3,0.75,976,0.4538513332214369
3,0.75,977,0.453851333221432
3,0.75,978,0.4538513332214273
3,0.75,979,0.4538513332214227
3,0.75,980,0.45385133322141824
3,0.75,981,0.4538513332214139
3,0.75,982,0.4538513332214097
3,0.75,983,0.45385133322140564
3,0.75,984,0.4538513332214017
3,0.75,985,0.4538513332213978
3,0.75,986,0.4538513332213941
3,0.75,987,0.4538513332213905
3,0.75,988,0.45385133322138693
3,0.75,989,0.4538513332213835
3,0.75,990,0.45385133322138016
3,0.75,991,0.45385133322137694
3,0.75,992,0.4538513332213738
3,0.75,993,0.4538513332213707
3,0.75,994,0.4538513332213677
3,0.75,995,0.45385133322136484
3,0.75,996,0.453851333221362
3,0.75,997,0.4538513332213593
3,0.75,998,0.4538513332213566
3,0.75,999,0.45385133322135407
3,0.75,1000,0.45385133322135157
8,-0.75,0,-0.75
8,-0.75,1,-0.7554633300943421
8,-0.75,2,-0.7608680724884437
8,-0.75,3,-0.7662051281337265
8,-0.75,4,-0.7714660763990608
8,-0.75,5,-0.7766432179920991
8,-0.75,6,-0.7817296029356658
8,-0.75,7,-0.7867190444726697
8,-0.75,8,-0.7916061201353575
8,-0.75,9,-0.7963861614660732
8,-0.75,10,-0.8010552340224831
8,-0.75,11,-0.805610109352242
8,-0.75,12,-0.8100482305960103
8,-0.75,13,-0.8143676732909292
8,-0.75,14,-0.8185671028163698
8,-0.75,15,-0.8226457297658267
8,-0.75,16,-0.826603264356828
8,-0.75,17,-0.8304398708157056
8,-0.75,18,-0.8341561225043828
8,-0.75,19,-0.837752958397891
8,-0.75,20,-0.8412316413779115
8,-0.75,21,-0.8445937186812387
8,-0.75,22,-0.847840984733343
8,-0.75,23,-0.850975446505808
8,-0.75,24,-0.8539992914612861
8,-0.75,25,-0.8569148580893039
8,-0.75,26,-0.8597246089890597
8,-0.75,27,-0.862431106419535
8,-0.75,28,-0.8650369902110839
8,-0.75,29,-0.8675449579145387
8,-0.75,30,-0.8699577470523302
8,-0.75,31,-0.8722781193298638
8,-0.75,32,-0.8745088466632882
8,-0.75,33,-0.8766526988809066
8,-0.75,34,-0.8787124329589826
8,-0.75,35,-0.880690783657956
8,-0.75,36,-0.8825904554315444
8,-0.75,37,-0.8844141154884562
8,-0.75,38,-0.8861643878941299
8,-0.75,39,-0.8878438486077882
8,-0.75,40,-0.8894550213579502
8,-0.75,41,-0.8910003742672362
8,-0.75,42,-0.8924823171447199
8,-0.75,43,-0.8939031993711599
8,-0.75,44,-0.895265308309128
8,-0.75,45,-0.8965708681763183
8,-0.75,46,-0.8978220393261617
8,-0.75,47,-0.8990209178852777
8,-0.75,48,-0.9001695357022828
8,-0.75,49,-0.9012698605670579
8,-0.75,50,-0.9023237966637708
8,-0.75,51,-0.9033331852247746
8,-0.75,52,-0.9042998053559925
8,-0.75,53,-0.9052253750075588
8,-0.75,54,-0.9061115520663551
8,-0.75,55,-0.9069599355496771
8,-0.75,56,-0.9077720668816082
8,-0.75,57,-0.9085494312357884
8,-0.75,58,-0.9092934589301723
8,-0.75,59,-0.9100055268610778
8,-0.75,60,-0.9106869599653645
8,-0.75,61,-0.9113390327009615
8,-0.75,62,-0.9119629705371953
8,-0.75,63,-0.912559951447478
8,-0.75,64,-0.913131107397901
8,-0.75,65,-0.913677525826164
8,-0.75,66,-0.9142002511060554
8,-0.75,67,-0.9147002859934006
8,-0.75,68,-0.9151785930500195
8,-0.75,69,-0.9156360960427885
8,-0.75,70,-0.9160736813153936
8,-0.75,71,-0.9164921991307955
8,-0.75,72,-0.916892464982816
8,-0.75,73,-0.9172752608755903
8,-0.75,74,-0.9176413365699341
8,-0.75,75,-0.9179914107959316
8,-0.75,76,-0.9183261724312876
8,-0.75,77,-0.9186462816451821
8,-0.75,78,-0.9189523710075466
8,-0.75,79,-0.9192450465638291
8,-0.75,80,-0.9195248888754508
8,-0.75,81,-0.9197924540262667
8,-0.75,82,-0.9200482745954417
8,-0.75,83,-0.9202928605972349
8,-0.75,84,-0.9205267003882555
8,-0.75,85,-0.9207502615428074
8,-0.75,86,-0.9209639916969923
8,-0.75,87,-0.921168319362276
8,-0.75,88,-0.9213636547092533
8,-0.75,89,-0.9215503903223726
8,-0.75,90,-0.921728901926395
8,-0.75,91,-0.9218995490853774
8,-0.75,92,-0.9220626758749753
8,-0.75,93,-0.9222186115288622
8,-0.75,94,-0.9223676710600651
8,-0.75,95,-0.9225101558580076
8,-0.75,96,-0.9226463542620493
8,-0.75,97,-0.9227765421122991
8,-0.75,98,-0.9229009832784694
8,-0.75,99,-0.9230199301675265
8,-0.75,100,-0.9231336242108777
8,-0.75,101,-0.9232422963318222
8,-0.75,102,-0.9233461673939729
8,-0.75,103,-0.9234454486313455
8,-0.75,104,-0.9235403420607886
8,-0.75,105,-0.9236310408774134
8,-0.75,106,-0.9237177298336627
8,-0.75,107,-0.9238005856026419
8,-0.75,108,-0.9238797771263139
8,-0.75,109,-0.9239554659491439
8,-0.75,110,-0.9240278065377606
8,-0.75,111,-0.9240969465871816
8,-0.75,112,-0.9241630273141342
8,-0.75,113,-0.9242261837379855
8,-0.75,114,-0.9242865449497732
8,-0.75,115,-0.9243442343698205
8,-0.75,116,-0.9243993699943917
8,-0.75,117,-0.9244520646318363
8,-0.75,118,-0.9245024261286491
8,-0.75,119,-0.9245505575858592
8,-0.75,120,-0.924596557566146
8,-0.75,121,-0.9246405202920643
8,-0.75,122,-0.9246825358357487
8,-0.75,123,-0.9247226903004487
8,-0.75,124,-0.924761065994238
8,-0.75,125,-0.9247977415962227
8,-0.75,126,-0.924832792315566
8,-0.75,127,-0.924866290043629
8,-0.75,128,-0.9248983034995191
8,-0.75,129,-0.9249288983693258
8,-0.75,130,-0.924958137439309
8,-0.75,131,-0.9249860807232986
8,-0.75,132,-0.925012785584551
8,-0.75,133,-0.9250383068522996
8,-0.75,134,-0.9250626969332244
8,-0.75,135,-0.92508600591806
8,-0.75,136,-0.9251082816835501
8,-0.75,137,-0.9251295699899464
8,-0.75,138,-0.9251499145742473
8,-0.75,139,-0.9251693572393552
8,-0.75,140,-0.9251879379393331
8,-0.75,141,-0.9252056948609256
8,-0.75,142,-0.9252226645015074
8,-0.75,143,-0.9252388817436132
8,-0.75,144,-0.9252543799261989
8,-0.75,145,-0.9252691909127723
8,-0.75,146,-0.9252833451565342
8,-0.75,147,-0.9252968717626558
8,-0.75,148,-0.9253097985478187
8,-0.75,149,-0.9253221520971365
8,-0.75,150,-0.9253339578185729
8,-0.75,151,-0.9253452399949638
8,-0.75,152,-0.9253560218337498
8,-0.75,153,-0.9253663255145181
8,-0.75,154,-0.9253761722344502
8,-0.75,155,-0.9253855822517661
8,-0.75,156,-0.9253945749272537
8,-0.75,157,-0.9254031687639672
8,-0.75,158,-0.9254113814451737
8,-0.75,159,-0.9254192298706261
8,-0.75,160,-0.9254267301912354
8,-0.75,161,-0.9254338978422126
8,-0.75,162,-0.9254407475747461
8,-0.75,163,-0.9254472934862821
8,-0.75,164,-0.9254535490494654
8,-0.75,165,-0.9254595271398041
8,-0.75,166,-0.9254652400621092
8,-0.75,167,-0.9254706995757679
8,-0.75,168,-0.9254759169188985
8,-0.75,169,-0.9254809028314375
8,-0.75,170,-0.9254856675772062
8,-0.75,171,-0.9254902209650018
8,-0.75,172,-0.9254945723687543
8,-0.75,173,-0.9254987307467931
8,-0.75,174,-0.9255027046602603
8,-0.75,175,-0.9255065022907101
8,-0.75,176,-0.9255101314569283
8,-0.75,177,-0.9255135996310084
8,-0.75,178,-0.9255169139537155
8,-0.75,179,-0.9255200812491701
8,-0.75,180,-0.9255231080388824
8,-0.75,181,-0.9255260005551644
8,-0.75,182,-0.925528764753949
8,-0.75,183,-0.9255314063270401
8,-0.75,184,-0.9255339307138218
8,-0.75,185,-0.9255363431124478
8,-0.75,186,-0.9255386484905355
8,-0.75,187,-0.9255408515953866
8,-0.75,188,-0.9255429569637545
8,-0.75,189,-0.9255449689311795
8,-0.75,190,-0.92554689164091
8,-0.75,191,-0.9255487290524278
8,-0.75,192,-0.9255504849495977
8,-0.75,193,-0.9255521629484533
8,-0.75,194,-0.9255537665046397
8,-0.75,195,-0.9255552989205253
8,-0.75,196,-0.9255567633519992
8,-0.75,197,-0.9255581628149665
8,-0.75,198,-0.9255595001915564
8,-0.75,199,-0.9255607782360545
8,-0.75,200,-0.9255619995805727
8,-0.75,201,-0.9255631667404676
8,-0.75,202,-0.9255642821195177
8,-0.75,203,-0.9255653480148732
8,-0.75,204,-0.9255663666217844
8,-0.75,205,-0.9255673400381208
8,-0.75,206,-0.9255682702686914
8,-0.75,207,-0.9255691592293709
8,-0.75,208,-0.9255700087510452
8,-0.75,209,-0.9255708205833805
8,-0.75,210,-0.9255715963984261
8,-0.75,211,-0.9255723377940571
8,-0.75,212,-0.9255730462972643
8,-0.75,213,-0.9255737233672985
8,-0.75,214,-0.9255743703986753
8,-0.75,215,-0.9255749887240464
8,-0.75,216,-0.9255755796169441
8,-0.75,217,-0.9255761442944033
8,-0.75,218,-0.9255766839194677
8,-0.75,219,-0.9255771996035851
8,-0.75,220,-0.9255776924088961
8,-0.75,221,-0.9255781633504211
8,-0.75,222,-0.9255786133981506
8,-0.75,223,-0.9255790434790431
8,-0.75,224,-0.9255794544789334
8,-0.75,225,-0.9255798472443575
8,-0.75,226,-0.9255802225842956
8,-0.75,227,-0.9255805812718381
8,-0.75,228,-0.9255809240457777
8,-0.75,229,-0.9255812516121315
8,-0.75,230,-0.9255815646455939
8,-0.75,231,-0.9255818637909274
8,-0.75,232,-0.9255821496642894
8,-0.75,233,-0.9255824228545017
8,-0.75,234,-0.925582683924263
8,-0.75,235,-0.9255829334113082
8,-0.75,236,-0.9255831718295153
8,-0.75,237,-0.9255833996699643
8,-0.75,238,-0.925583617401948
8,-0.75,239,-0.925583825473939
8,-0.75,240,-0.9255840243145137
8,-0.75,241,-0.9255842143332339
8,-0.75,242,-0.9255843959214913
8,-0.75,243,-0.9255845694533135
8,-0.75,244,-0.9255847352861337
8,-0.75,245,-0.9255848937615279
8,-0.75,246,-0.9255850452059172
8,-0.75,247,-0.9255851899312414
8,-0.75,248,-0.9255853282356006
8,-0.75,249,-0.9255854604038694
8,-0.75,250,-0.9255855867082835
8,-0.75,251,-0.9255857074090011
8,-0.75,252,-0.925585822754638
8,-0.75,253,-0.9255859329827796
8,-0.75,254,-0.9255860383204711
8,-0.75,255,-0.9255861389846844
8,-0.75,256,-0.9255862351827652
8,-0.75,257,-0.9255863271128598
8,-0.75,258,-0.9255864149643239
8,-0.75,259,-0.9255864989181122
8,-0.75,260,-0.9255865791471507
8,-0.75,261,-0.925586655816694
8,-0.75,262,-0.9255867290846643
8,-0.75,263,-0.9255867991019778
8,-0.75,264,-0.925586866012855
8,-0.75,265,-0.9255869299551177
8,-0.75,266,-0.9255869910604733
8,-0.75,267,-0.9255870494547855
8,-0.75,268,-0.9255871052583344
8,-0.75,269,-0.9255871585860633
8,-0.75,270,-0.9255872095478159
8,-0.75,271,-0.9255872582485627
8,-0.75,272,-0.9255873047886167
8,-0.75,273,-0.9255873492638408
8,-0.75,274,-0.9255873917658446
8,-0.75,275,-0.9255874323821731
8,-0.75,276,-0.9255874711964877
8,-0.75,277,-0.9255875082887375
8,-0.75,278,-0.9255875437353249
8,-0.75,279,-0.9255875776092626
8,-0.75,280,-0.9255876099803236
8,-0.75,281,-0.9255876409151859
8,-0.75,282,-0.9255876704775686
8,-0.75,283,-0.9255876987283643
8,-0.75,284,-0.9255877257257638
8,-0.75,285,-0.925587751525376
8,-0.75,286,-0.9255877761803429
8,-0.75,287,-0.9255877997414488
8,-0.75,288,-0.9255878222572245
8,-0.75,289,-0.9255878437740479
8,-0.75,290,-0.9255878643362393
8,-0.75,291,-0.9255878839861528
8,-0.75,292,-0.9255879027642628
8,-0.75,293,-0.9255879207092487
8,-0.75,294,-0.9255879378580734
8,-0.75,295,-0.92558795424606
8,-0.75,296,-0.9255879699069645
8,-0.75,297,-0.9255879848730449
8,-0.75,298,-0.9255879991751286
8,-0.75,299,-0.9255880128426748
8,-0.75,300,-0.9255880259038359
8,-0.75,301,-0.9255880383855153
8,-0.75,302,-0.9255880503134226
8,-0.75,303,-0.925588061712127
8,-0.75,304,-0.9255880726051076
8,-0.75,305,-0.9255880830148016
8,-0.75,306,-0.9255880929626508
8,-0.75,307,-0.9255881024691458
8,-0.75,308,-0.9255881115538682
8,-0.75,309,-0.9255881202355306
8,-0.75,310,-0.9255881285320156
8,-0.75,311,-0.925588136460412
8,-0.75,312,-0.9255881440370509
8,-0.75,313,-0.9255881512775386
8,-0.75,314,-0.9255881581967891
8,-0.75,315,-0.9255881648090546
8,-0.75,316,-0.9255881711279551
8,-0.75,317,-0.9255881771665062
8,-0.75,318,-0.9255881829371462
8,-0.75,319,-0.9255881884517613
8,-0.75,320,-0.9255881937217105
8,-0.75,321,-0.925588198757849
8,-0.75,322,-0.9255882035705503
8,-0.75,323,-0.9255882081697273
8,-0.75,324,-0.9255882125648536
8,-0.75,325,-0.9255882167649822
8,-0.75,326,-0.9255882207787645
8,-0.75,327,-0.9255882246144681
8,-0.75,328,-0.9255882282799939
8,-0.75,329,-0.925588231782892
8,-0.75,330,-0.9255882351303777
8,-0.75,331,-0.9255882383293461
8,-0.75,332,-0.9255882413863866
8,-0.75,333,-0.925588244307796
8,-0.75,334,-0.9255882470995916
8,-0.75,335,-0.9255882497675243
8,-0.75,336,-0.9255882523170893
8,-0.75,337,-0.9255882547535382
8,-0.75,338,-0.9255882570818897
8,-0.75,339,-0.9255882593069398
8,-0.75,340,-0.9255882614332716
8,-0.75,341,-0.9255882634652647
8,-0.75,342,-0.9255882654071048
8,-0.75,343,-0.9255882672627918
8,-0.75,344,-0.9255882690361477
8,-0.75,345,-0.9255882707308255
8,-0.75,346,-0.9255882723503159
8,-0.75,347,-0.9255882738979546
8,-0.75,348,-0.9255882753769297
8,-0.75,349,-0.9255882767902873
8,-0.75,350,-0.9255882781409388
8,-0.75,351,-0.9255882794316662
8,-0.75,352,-0.9255882806651281
8,-0.75,353,-0.9255882818438652
8,-0.75,354,-0.9255882829703056
8,-0.75,355,-0.9255882840467693
8,-0.75,356,-0.9255882850754737
8,-0.75,357,-0.9255882860585379
8,-0.75,358,-0.9255882869979867
8,-0.75,359,-0.9255882878957551
8,-0.75,360,-0.9255882887536924
8,-0.75,361,-0.9255882895735656
8,-0.75,362,-0.9255882903570638
8,-0.75,363,-0.9255882911058007
8,-0.75,364,-0.9255882918213185
8,-0.75,365,-0.9255882925050911
8,-0.75,366,-0.9255882931585269
8,-0.75,367,-0.9255882937829718
8,-0.75,368,-0.925588294379712
8,-0.75,369,-0.9255882949499769
8,-0.75,370,-0.9255882954949408
8,-0.75,371,-0.9255882960157265
8,-0.75,372,-0.9255882965134066
8,-0.75,373,-0.9255882969890062
8,-0.75,374,-0.925588297443505
8,-0.75,375,-0.9255882978778391
8,-0.75,376,-0.9255882982929032
8,-0.75,377,-0.9255882986895523
8,-0.75,378,-0.9255882990686033
8,-0.75,379,-0.925588299430837
8,-0.75,380,-0.9255882997769995
8,-0.75,381,-0.9255883001078039
8,-0.75,382,-0.9255883004239316
8,-0.75,383,-0.9255883007260337
8,-0.75,384,-0.9255883010147326
8,-0.75,385,-0.9255883012906228
8,-0.75,386,-0.9255883015542725
8,-0.75,387,-0.925588301806225
8,-0.75,388,-0.9255883020469992
8,-0.75,389,-0.9255883022770909
8,-0.75,390,-0.9255883024969742
8,-0.75,391,-0.925588302707102
8,-0.75,392,-0.9255883029079071
8,-0.75,393,-0.9255883030998031
8,-0.75,394,-0.9255883032831853
8,-0.75,395,-0.9255883034584315
8,-0.75,396,-0.9255883036259024
8,-0.75,397,-0.9255883037859433
8,-0.75,398,-0.9255883039388836
8,-0.75,399,-0.9255883040850384
8,-0.75,400,-0.925588304224709
8,-0.75,401,-0.9255883043581827
8,-0.75,402,-0.9255883044857347
8,-0.75,403,-0.9255883046076275
8,-0.75,404,-0.9255883047241125
8,-0.75,405,-0.9255883048354292
8,-0.75,406,-0.9255883049418072
8,-0.75,407,-0.9255883050434656
8,-0.75,408,-0.9255883051406137
8,-0.75,409,-0.9255883052334517
8,-0.75,410,-0.9255883053221707
8,-0.75,411,-0.9255883054069536
8,-0.75,412,-0.9255883054879749
8,-0.75,413,-0.9255883055654015
8,-0.75,414,-0.9255883056393931
8,-0.75,415,-0.9255883057101019
8,-0.75,416,-0.9255883057776735
8,-0.75,417,-0.9255883058422472
8,-0.75,418,-0.9255883059039558
8,-0.75,419,-0.9255883059629267
8,-0.75,420,-0.9255883060192813
8,-0.75,421,-0.9255883060731356
8,-0.75,422,-0.9255883061246005
8,-0.75,423,-0.9255883061737822
8,-0.75,424,-0.9255883062207817
8,-0.75,425,-0.9255883062656961
8,-0.75,426,-0.9255883063086178
8,-0.75,427,-0.9255883063496352
8,-0.75,428,-0.9255883063888327
8,-0.75,429,-0.9255883064262912
8,-0.75,430,-0.9255883064620878
8,-0.75,431,-0.9255883064962962
8,-0.75,432,-0.9255883065289869
8,-0.75,433,-0.9255883065602272
8,-0.75,434,-0.9255883065900814
8,-0.75,435,-0.9255883066186111
8,-0.75,436,-0.9255883066458751
8,-0.75,437,-0.9255883066719294
8,-0.75,438,-0.9255883066968278
8,-0.75,439,-0.9255883067206214
8,-0.75,440,-0.9255883067433596
8,-0.75,441,-0.9255883067650887
8,-0.75,442,-0.9255883067858539
8,-0.75,443,-0.9255883068056978
8,-0.75,444,-0.9255883068246613
8,-0.75,445,-0.9255883068427835
8,-0.75,446,-0.9255883068601016
8,-0.75,447,-0.9255883068766514
8,-0.75,448,-0.9255883068924668
8,-0.75,449,-0.9255883069075806
8,-0.75,450,-0.925588306922024
8,-0.75,451,-0.9255883069358265
8,-0.75,452,-0.9255883069490166
8,-0.75,453,-0.9255883069616215
8,-0.75,454,-0.9255883069736672
8,-0.75,455,-0.9255883069851785
8,-0.75,456,-0.925588306996179
8,-0.75,457,-0.9255883070066915
8,-0.75,458,-0.9255883070167376
8,-0.75,459,-0.9255883070263379
8,-0.75,460,-0.9255883070355122
8,-0.75,461,-0.9255883070442796
8,-0.75,462,-0.925588307052658
8,-0.75,463,-0.9255883070606648
8,-0.75,464,-0.9255883070683162
8,-0.75,465,-0.9255883070756281
8,-0.75,466,-0.9255883070826156
8,-0.75,467,-0.9255883070892932
8,-0.75,468,-0.9255883070956745
8,-0.75,469,-0.9255883071017728
8,-0.75,470,-0.9255883071076003
8,-0.75,471,-0.9255883071131694
8,-0.75,472,-0.9255883071184914
8,-0.75,473,-0.9255883071235772
8,-0.75,474,-0.9255883071284374
8,-0.75,475,-0.925588307133082
8,-0.75,476,-0.9255883071375206
8,-0.75,477,-0.9255883071417622
8,-0.75,478,-0.9255883071458156
8,-0.75,479,-0.9255883071496892
8,-0.75,480,-0.9255883071533909
8,-0.75,481,-0.9255883071569284
8,-0.75,482,-0.925588307160309
8,-0.75,483,-0.9255883071635396
8,-0.75,484,-0.9255883071666268
8,-0.75,485,-0.9255883071695771
8,-0.75,486,-0.9255883071723964
8,-0.75,487,-0.9255883071750906
8,-0.75,488,-0.9255883071776653
8,-0.75,489,-0.9255883071801257
8,-0.75,490,-0.9255883071824771
8,-0.75,491,-0.9255883071847241
8,-0.75,492,-0.9255883071868714
8,-0.75,493,-0.9255883071889234
8,-0.75,494,-0.9255883071908844
8,-0.75,495,-0.9255883071927583
8,-0.75,496,-0.9255883071945492
8,-0.75,497,-0.9255883071962606
8,-0.75,498,-0.9255883071978961
8,-0.75,499,-0.925588307199459
8,-0.75,500,-0.9255883072009525
8,-0.75,501,-0.9255883072023798
8,-0.75,502,-0.9255883072037439
8,-0.75,503,-0.9255883072050474
8,-0.75,504,-0.925588307206293
8,-0.75,505,-0.9255883072074834
8,-0.75,506,-0.9255883072086211
8,-0.75,507,-0.9255883072097081
8,-0.75,508,-0.9255883072107469
8,-0.75,509,-0.9255883072117397
8,-0.75,510,-0.9255883072126885
8,-0.75,511,-0.9255883072135951
8,-0.75,512,-0.9255883072144615
8,-0.75,513,-0.9255883072152895
8,-0.75,514,-0.9255883072160808
8,-0.75,515,-0.9255883072168369
8,-0.75,516,-0.9255883072175595
8,-0.75,517,-0.92558830721825
8,-0.75,518,-0.92558830721891
8,-0.75,519,-0.9255883072195406
8,-0.75,520,-0.9255883072201432
8,-0.75,521,-0.925588307220719
8,-0.75,522,-0.9255883072212694
8,-0.75,523,-0.9255883072217953
8,-0.75,524,-0.9255883072222979
8,-0.75,525,-0.9255883072227782
8,-0.75,526,-0.9255883072232372
8,-0.75,527,-0.9255883072236758
8,-0.75,528,-0.9255883072240949
8,-0.75,529,-0.9255883072244955
8,-0.75,530,-0.9255883072248783
8,-0.75,531,-0.9255883072252441
8,-0.75,532,-0.9255883072255937
8,-0.75,533,-0.9255883072259278
8,-0.75,534,-0.925588307226247
8,-0.75,535,-0.925588307226552
8,-0.75,536,-0.9255883072268436
8,-0.75,537,-0.9255883072271223
8,-0.75,538,-0.9255883072273885
8,-0.75,539,-0.925588307227643
8,-0.75,540,-0.9255883072278861
8,-0.75,541,-0.9255883072281185
8,-0.75,542,-0.9255883072283405
8,-0.75,543,-0.9255883072285527
8,-0.75,544,-0.9255883072287555
8,-0.75,545,-0.9255883072289492
8,-0.75,546,-0.9255883072291344
8,-0.75,547,-0.9255883072293114
8,-0.75,548,-0.9255883072294805
8,-0.75,549,-0.9255883072296421
8,-0.75,550,-0.9255883072297966
8,-0.75,551,-0.9255883072299442
8,-0.75,552,-0.9255883072300852
8,-0.75,553,-0.92558830723022
8,-0.75,554,-0.9255883072303488
8,-0.75,555,-0.9255883072304719
8,-0.75,556,-0.9255883072305895
8,-0.75,557,-0.925588307230702
8,-0.75,558,-0.9255883072308094
8,-0.75,559,-0.925588307230912
8,-0.75,560,-0.92558830723101
8,-0.75,561,-0.9255883072311037
8,-0.75,562,-0.9255883072311933
8,-0.75,563,-0.925588307231279
8,-0.75,564,-0.9255883072313609
8,-0.75,565,-0.925588307231439
8,-0.75,566,-0.9255883072315138
8,-0.75,567,-0.9255883072315851
8,-0.75,568,-0.9255883072316534
8,-0.75,569,-0.9255883072317186
8,-0.75,570,-0.9255883072317809
8,-0.75,571,-0.9255883072318405
8,-0.75,572,-0.9255883072318973
8,-0.75,573,-0.9255883072319517
8,-0.75,574,-0.9255883072320037
8,-0.75,575,-0.9255883072320534
8,-0.75,576,-0.9255883072321008
8,-0.75,577,-0.9255883072321462
8,-0.75,578,-0.9255883072321895
8,-0.75,579,-0.925588307232231
8,-0.75,580,-0.9255883072322705
8,-0.75,581,-0.9255883072323082
8,-0.75,582,-0.9255883072323443
8,-0.75,583,-0.9255883072323788
8,-0.75,584,-0.9255883072324119
8,-0.75,585,-0.9255883072324436
8,-0.75,586,-0.9255883072324738
8,-0.75,587,-0.9255883072325026
8,-0.75,588,-0.9255883072325302
8,-0.75,589,-0.9255883072325566
8,-0.75,590,-0.9255883072325818
8,-0.75,591,-0.9255883072326058
8,-0.75,592,-0.9255883072326286
8,-0.75,593,-0.9255883072326505
8,-0.75,594,-0.9255883072326715
8,-0.75,595,-0.9255883072326916
8,-0.75,596,-0.9255883072327108
8,-0.75,597,-0.9255883072327291
8,-0.75,598,-0.9255883072327467
8,-0.75,599,-0.9255883072327633
8,-0.75,600,-0.9255883072327793
8,-0.75,601,-0.9255883072327945
8,-0.75,602,-0.925588307232809
8,-0.75,603,-0.925588307232823
8,-0.75,604,-0.9255883072328364
8,-0.75,605,-0.9255883072328491
8,-0.75,606,-0.9255883072328613
8,-0.75,607,-0.9255883072328729
8,-0.75,608,-0.925588307232884
8,-0.75,609,-0.9255883072328945
8,-0.75,610,-0.9255883072329046
8,-0.75,611,-0.9255883072329143
8,-0.75,612,-0.9255883072329236
8,-0.75,613,-0.9255883072329325
8,-0.75,614,-0.9255883072329409
8,-0.75,615,-0.925588307232949
8,-0.75,616,-0.9255883072329568
8,-0.75,617,-0.9255883072329641
8,-0.75,618,-0.9255883072329711
8,-0.75,619,-0.9255883072329779
8,-0.75,620,-0.9255883072329844
8,-0.75,621,-0.9255883072329905
8,-0.75,622,-0.9255883072329963
8,-0.75,623,-0.925588307233002
8,-0.75,624,-0.9255883072330073
8,-0.75,625,-0.9255883072330126
8,-0.75,626,-0.9255883072330174
8,-0.75,627,-0.9255883072330221
8,-0.75,628,-0.9255883072330267
8,-0.75,629,-0.925588307233031
8,-0.75,630,-0.9255883072330351
8,-0.75,631,-0.925588307233039
8,-0.75,632,-0.9255883072330426
8,-0.75,633,-0.9255883072330462
8,-0.75,634,-0.9255883072330496
8,-0.75,635,-0.925588307233053
8,-0.75,636,-0.9255883072330561
8,-0.75,637,-0.9255883072330591
8,-0.75,638,-0.9255883072330618
8,-0.75,639,-0.9255883072330646
8,-0.75,640,-0.9255883072330673
8,-0.75,641,-0.9255883072330698
8,-0.75,642,-0.9255883072330722
8,-0.75,643,-0.9255883072330744
8,-0.75,644,-0.9255883072330765
8,-0.75,645,-0.9255883072330785
8,-0.75,646,-0.9255883072330805
8,-0.75,647,-0.9255883072330824
8,-0.75,648,-0.9255883072330842
8,-0.75,649,-0.9255883072330859
8,-0.75,650,-0.9255883072330876
8,-0.75,651,-0.9255883072330892
8,-0.75,652,-0.9255883072330907
8,-0.75,653,-0.9255883072330922
8,-0.75,654,-0.9255883072330935
8,-0.75,655,-0.9255883072330948
8,-0.75,656,-0.925588307233096
8,-0.75,657,-0.9255883072330973
8,-0.75,658,-0.9255883072330984
8,-0.75,659,-0.9255883072330995
8,-0.75,660,-0.9255883072331005
8,-0.75,661,-0.9255883072331015
8,-0.75,662,-0.9255883072331024
8,-0.75,663,-0.9255883072331033
8,-0.75,664,-0.9255883072331041
8,-0.75,665,-0.925588307233105
8,-0.75,666,-0.9255883072331059
8,-0.75,667,-0.9255883072331067
8,-0.75,668,-0.9255883072331075
8,-0.75,669,-0.9255883072331083
8,-0.75,670,-0.9255883072331089
8,-0.75,671,-0.9255883072331096
8,-0.75,672,-0.9255883072331103
8,-0.75,673,-0.9255883072331108
8,-0.75,674,-0.9255883072331114
8,-0.75,675,-0.9255883072331119
8,-0.75,676,-0.9255883072331125
8,-0.75,677,-0.9255883072331129
8,-0.75,678,-0.9255883072331134
8,-0.75,679,-0.9255883072331138
8,-0.75,680,-0.9255883072331142
8,-0.75,681,-0.9255883072331146
8,-0.75,682,-0.9255883072331149
8,-0.75,683,-0.9255883072331152
8,-0.75,684,-0.9255883072331156
8,-0.75,685,-0.9255883072331159
8,-0.75,686,-0.9255883072331162
8,-0.75,687,-0.9255883072331166
8,-0.75,688,-0.9255883072331168
8,-0.75,689,-0.925588307233117
8,-0.75,690,-0.9255883072331172
8,-0.75,691,-0.9255883072331175
8,-0.75,692,-0.9255883072331177
8,-0.75,693,-0.9255883072331179
8,-0.75,694,-0.9255883072331181
8,-0.75,695,-0.9255883072331184
8,-0.75,696,-0.9255883072331186
8,-0.75,697,-0.9255883072331188
8,-0.75,698,-0.9255883072331189
8,-0.75,699,-0.925588307233119
8,-0.75,700,-0.9255883072331191
8,-0.75,701,-0.9255883072331192
8,-0.75,702,-0.9255883072331194
8,-0.75,703,-0.9255883072331195
8,-0.75,704,-0.9255883072331196
8,-0.75,705,-0.9255883072331197
8,-0.75,706,-0.9255883072331198
8,-0.75,707,-0.9255883072331199
8,-0.75,708,-0.92558830723312
8,-0.75,709,-0.9255883072331201
8,-0.75,710,-0.9255883072331204
8,-0.75,711,-0.9255883072331206
8,-0.75,712,-0.9255883072331208
8,-0.75,713,-0.925588307233121
8,-0.75,714,-0.925588307233121
8,-0.75,715,-0.925588307233121
8,-0.75,716,-0.925588307233121
8,-0.75,717,-0.925588307233121
8,-0.75,718,-0.925588307233121
8,-0.75,719,-0.925588307233121
8,-0.75,720,-0.925588307233121
8,-0.75,721,-0.925588307233121
8,-0.75,722,-0.925588307233121
8,-0.75,723,-0.925588307233121
8,-0.75,724,-0.925588307233121
8,-0.75,725,-0.925588307233121
8,-0.75,726,-0.925588307233121
8,-0.75,727,-0.925588307233121
8,-0.75,728,-0.925588307233121
8,-0.75,729,-0.925588307233121
8,-0.75,730,-0.925588307233121
8,-0.75,731,-0.925588307233121
8,-0.75,732,-0.925588307233121
8,-0.75,733,-0.925588307233121
8,-0.75,734,-0.925588307233121
8,-0.75,735,-0.925588307233121
8,-0.75,736,-0.925588307233121
8,-0.75,737,-0.925588307233121
8,-0.75,738,-0.925588307233121
8,-0.75,739,-0.925588307233121
8,-0.75,740,-0.925588307233121
8,-0.75,741,-0.925588307233121
8,-0.75,742,-0.925588307233121
8,-0.75,743,-0.925588307233121
8,-0.75,744,-0.925588307233121
8,-0.75,745,-0.925588307233121
8,-0.75,746,-0.925588307233121
8,-0.75,747,-0.925588307233121
8,-0.75,748,-0.925588307233121
8,-0.75,749,-0.925588307233121
8,-0.75,750,-0.925588307233121
8,-0.75,751,-0.925588307233121
8,-0.75,752,-0.925588307233121
8,-0.75,753,-0.925588307233121
8,-0.75,754,-0.925588307233121
8,-0.75,755,-0.925588307233121
8,-0.75,756,-0.925588307233121
8,-0.75,757,-0.925588307233121
8,-0.75,758,-0.925588307233121
8,-0.75,759,-0.925588307233121
8,-0.75,760,-0.925588307233121
8,-0.75,761,-0.925588307233121
8,-0.75,762,-0.925588307233121
8,-0.75,763,-0.925588307233121
8,-0.75,764,-0.925588307233121
8,-0.75,765,-0.925588307233121
8,-0.75,766,-0.925588307233121
8,-0.75,767,-0.925588307233121
8,-0.75,768,-0.925588307233121
8,-0.75,769,-0.925588307233121
8,-0.75,770,-0.925588307233121
8,-0.75,771,-0.925588307233121
8,-0.75,772,-0.925588307233121
8,-0.75,773,-0.925588307233121
8,-0.75,774,-0.925588307233121
8,-0.75,775,-0.925588307233121
8,-0.75,776,-0.925588307233121
8,-0.75,777,-0.925588307233121
8,-0.75,778,-0.925588307233121
8,-0.75,779,-0.925588307233121
8,-0.75,780,-0.925588307233121
8,-0.75,781,-0.925588307233121
8,-0.75,782,-0.925588307233121
8,-0.75,783,-0.925588307233121
8,-0.75,784,-0.925588307233121
8,-0.75,785,-0.925588307233121
8,-0.75,786,-0.925588307233121
8,-0.75,787,-0.925588307233121
8,-0.75,788,-0.925588307233121
8,-0.75,789,-0.925588307233121
8,-0.75,790,-0.925588307233121
8,-0.75,791,-0.925588307233121
8,-0.75,792,-0.925588307233121
8,-0.75,793,-0.925588307233121
8,-0.75,794,-0.925588307233121
8,-0.75,795,-0.925588307233121
8,-0.75,796,-0.925588307233121
8,-0.75,797,-0.925588307233121
8,-0.75,798,-0.925588307233121
8,-0.75,799,-0.925588307233121
8,-0.75,800,-0.925588307233121
8,-0.75,801,-0.925588307233121
8,-0.75,802,-0.925588307233121
8,-0.75,803,-0.925588307233121
8,-0.75,804,-0.925588307233121
8,-0.75,805,-0.925588307233121
8,-0.75,806,-0.925588307233121
8,-0.75,807,-0.925588307233121
8,-0.75,808,-0.925588307233121
8,-0.75,809,-0.925588307233121
8,-0.75,810,-0.925588307233121
8,-0.75,811,-0.925588307233121
8,-0.75,812,-0.925588307233121
8,-0.75,813,-0.925588307233121
8,-0.75,814,-0.925588307233121
8,-0.75,815,-0.925588307233121
8,-0.75,816,-0.925588307233121
8,-0.75,817,-0.925588307233121
8,-0.75,818,-0.925588307233121
8,-0.75,819,-0.925588307233121
8,-0.75,820,-0.925588307233121
8,-0.75,821,-0.925588307233121
8,-0.75,822,-0.925588307233121
8,-0.75,823,-0.925588307233121
8,-0.75,824,-0.925588307233121
8,-0.75,825,-0.925588307233121
8,-0.75,826,-0.925588307233121
8,-0.75,827,-0.925588307233121
8,-0.75,828,-0.925588307233121
8,-0.75,829,-0.925588307233121
8,-0.75,830,-0.925588307233121
8,-0.75,831,-0.925588307233121
8,-0.75,832,-0.925588307233121
8,-0.75,833,-0.925588307233121
8,-0.75,834,-0.925588307233121
8,-0.75,835,-0.925588307233121
8,-0.75,836,-0.925588307233121
8,-0.75,837,-0.925588307233121
8,-0.75,838,-0.925588307233121
8,-0.75,839,-0.925588307233121
8,-0.75,840,-0.925588307233121
8,-0.75,841,-0.925588307233121
8,-0.75,842,-0.925588307233121
8,-0.75,843,-0.925588307233121
8,-0.75,844,-0.925588307233121
8,-0.75,845,-0.925588307233121
8,-0.75,846,-0.925588307233121
8,-0.75,847,-0.925588307233121
8,-0.75,848,-0.925588307233121
8,-0.75,849,-0.925588307233121
8,-0.75,850,-0.925588307233121
8,-0.75,851,-0.925588307233121
8,-0.75,852,-0.925588307233121
8,-0.75,853,-0.925588307233121
8,-0.75,854,-0.925588307233121
8,-0.75,855,-0.925588307233121
8,-0.75,856,-0.925588307233121
8,-0.75,857,-0.925588307233121
8,-0.75,858,-0.925588307233121
8,-0.75,859,-0.925588307233121
8,-0.75,860,-0.925588307233121
8,-0.75,861,-0.925588307233121
8,-0.75,862,-0.925588307233121
8,-0.75,863,-0.925588307233121
8,-0.75,864,-0.925588307233121
8,-0.75,865,-0.925588307233121
8,-0.75,866,-0.925588307233121
8,-0.75,867,-0.925588307233121
8,-0.75,868,-0.925588307233121
8,-0.75,869,-0.925588307233121
8,-0.75,870,-0.925588307233121
8,-0.75,871,-0.925588307233121
8,-0.75,872,-0.925588307233121
8,-0.75,873,-0.925588307233121
8,-0.75,874,-0.925588307233121
8,-0.75,875,-0.925588307233121
8,-0.75,876,-0.925588307233121
8,-0.75,877,-0.925588307233121
8,-0.75,878,-0.925588307233121
8,-0.75,879,-0.925588307233121
8,-0.75,880,-0.925588307233121
8,-0.75,881,-0.925588307233121
8,-0.75,882,-0.925588307233121
8,-0.75,883,-0.925588307233121
8,-0.75,884,-0.925588307233121
8,-0.75,885,-0.925588307233121
8,-0.75,886,-0.925588307233121
8,-0.75,887,-0.925588307233121
8,-0.75,888,-0.925588307233121
8,-0.75,889,-0.925588307233121
8,-0.75,890,-0.925588307233121
8,-0.75,891,-0.925588307233121
8,-0.75,892,-0.925588307233121
8,-0.75,893,-0.925588307233121
8,-0.75,894,-0.925588307233121
8,-0.75,895,-0.925588307233121
8,-0.75,896,-0.925588307233121
8,-0.75,897,-0.925588307233121
8,-0.75,898,-0.925588307233121
8,-0.75,899,-0.925588307233121
8,-0.75,900,-0.925588307233121
8,-0.75,901,-0.925588307233121
8,-0.75,902,-0.925588307233121
8,-0.75,903,-0.925588307233121
8,-0.75,904,-0.925588307233121
8,-0.75,905,-0.925588307233121
8,-0.75,906,-0.925588307233121
8,-0.75,907,-0.925588307233121
8,-0.75,908,-0.925588307233121
8,-0.75,909,-0.925588307233121
8,-0.75,910,-0.925588307233121
8,-0.75,911,-0.925588307233121
8,-0.75,912,-0.925588307233121
8,-0.75,913,-0.925588307233121
8,-0.75,914,-0.925588307233121
8,-0.75,915,-0.925588307233121
8,-0.75,916,-0.925588307233121
8,-0.75,917,-0.925588307233121
8,-0.75,918,-0.925588307233121
8,-0.75,919,-0.925588307233121
8,-0.75,920,-0.925588307233121
8,-0.75,921,-0.925588307233121
8,-0.75,922,-0.925588307233121
8,-0.75,923,-0.925588307233121
8,-0.75,924,-0.925588307233121
8,-0.75,925,-0.925588307233121
8,-0.75,926,-0.925588307233121
8,-0.75,927,-0.925588307233121
8,-0.75,928,-0.925588307233121
8,-0.75,929,-0.925588307233121
8,-0.75,930,-0.925588307233121
8,-0.75,931,-0.925588307233121
8,-0.75,932,-0.925588307233121
8,-0.75,933,-0.925588307233121
8,-0.75,934,-0.925588307233121
8,-0.75,935,-0.925588307233121
8,-0.75,936,-0.925588307233121
8,-0.75,937,-0.925588307233121
8,-0.75,938,-0.925588307233121
8,-0.75,939,-0.925588307233121
8,-0.75,940,-0.925588307233121
8,-0.75,941,-0.925588307233121
8,-0.75,942,-0.925588307233121
8,-0.75,943,-0.925588307233121
8,-0.75,944,-0.925588307233121
8,-0.75,945,-0.925588307233121
8,-0.75,946,-0.925588307233121
8,-0.75,947,-0.925588307233121
8,-0.75,948,-0.925588307233121
8,-0.75,949,-0.925588307233121
8,-0.75,950,-0.925588307233121
8,-0.75,951,-0.925588307233121
8,-0.75,952,-0.925588307233121
8,-0.75,953,-0.925588307233121
8,-0.75,954,-0.925588307233121
8,-0.75,955,-0.925588307233121
8,-0.75,956,-0.925588307233121
8,-0.75,957,-0.925588307233121
8,-0.75,958,-0.925588307233121
8,-0.75,959,-0.925588307233121
8,-0.75,960,-0.925588307233121
8,-0.75,961,-0.925588307233121
8,-0.75,962,-0.925588307233121
8,-0.75,963,-0.925588307233121
8,-0.75,964,-0.925588307233121
8,-0.75,965,-0.925588307233121
8,-0.75,966,-0.925588307233121
8,-0.75,967,-0.925588307233121
8,-0.75,968,-0.925588307233121
8,-0.75,969,-0.925588307233121
8,-0.75,970,-0.925588307233121
8,-0.75,971,-0.925588307233121
8,-0.75,972,-0.925588307233121
8,-0.75,973,-0.925588307233121
8,-0.75,974,-0.925588307233121
8,-0.75,975,-0.925588307233121
8,-0.75,976,-0.925588307233121
8,-0.75,977,-0.925588307233121
8,-0.75,978,-0.925588307233121
8,-0.75,979,-0.925588307233121
8,-0.75,980,-0.925588307233121
8,-0.75,981,-0.925588307233121
8,-0.75,982,-0.925588307233121
8,-0.75,983,-0.925588307233121
8,-0.75,984,-0.925588307233121
8,-0.75,985,-0.925588307233121
8,-0.75,986,-0.925588307233121
8,-0.75,987,-0.925588307233121
8,-0.75,988,-0.925588307233121
8,-0.75,989,-0.925588307233121
8,-0.75,990,-0.925588307233121
8,-0.75,991,-0.925588307233121
8,-0.75,992,-0.925588307233121
8,-0.75,993,-0.925588307233121
8,-0.75,994,-0.925588307233121
8,-0.75,995,-0.925588307233121
8,-0.75,996,-0.925588307233121
8,-0.75,997,-0.925588307233121
8,-0.75,998,-0.925588307233121
8,-0.75,999,-0.925588307233121
8,-0.75,1000,-0.925588307233121
8,-0.25,0,-0.25
8,-0.25,1,-0.2411834433244415
8,-0.25,2,-0.2324623257221096
8,-0.25,3,-0.22386125351149208
8,-0.25,4,-0.21540250247498494
8,-0.25,5,-0.2071058173408764
8,-0.25,6,-0.19898831097627054
8,-0.25,7,-0.1910644524266945
8,-0.25,8,-0.18334612938315062
8,-0.25,9,-0.17584276911167965
8,-0.25,10,-0.16856150198056707
8,-0.25,11,-0.16150735300004893
8,-0.25,12,-0.15468344878410342
8,-0.25,13,-0.1480912296567612
8,-0.25,14,-0.14173065895741854
8,-0.25,15,-0.1356004237529252
8,-0.25,16,-0.12969812302828904
8,-0.25,17,-0.12402044095922876
8,-0.25,18,-0.11856330407085025
8,-0.25,19,-0.11332202198729702
8,-0.25,20,-0.10829141212078454
8,-0.25,21,-0.10346590908239349
8,-0.25,22,-0.09883965986679999
8,-0.25,23,-0.09440660600900778
8,-0.25,24,-0.09016055396687872
8,-0.25,25,-0.0860952349759955
8,-0.25,26,-0.08220435557424177
8,-0.25,27,-0.07848163991835475
8,-0.25,28,-0.07492086492522985
8,-0.25,29,-0.07151588917518968
8,-0.25,30,-0.06826067641842176
8,-0.25,31,-0.06514931443304381
8,-0.25,32,-0.06217602989604502
8,-0.25,33,-0.05933519984793233
8,-0.25,34,-0.05662136025883024
8,-0.25,35,-0.054029212138109885
8,-0.25,36,-0.05155362557112246
8,-0.25,37,-0.049189642014858405
8,-0.25,38,-0.04693247513882238
8,-0.25,39,-0.04477751045753483
8,-0.25,40,-0.04272030396626945
8,-0.25,41,-0.040756579961355795
8,-0.25,42,-0.03888222820009593
8,-0.25,43,-0.03709330053258196
8,-0.25,44,-0.03538600711802216
8,-0.25,45,-0.03375671232119529
8,-0.25,46,-0.0322019303700082
8,-0.25,47,-0.030718320842523097
8,-0.25,48,-0.02930268404097793
8,-0.25,49,-0.027951956301009488
8,-0.25,50,-0.02666320527629761
8,-0.25,51,-0.025433625232000424
8,-0.25,52,-0.02426053237448922
8,-0.25,53,-0.023141360239881024
8,-0.25,54,-0.022073655159590987
8,-0.25,55,-0.021055071817482764
8,-0.25,56,-0.020083368910096187
8,-0.25,57,-0.019156404918801214
8,-0.25,58,-0.018272134000500217
8,-0.25,59,-0.017428602001620375
8,-0.25,60,-0.016623942598555548
8,-0.25,61,-0.015856373566390157
8,-0.25,62,-0.015124193176630132
8,-0.25,63,-0.014425776723746448
8,-0.25,64,-0.01375957317957808
8,-0.25,65,-0.013124101974020091
8,-0.25,66,-0.012517949899918881
8,-0.25,67,-0.011939768139693142
8,-0.25,68,-0.011388269410880716
8,-0.25,69,-0.01086222522756568
8,-0.25,70,-0.010360463274455337
8,-0.25,71,-0.009881864890244063
8,-0.25,72,-0.0094253626568118
8,-0.25,73,-0.008989938090752525
8,-0.25,74,-0.0085746194337061
8,-0.25,75,-0.00817847953797046
8,-0.25,76,-0.007800633843895681
8,-0.25,77,-0.007440238445603143
8,-0.25,78,-0.007096488241628893
8,-0.25,79,-0.006768615167157166
8,-0.25,80,-0.006455886504585927
8,-0.25,81,-0.006157603269248991
8,-0.25,82,-0.00587309866720717
8,-0.25,83,-0.005601736622112505
8,-0.25,84,-0.005342910368243832
8,-0.25,85,-0.005096041106907581
8,-0.25,86,-0.004860576723494048
8,-0.25,87,-0.004635990562575731
8,-0.25,88,-0.004421780258529951
8,-0.25,89,-0.004217466619262606
8,-0.25,90,-0.004022592560703002
8,-0.25,91,-0.003836722089830975
8,-0.25,92,-0.0036594393340868055
8,-0.25,93,-0.0034903476151013782
8,-0.25,94,-0.003329068564768707
8,-0.25,95,-0.0031752412817650285
8,-0.25,96,-0.0030285215266982342
8,-0.25,97,-0.002888580954148356
8,-0.25,98,-0.00275510637993413
8,-0.25,99,-0.0026277990820123393
8,-0.25,100,-0.0025063741334857108
8,-0.25,101,-0.002390559766261601
8,-0.25,102,-0.002280096763967654
8,-0.25,103,-0.002174737882792023
8,-0.25,104,-0.002074247298974745
8,-0.25,105,-0.001978400081733455
8,-0.25,106,-0.0018869816904609003
8,-0.25,107,-0.0017997874950837639
8,-0.25,108,-0.0017166223185221352
8,-0.25,109,-0.0016373000002367231
8,-0.25,110,-0.0015616429798966012
8,-0.25,111,-0.0014894819002440117
8,-0.25,112,-0.0014206552282746054
8,-0.25,113,-0.0013550088938914999
8,-0.25,114,-0.0012923959452298137
8,-0.25,115,-0.0012326762198849096
8,-0.25,116,-0.0011757160313125422
8,-0.25,117,-0.0011213878697025116
8,-0.25,118,-0.0010695701166593412
8,-0.25,119,-0.0010201467730539945
8,-0.25,120,-0.000973007199439754
8,-0.25,121,-0.0009280458684532157
8,-0.25,122,-0.0008851621286478883
8,-0.25,123,-0.0008442599792332589
8,-0.25,124,-0.0008052478552163891
8,-0.25,125,-0.0007680384224662067
8,-0.25,126,-0.0007325483822427328
8,-0.25,127,-0.000698698284754521
8,-0.25,128,-0.0006664123513276951
8,-0.25,129,-0.000635618304789133
8,-0.25,130,-0.0006062472076846623
8,-0.25,131,-0.0005782333079705872
8,-0.25,132,-0.000551513891833525
8,-0.25,133,-0.0005260291433094446
8,-0.25,134,-0.0005017220103879665
8,-0.25,135,-0.0004785380773024464
8,-0.25,136,-0.00045642544272019465
8,-0.25,137,-0.00043533460356034846
8,-0.25,138,-0.00041521834417948187
8,-0.25,139,-0.0003960316306770377
8,-0.25,140,-0.00037773151008410643
8,-0.25,141,-0.00036027701420997965
8,-0.25,142,-0.0003436290679313325
8,-0.25,143,-0.0003277504017188101
8,-0.25,144,-0.0003126054682052704
8,-0.25,145,-0.00029816036260897535
8,-0.25,146,-0.0002843827468336416
8,-0.25,147,-0.00027124177707548385
8,-0.25,148,-0.0002587080347752307
8,-0.25,149,-0.00024675346076057916
8,-0.25,150,-0.00023535129243167573
8,-0.25,151,-0.00022447600384904102
8,-0.25,152,-0.00021410324858983583
8,-0.25,153,-0.00020420980524455846
8,-0.25,154,-0.00019477352543218314
8,-0.25,155,-0.000185773284217372
8,-0.25,156,-0.00017718893281877806
8,-0.25,157,-0.00016900125350257918
8,-0.25,158,-0.00016119191656027094
8,-0.25,159,-0.0001537434392744201
8,-0.25,160,-0.0001466391467805183
8,-0.25,161,-0.0001398631347373267
8,-0.25,162,-0.00013340023372214915
8,-0.25,163,-0.00012723597527132863
8,-0.25,164,-0.00012135655948994939
8,-0.25,165,-0.00011574882415823308
8,-0.25,166,-0.00011040021526547451
8,-0.25,167,-0.0001052987589055526
8,-0.25,168,-0.00010043303447110297
8,-0.25,169,-9.57921490863418e-05
8,-0.25,170,-9.13657132213089e-05
8,-0.25,171,-8.714381743293872e-05
8,-0.25,172,-8.311701018088737e-05
8,-0.25,173,-7.927627666846012e-05
8,-0.25,174,-7.561301866126551e-05
8,-0.25,175,-7.211903523842107e-05
8,-0.25,176,-6.878650443321666e-05
8,-0.25,177,-6.560796572213682e-05
8,-0.25,178,-6.257630332304059e-05
8,-0.25,179,-5.968473026510898e-05
8,-0.25,180,-5.69267731948985e-05
8,-0.25,181,-5.429625788448545e-05
8,-0.25,182,-5.1787295409259416e-05
8,-0.25,183,-4.939426896442217e-05
8,-0.25,184,-4.711182129067772e-05
8,-0.25,185,-4.49348426809661e-05
8,-0.25,186,-4.285845954138861e-05
8,-0.25,187,-4.0878023480717076e-05
8,-0.25,188,-3.8989100904065725e-05
8,-0.25,189,-3.718746308742156e-05
8,-0.25,190,-3.546907671082181e-05
8,-0.25,191,-3.383009482897827e-05
8,-0.25,192,-3.226684825913855e-05
8,-0.25,193,-3.0775837366901664e-05
8,-0.25,194,-2.935372423160378e-05
8,-0.25,195,-2.799732517372843e-05
8,-0.25,196,-2.670360362761698e-05
8,-0.25,197,-2.546966334352073e-05
8,-0.25,198,-2.4292741903780042e-05
8,-0.25,199,-2.3170204538610916e-05
8,-0.25,200,-2.209953822765445e-05
8,-0.25,201,-2.1078346074090728e-05
8,-0.25,202,-2.0104341938714176e-05
8,-0.25,203,-1.9175345321962298e-05
8,-0.25,204,-1.828927648244005e-05
8,-0.25,205,-1.7444151781010758e-05
8,-0.25,206,-1.663807924003186e-05
8,-0.25,207,-1.5869254307789193e-05
8,-0.25,208,-1.5135955818655753e-05
8,-0.25,209,-1.4436542139925087e-05
8,-0.25,210,-1.376944749669298e-05
8,-0.25,211,-1.3133178466562639e-05
8,-0.25,212,-1.2526310636327852e-05
8,-0.25,213,-1.1947485413141681e-05
8,-0.25,214,-1.1395406983041589e-05
8,-0.25,215,-1.0868839410013964e-05
8,-0.25,216,-1.0366603869110395e-05
8,-0.25,217,-9.887576007414445e-06
8,-0.25,218,-9.43068342695922e-06
8,-0.25,219,-8.994903283951337e-06
8,-0.25,220,-8.579259998937302e-06
8,-0.25,221,-8.182823072774435e-06
8,-0.25,222,-7.804705003527393e-06
8,-0.25,223,-7.4440592996204655e-06
8,-0.25,224,-7.100078584799738e-06
8,-0.25,225,-6.771992790662958e-06
8,-0.25,226,-6.4590674327100586e-06
8,-0.25,227,-6.16060196605524e-06
8,-0.25,228,-5.87592821712041e-06
8,-0.25,229,-5.60440888779663e-06
8,-0.25,230,-5.345436128726323e-06
8,-0.25,231,-5.098430178515117e-06
8,-0.25,232,-4.8628380658212405e-06
8,-0.25,233,-4.638132371419047e-06
8,-0.25,234,-4.423810047470575e-06
8,-0.25,235,-4.219391291349791e-06
8,-0.25,236,-4.024418471515144e-06
8,-0.25,237,-3.838455103008063e-06
8,-0.25,238,-3.6610848702966626e-06
8,-0.25,239,-3.4919106952711902e-06
8,-0.25,240,-3.3305538483074605e-06
8,-0.25,241,-3.1766531004060283e-06
8,-0.25,242,-3.029863914509789e-06
8,-0.25,243,-2.8898576741895732e-06
8,-0.25,244,-2.7563209479733205e-06
8,-0.25,245,-2.628954787666411e-06
8,-0.25,246,-2.5074740590989035e-06
8,-0.25,247,-2.391606803795082e-06
8,-0.25,248,-2.2810936301430576e-06
8,-0.25,249,-2.175687132693153e-06
8,-0.25,250,-2.0751513382945192e-06
8,-0.25,251,-1.9792611778217375e-06
8,-0.25,252,-1.8878019823130498e-06
8,-0.25,253,-1.8005690023922673e-06
8,-0.25,254,-1.7173669498976022e-06
8,-0.25,255,-1.6380095606905197e-06
8,-0.25,256,-1.562319177664536e-06
8,-0.25,257,-1.490126353029489e-06
8,-0.25,258,-1.421269468964407e-06
8,-0.25,259,-1.3555943758083197e-06
8,-0.25,260,-1.2929540469636403e-06
8,-0.25,261,-1.233208249748477e-06
8,-0.25,262,-1.176223231459063e-06
8,-0.25,263,-1.121871419937832e-06
8,-0.25,264,-1.0700311379768423e-06
8,-0.25,265,-1.0205863309213427e-06
8,-0.25,266,-9.734263068576994e-07
8,-0.25,267,-9.284454888079939e-07
8,-0.25,268,-8.855431783739762e-07
8,-0.25,269,-8.446233303059584e-07
8,-0.25,270,-8.055943374859625e-07
8,-0.25,271,-7.683688258458713e-07
8,-0.25,272,-7.32863458765638e-07
8,-0.25,273,-6.989987505058272e-07
8,-0.25,274,-6.666988882644051e-07
8,-0.25,275,-6.358915624548415e-07
8,-0.25,276,-6.065078048260303e-07
8,-0.25,277,-5.784818340643784e-07
8,-0.25,278,-5.517509085284107e-07
8,-0.25,279,-5.262551857901465e-07
8,-0.25,280,-5.019375886663275e-07
8,-0.25,281,-4.787436774382473e-07
8,-0.25,282,-4.5662152797920556e-07
8,-0.25,283,-4.355216155120696e-07
8,-0.25,284,-4.1539670373764556e-07
8,-0.25,285,-3.962017390876947e-07
8,-0.25,286,-3.7789374986301667e-07
8,-0.25,287,-3.6043175003298934e-07
8,-0.25,288,-3.4377664748049277e-07
8,-0.25,289,-3.278911564871221e-07
8,-0.25,290,-3.127397142603788e-07
8,-0.25,291,-2.9828840132086416e-07
8,-0.25,292,-2.8450486556514923e-07
8,-0.25,293,-2.7135824984100617e-07
8,-0.25,294,-2.588191228663224e-07
8,-0.25,295,-2.4685941334203414e-07
8,-0.25,296,-2.3545234710891899e-07
8,-0.25,297,-2.2457238720854492e-07
8,-0.25,298,-2.1419517671305573e-07
8,-0.25,299,-2.042974841985349e-07
8,-0.25,300,-1.9485715173566707e-07
8,-0.25,301,-1.8585304528588365e-07
8,-0.25,302,-1.7726500738809572e-07
8,-0.25,303,-1.6907381203224035e-07
8,-0.25,304,-1.612611216186264e-07
8,-0.25,305,-1.5380944590451403e-07
8,-0.25,306,-1.4670210285053642e-07
8,-0.25,307,-1.3992318127283836e-07
8,-0.25,308,-1.3345750522348332e-07
8,-0.25,309,-1.2729060001739883e-07
8,-0.25,310,-1.2140865982492156e-07
8,-0.25,311,-1.1579851676744765e-07
8,-0.25,312,-1.104476114382578e-07
8,-0.25,313,-1.0534396478419705e-07
8,-0.25,314,-1.0047615128970754e-07
8,-0.25,315,-9.583327339809678e-08
8,-0.25,316,-9.14049371144244e-08
8,-0.25,317,-8.71812287390798e-08
8,-0.25,318,-8.315269267048551e-08
8,-0.25,319,-7.931031023942921e-08
8,-0.25,320,-7.564547951823907e-08
8,-0.25,321,-7.214999606282551e-08
8,-0.25,322,-6.881603454701764e-08
8,-0.25,323,-6.563613124371218e-08
8,-0.25,324,-6.260316731379044e-08
8,-0.25,325,-5.971035287247615e-08
8,-0.25,326,-5.6951211785762e-08
8,-0.25,327,-5.431956717445272e-08
8,-0.25,328,-5.180952758471936e-08
8,-0.25,329,-4.941547380033925e-08
8,-0.25,330,-4.713204626158837e-08
8,-0.25,331,-4.4954133067739355e-08
8,-0.25,332,-4.287685853155624e-08
8,-0.25,333,-4.089557226616579e-08
8,-0.25,334,-3.9005838773176386e-08
8,-0.25,335,-3.7203427512880084e-08
8,-0.25,336,-3.548430343330109e-08
8,-0.25,337,-3.3844617937923834e-08
8,-0.25,338,-3.228070026825853e-08
8,-0.25,339,-3.078904928778817e-08
8,-0.25,340,-2.9366325642370604e-08
8,-0.25,341,-2.8009344285732337e-08
8,-0.25,342,-2.6715067348676907e-08
8,-0.25,343,-2.5480597337771152e-08
8,-0.25,344,-2.430317064981105e-08
8,-0.25,345,-2.3180151383502566e-08
8,-0.25,346,-2.2109025439568305e-08
8,-0.25,347,-2.108739489243009e-08
8,-0.25,348,-2.0112972621449846e-08
8,-0.25,349,-1.918357719083264e-08
8,-0.25,350,-1.829712796610565e-08
8,-0.25,351,-1.7451640456732028e-08
8,-0.25,352,-1.6645221872512187e-08
8,-0.25,353,-1.5876066887419793e-08
8,-0.25,354,-1.5142453597204887e-08
8,-0.25,355,-1.4442739663677785e-08
8,-0.25,356,-1.377535864015615e-08
8,-0.25,357,-1.3138816462945528e-08
8,-0.25,358,-1.2531688107664034e-08
8,-0.25,359,-1.1952614398352618e-08
8,-0.25,360,-1.1400298964507141e-08
8,-0.25,361,-1.0873505338983187e-08
8,-0.25,362,-1.037105419146461e-08
8,-0.25,363,-9.891820686033953e-09
8,-0.25,364,-9.434731964272382e-09
8,-0.25,365,-8.998764743275872e-09
8,-0.25,366,-8.58294302509696e-09
8,-0.25,367,-8.186335910653027e-09
8,-0.25,368,-7.808055517561495e-09
8,-0.25,369,-7.447254990634131e-09
8,-0.25,370,-7.1031266069893716e-09
8,-0.25,371,-6.774899967408909e-09
8,-0.25,372,-6.4618402722283785e-09
8,-0.25,373,-6.163246675974203e-09
8,-0.25,374,-5.878450718023592e-09
8,-0.25,375,-5.606814827047785e-09
8,-0.25,376,-5.347730892426881e-09
8,-0.25,377,-5.100618904144887e-09
8,-0.25,378,-4.864925653057245e-09
8,-0.25,379,-4.640123493889833e-09
8,-0.25,380,-4.425709162455231e-09
8,-0.25,381,-4.221202650446929e-09
8,-0.25,382,-4.026146129901871e-09
8,-0.25,383,-3.840102928317372e-09
8,-0.25,384,-3.662656551369269e-09
8,-0.25,385,-3.493409750677769e-09
8,-0.25,386,-3.3319836341951488e-09
8,-0.25,387,-3.1780168176046165e-09
8,-0.25,388,-3.031164616067562e-09
8,-0.25,389,-2.8910982720466392e-09
8,-0.25,390,-2.7575042189621355e-09
8,-0.25,391,-2.6300833813185758e-09
8,-0.25,392,-2.5085505020187444e-09
8,-0.25,393,-2.392633505567144e-09
8,-0.25,394,-2.2820728891234177e-09
8,-0.25,395,-2.176621141401016e-09
8,-0.25,396,-2.0760421876718983e-09
8,-0.25,397,-1.9801108623475305e-09
8,-0.25,398,-1.888612404114438e-09
8,-0.25,399,-1.8013419756190917e-09
8,-0.25,400,-1.718104204913412e-09
8,-0.25,401,-1.638712747919799e-09
8,-0.25,402,-1.5629898713851328e-09
8,-0.25,403,-1.4907660551258242e-09
8,-0.25,404,-1.4218796110381092e-09
8,-0.25,405,-1.3561763239333862e-09
8,-0.25,406,-1.2935091035663666e-09
8,-0.25,407,-1.233737657878207e-09
8,-0.25,408,-1.1767281761590097e-09
8,-0.25,409,-1.1223530318685892e-09
8,-0.25,410,-1.0704904952855028e-09
8,-0.25,411,-1.0210244619114073e-09
8,-0.25,412,-9.738441922000588e-10
8,-0.25,413,-9.288440641263887e-10
8,-0.25,414,-8.859233363924037e-10
8,-0.25,415,-8.449859215645945e-10
8,-0.25,416,-8.059401738504482e-10
8,-0.25,417,-7.686986817615486e-10
8,-0.25,418,-7.331780723578267e-10
8,-0.25,419,-6.99298825973489e-10
8,-0.25,420,-6.66985097604564e-10
8,-0.25,421,-6.361645463597095e-10
8,-0.25,422,-6.067681743058412e-10
8,-0.25,423,-5.787301723306457e-10
8,-0.25,424,-5.51987771456828e-10
8,-0.25,425,-5.264811036723135e-10
8,-0.25,426,-5.021530671168564e-10
8,-0.25,427,-4.789491987032057e-10
8,-0.25,428,-4.568175522398514e-10
8,-0.25,429,-4.3570858160680007e-10
8,-0.25,430,-4.1557503029297756e-10
8,-0.25,431,-3.9637182541592865e-10
8,-0.25,432,-3.780559765201136e-10
8,-0.25,433,-3.605864804761247e-10
8,-0.25,434,-3.439242278389672e-10
8,-0.25,435,-3.280319171844004e-10
8,-0.25,436,-3.128739707794326e-10
8,-0.25,437,-2.984164539488734e-10
8,-0.25,438,-2.8462700090217167e-10
8,-0.25,439,-2.7147474149335426e-10
8,-0.25,440,-2.589302318164395e-10
8,-0.25,441,-2.469653880976085e-10
8,-0.25,442,-2.355534245866563e-10
8,-0.25,443,-2.2466879403345441e-10
8,-0.25,444,-2.142871287119767e-10
8,-0.25,445,-2.0438518716868172e-10
8,-0.25,446,-1.9494080207222492e-10
8,-0.25,447,-1.8593283015026802e-10
8,-0.25,448,-1.7734110532333742e-10
8,-0.25,449,-1.691463936615726e-10
8,-0.25,450,-1.6133034937933065e-10
8,-0.25,451,-1.5387547476478416e-10
8,-0.25,452,-1.4676508089873264e-10
8,-0.25,453,-1.39983249123167e-10
8,-0.25,454,-1.3351479773238048e-10
8,-0.25,455,-1.2734524495188106e-10
8,-0.25,456,-1.214607798398906e-10
8,-0.25,457,-1.158482285722369e-10
8,-0.25,458,-1.104950258824478e-10
8,-0.25,459,-1.0538918827678565e-10
8,-0.25,460,-1.0051928529255524e-10
8,-0.25,461,-9.587441427516448e-11
8,-0.25,462,-9.144417693674922e-11
8,-0.25,463,-8.721865535214329e-11
8,-0.25,464,-8.31883900224117e-11
8,-0.25,465,-7.934435782090089e-11
8,-0.25,466,-7.567795347059925e-11
8,-0.25,467,-7.218096934554437e-11
8,-0.25,468,-6.884557662910475e-11
8,-0.25,469,-6.566430810823664e-11
8,-0.25,470,-6.263004252191754e-11
8,-0.25,471,-5.973598639618344e-11
8,-0.25,472,-5.697566077727816e-11
8,-0.25,473,-5.4342886719949314e-11
8,-0.25,474,-5.183176976660614e-11
8,-0.25,475,-4.943668815154927e-11
8,-0.25,476,-4.715228020721025e-11
8,-0.25,477,-4.497343187966201e-11
8,-0.25,478,-4.289526573571562e-11
8,-0.25,479,-4.091312895841102e-11
8,-0.25,480,-3.9022584024401366e-11
8,-0.25,481,-3.7219398806634154e-11
8,-0.25,482,-3.549953665148117e-11
8,-0.25,483,-3.3859147125484344e-11
8,-0.25,484,-3.229455791865363e-11
8,-0.25,485,-3.080226680565539e-11
8,-0.25,486,-2.9378932274217815e-11
8,-0.25,487,-2.8021368438507748e-11
8,-0.25,488,-2.6726535870029962e-11
8,-0.25,489,-2.549153618295609e-11
8,-0.25,490,-2.431360411462956e-11
8,-0.25,491,-2.3190102777602796e-11
8,-0.25,492,-2.2118517240876807e-11
8,-0.25,493,-2.1096448258606378e-11
8,-0.25,494,-2.0121607700148836e-11
8,-0.25,495,-1.9191813341248602e-11
8,-0.25,496,-1.830498322177315e-11
8,-0.25,497,-1.7459132887647376e-11
8,-0.25,498,-1.6652368086937854e-11
8,-0.25,499,-1.5882882861830967e-11
8,-0.25,500,-1.5148954440037524e-11
8,-0.25,501,-1.4448940289822982e-11
8,-0.25,502,-1.3781272720200923e-11
8,-0.25,503,-1.3144457047091475e-11
8,-0.25,504,-1.2537068116448328e-11
8,-0.25,505,-1.195774578692298e-11
8,-0.25,506,-1.1405193067008617e-11
8,-0.25,507,-1.0878172957548037e-11
8,-0.25,508,-1.0375506319477898e-11
8,-0.25,509,-9.89606707262821e-12
8,-0.25,510,-9.438782318335226e-12
8,-0.25,511,-9.002627598697956e-12
8,-0.25,512,-8.586627250097597e-12
8,-0.25,513,-8.189850055287592e-12
8,-0.25,514,-7.81140736801972e-12
8,-0.25,515,-7.450452025328264e-12
8,-0.25,516,-7.106175926421181e-12
8,-0.25,517,-6.7778082530437795e-12
8,-0.25,518,-6.464614472713582e-12
8,-0.25,519,-6.165892616235893e-12
8,-0.25,520,-5.880974251624624e-12
8,-0.25,521,-5.609221939880123e-12
8,-0.25,522,-5.350026817978116e-12
8,-0.25,523,-5.102808557849721e-12
8,-0.25,524,-4.867013939633676e-12
8,-0.25,525,-4.642115149321261e-12
8,-0.25,526,-4.427608508463678e-12
8,-0.25,527,-4.2230143082281314e-12
8,-0.25,528,-4.027874223138253e-12
8,-0.25,529,-3.841751282740364e-12
8,-0.25,530,-3.664228977324689e-12
8,-0.25,531,-3.4949091940540764e-12
8,-0.25,532,-3.3334140726779263e-12
8,-0.25,533,-3.1793811765112158e-12
8,-0.25,534,-3.0324658437584795e-12
8,-0.25,535,-2.892339257935244e-12
8,-0.25,536,-2.758687829074826e-12
8,-0.25,537,-2.6312122589300966e-12
8,-0.25,538,-2.509627346804544e-12
8,-0.25,539,-2.393660417313007e-12
8,-0.25,540,-2.283052428839581e-12
8,-0.25,541,-2.177555383653336e-12
8,-0.25,542,-2.0769333369651906e-12
8,-0.25,543,-1.9809607534467373e-12
8,-0.25,544,-1.889422854118947e-12
8,-0.25,545,-1.802114731590003e-12
8,-0.25,546,-1.7188412034206373e-12
8,-0.25,547,-1.6394154585147647e-12
8,-0.25,548,-1.5636600263311037e-12
8,-0.25,549,-1.4914049220766564e-12
8,-0.25,550,-1.4224891806151175e-12
8,-0.25,551,-1.3567578033988259e-12
8,-0.25,552,-1.2940635418075033e-12
8,-0.25,553,-1.2342665096518856e-12
8,-0.25,554,-1.1772327742180863e-12
8,-0.25,555,-1.1228344055385228e-12
8,-0.25,556,-1.0709496966716437e-12
8,-0.25,557,-1.0214625056059329e-12
8,-0.25,558,-9.742621504857543e-13
8,-0.25,559,-9.292426161865163e-13
8,-0.25,560,-8.863037087568993e-13
8,-0.25,561,-8.453488561643689e-13
8,-0.25,562,-8.062863149780176e-13
8,-0.25,563,-7.690289289384831e-13
8,-0.25,564,-7.334928587652855e-13
8,-0.25,565,-6.995991510313595e-13
8,-0.25,566,-6.672715856745601e-13
8,-0.25,567,-6.364379271081967e-13
8,-0.25,568,-6.07028857635523e-13
8,-0.25,569,-5.789790458616728e-13
8,-0.25,570,-5.522250391827426e-13
8,-0.25,571,-5.267072515144142e-13
8,-0.25,572,-5.023687291318903e-13
8,-0.25,573,-4.791548455795707e-13
8,-0.25,574,-4.570137057246351e-13
8,-0.25,575,-4.3589566224620894e-13
8,-0.25,576,-4.15753376717114e-13
8,-0.25,577,-3.9654170415918324e-13
8,-0.25,578,-3.7821827726020074e-13
8,-0.25,579,-3.607411123500855e-13
8,-0.25,580,-3.440718861933889e-13
8,-0.25,581,-3.281729774100016e-13
8,-0.25,582,-3.1300847221647213e-13
8,-0.25,583,-2.985447729355643e-13
8,-0.25,584,-2.847494413568609e-13
8,-0.25,585,-2.7159148770811823e-13
8,-0.25,586,-2.5904129823335695e-13
8,-0.25,587,-2.470714337537872e-13
8,-0.25,588,-2.356544392707777e-13
8,-0.25,589,-2.2476527336971447e-13
8,-0.25,590,-2.1437893240028095e-13
8,-0.25,591,-2.0447270372876203e-13
8,-0.25,592,-1.9502448993608555e-13
8,-0.25,593,-1.8601260458474257e-13
8,-0.25,594,-1.774173129208376e-13
8,-0.25,595,-1.6921917303877952e-13
8,-0.25,596,-1.6139971512825677e-13
8,-0.25,597,-1.5394173981416854e-13
8,-0.25,598,-1.468282138007787e-13
8,-0.25,599,-1.400434758741807e-13
8,-0.25,600,-1.3357212746412058e-13
8,-0.25,601,-1.2740006034589976e-13
8,-0.25,602,-1.2151335128901192e-13
8,-0.25,603,-1.1589807933508556e-13
8,-0.25,604,-1.1054275429714381e-13
8,-0.25,605,-1.0543472577408261e-13
8,-0.25,606,-1.0056266977424354e-13
8,-0.25,607,-9.591582850555106e-14
8,-0.25,608,-9.148380859318583e-14
8,-0.25,609,-8.72565628587219e-14
8,-0.25,610,-8.322454648265457e-14
8,-0.25,611,-7.937903883114963e-14
8,-0.25,612,-7.571071446797893e-14
8,-0.25,613,-7.221210200750655e-14
8,-0.25,614,-6.887488932694517e-14
8,-0.25,615,-6.569204727138482e-14
8,-0.25,616,-6.265655119896585e-14
8,-0.25,617,-5.976103381053118e-14
8,-0.25,618,-5.69995370059672e-14
8,-0.25,619,-5.436588017312314e-14
8,-0.25,620,-5.185401825810822e-14
8,-0.25,621,-4.945820845972617e-14
8,-0.25,622,-4.7172821644492953e-14
8,-0.25,623,-4.499303055264151e-14
8,-0.25,624,-4.2913902342697947e-14
8,-0.25,625,-4.093075081526207e-14
8,-0.25,626,-3.9039471025598894e-14
8,-0.25,627,-3.7235642859167366e-14
8,-0.25,628,-3.551524067950111e-14
8,-0.25,629,-3.3874093187261846e-14
8,-0.25,630,-3.230893153746863e-14
8,-0.25,631,-3.081612991034676e-14
8,-0.25,632,-2.9392590721805446e-14
8,-0.25,633,-2.8034330432872886e-14
8,-0.25,634,-2.6738952460306618e-14
8,-0.25,635,-2.550313921594073e-14
8,-0.25,636,-2.43247798251032e-14
8,-0.25,637,-2.3200828122770007e-14
8,-0.25,638,-2.2128390252168333e-14
8,-0.25,639,-2.1106104828144792e-14
8,-0.25,640,-2.0130943811327682e-14
8,-0.25,641,-1.9200897926051875e-14
8,-0.25,642,-1.8313537943392708e-14
8,-0.25,643,-1.7467076512914546e-14
8,-0.25,644,-1.6660162596398728e-14
8,-0.25,645,-1.5890298401104344e-14
8,-0.25,646,-1.5155978385665523e-14
8,-0.25,647,-1.445559881343708e-14
8,-0.25,648,-1.3787462662258496e-14
8,-0.25,649,-1.315047817812007e-14
8,-0.25,650,-1.2542567360627003e-14
8,-0.25,651,-1.196279694348982e-14
8,-0.25,652,-1.141010685138592e-14
8,-0.25,653,-1.0882796123368445e-14
8,-0.25,654,-1.0379769263580672e-14
8,-0.25,655,-9.900159023306312e-15
8,-0.25,656,-9.442968043917292e-15
8,-0.25,657,-9.006728417674146e-15
8,-0.25,658,-8.59073952161478e-15
8,-0.25,659,-8.193641874534806e-15
8,-0.25,660,-7.815184803375649e-15
8,-0.25,661,-7.453915862298472e-15
8,-0.25,662,-7.109843006537165e-15
8,-0.25,663,-6.781065597740349e-15
8,-0.25,664,-6.467859697645386e-15
8,-0.25,665,-6.168926313774389e-15
8,-0.25,666,-5.883898765011357e-15
8,-0.25,667,-5.611734814905693e-15
8,-0.25,668,-5.3524851729149235e-15
8,-0.25,669,-5.104983706590508e-15
8,-0.25,670,-4.869163424191922e-15
8,-0.25,671,-4.64409332182768e-15
8,-0.25,672,-4.4295828351912585e-15
8,-0.25,673,-4.224757038801073e-15
8,-0.25,674,-4.029478642840005e-15
8,-0.25,675,-3.8432702772866015e-15
8,-0.25,676,-3.6656784406204765e-15
8,-0.25,677,-3.496272306397267e-15
8,-0.25,678,-3.3344691171472294e-15
8,-0.25,679,-3.180235670316901e-15
8,-0.25,680,-3.033193478785296e-15
8,-0.25,681,-2.893156452135076e-15
8,-0.25,682,-2.7596008597745735e-15
8,-0.25,683,-2.632202629989303e-15
8,-0.25,684,-2.510827366998101e-15
8,-0.25,685,-2.3948269777660682e-15
8,-0.25,686,-2.2842796633004416e-15
8,-0.25,687,-2.1787392975153032e-15
8,-0.25,688,-2.0781290053242265e-15
8,-0.25,689,-1.9820288106999107e-15
8,-0.25,690,-1.890560153459213e-15
8,-0.25,691,-1.8034914567329525e-15
8,-0.25,692,-1.7200823054526142e-15
8,-0.25,693,-1.6406701393886952e-15
8,-0.25,694,-1.5647081645851791e-15
8,-0.25,695,-1.4923708161742412e-15
8,-0.25,696,-1.4234768628362525e-15
8,-0.25,697,-1.3575071901223702e-15
8,-0.25,698,-1.2946625286965844e-15
8,-0.25,699,-1.2349601003420878e-15
8,-0.25,700,-1.1778958487101207e-15
8,-0.25,701,-1.1233378649645567e-15
8,-0.25,702,-1.0715077804062708e-15
8,-0.25,703,-1.0222692000758992e-15
8,-0.25,704,-9.751456040668508e-16
8,-0.25,705,-9.300312431630595e-16
8,-0.25,706,-8.868256556092624e-16
8,-0.25,707,-8.457803474331551e-16
8,-0.25,708,-8.067873046658532e-16
8,-0.25,709,-7.695704416893188e-16
8,-0.25,710,-7.33694004818818e-16
8,-0.25,711,-6.996113897918423e-16
8,-0.25,712,-6.670594331686176e-16
8,-0.25,713,-6.361350743765542e-16
8,-0.25,714,-6.067569335240939e-16
8,-0.25,715,-5.786742273666591e-16
8,-0.25,716,-5.51995656517096e-16
8,-0.25,717,-5.263040695148157e-16
8,-0.25,718,-5.018970618626494e-16
8,-0.25,719,-4.787104045930914e-16
8,-0.25,720,-4.565096078394136e-16
8,-0.25,721,-4.354188509234197e-16
8,-0.25,722,-4.153826318532255e-16
8,-0.25,723,-3.96348223736541e-16
8,-0.25,724,-3.7826553602569075e-16
8,-0.25,725,-3.6091351035278534e-16
8,-0.25,726,-3.444290859635252e-16
8,-0.25,727,-3.2876888279372804e-16
8,-0.25,728,-3.135447450872254e-16
8,-0.25,729,-2.9908181426604785e-16
8,-0.25,730,-2.853420299859292e-16
8,-0.25,731,-2.7228923491981645e-16
8,-0.25,732,-2.597156072594117e-16
8,-0.25,733,-2.4777066098202717e-16
8,-0.25,734,-2.3642296201851186e-16
8,-0.25,735,-2.2564264800317234e-16
8,-0.25,736,-2.1540134968859978e-16
8,-0.25,737,-2.0567211628975586e-16
8,-0.25,738,-1.9642934456085414e-16
8,-0.25,739,-1.876487114183975e-16
8,-0.25,740,-1.793071099330637e-16
8,-0.25,741,-1.7138258852199658e-16
8,-0.25,742,-1.6385429318148282e-16
8,-0.25,743,-1.563554679127994e-16
8,-0.25,744,-1.4923158390755014e-16
8,-0.25,745,-1.4246389410256335e-16
8,-0.25,746,-1.360345887878259e-16
8,-0.25,747,-1.2992674873882533e-16
8,-0.25,748,-1.241243006922748e-16
8,-0.25,749,-1.186119750480518e-16
8,-0.25,750,-1.1337526568603993e-16
8,-0.25,751,-1.0840039179212865e-16
8,-0.25,752,-1.0332731689771758e-16
8,-0.25,753,-9.850789574802706e-17
8,-0.25,754,-9.392944565582106e-17
8,-0.25,755,-8.957991806822537e-17
8,-0.25,756,-8.544786686000946e-17
8,-0.25,757,-8.152241821220436e-17
8,-0.25,758,-7.77932419967895e-17
8,-0.25,759,-7.425052459214538e-17
8,-0.25,760,-7.088494305773348e-17
8,-0.25,761,-6.768764060004217e-17
8,-0.25,762,-6.465020326523542e-17
8,-0.25,763,-6.176463779716901e-17
8,-0.25,764,-5.902335060250592e-17
8,-0.25,765,-5.6419127767576e-17
8,-0.25,766,-5.3945116074392553e-17
8,-0.25,767,-5.124786027067292e-17
8,-0.25,768,-4.868546725713927e-17
8,-0.25,769,-4.62511938942823e-17
8,-0.25,770,-4.3938634199568186e-17
8,-0.25,771,-4.1741702489589775e-17
8,-0.25,772,-3.9654617365110284e-17
8,-0.25,773,-3.767188649685477e-17
8,-0.25,774,-3.578829217201203e-17
8,-0.25,775,-3.399887756341143e-17
8,-0.25,776,-3.229893368524085e-17
8,-0.25,777,-3.068398700097881e-17
8,-0.25,778,-2.914978765092987e-17
8,-0.25,779,-2.7692298268383376e-17
8,-0.25,780,-2.6307683354964205e-17
8,-0.25,781,-2.4992299187215993e-17
8,-0.25,782,-2.3742684227855192e-17
8,-0.25,783,-2.255555001646243e-17
8,-0.25,784,-2.1427772515639307e-17
8,-0.25,785,-2.035638388985734e-17
8,-0.25,786,-1.9338564695364475e-17
8,-0.25,787,-1.837163646059625e-17
8,-0.25,788,-1.7453054637566436e-17
8,-0.25,789,-1.6580401905688114e-17
8,-0.25,790,-1.5751381810403707e-17
8,-0.25,791,-1.4963812719883522e-17
8,-0.25,792,-1.4215622083889344e-17
8,-0.25,793,-1.3504840979694877e-17
8,-0.25,794,-1.2829598930710132e-17
8,-0.25,795,-1.2188118984174625e-17
8,-0.25,796,-1.1578713034965893e-17
8,-0.25,797,-1.0999777383217597e-17
8,-0.25,798,-1.0449788514056717e-17
8,-0.25,799,-9.92729908835388e-18
8,-0.25,800,-9.430934133936186e-18
8,-0.25,801,-8.959387427239377e-18
8,-0.25,802,-8.511418055877407e-18
8,-0.25,803,-8.085847153083536e-18
8,-0.25,804,-7.681554795429359e-18
8,-0.25,805,-7.29747705565789e-18
8,-0.25,806,-6.9326032028749956e-18
8,-0.25,807,-6.585973042731246e-18
8,-0.25,808,-6.256674390594683e-18
8,-0.25,809,-5.943840671064949e-18
8,-0.25,810,-5.6466486375117014e-18
8,-0.25,811,-5.364316205636116e-18
8,-0.25,812,-5.09610039535431e-18
8,-0.25,813,-4.841295375586594e-18
8,-0.25,814,-4.599230606807264e-18
8,-0.25,815,-4.3692690764669e-18
8,-0.25,816,-4.150805622643555e-18
8,-0.25,817,-3.9432653415113764e-18
8,-0.25,818,-3.7461020744358074e-18
8,-0.25,819,-3.558796970714017e-18
8,-0.25,820,-3.380857122178316e-18
8,-0.25,821,-3.2118142660694e-18
8,-0.25,822,-3.0512235527659296e-18
8,-0.25,823,-2.898662375127633e-18
8,-0.25,824,-2.753729256371251e-18
8,-0.25,825,-2.6160427935526883e-18
8,-0.25,826,-2.4852406538750537e-18
8,-0.25,827,-2.360978621181301e-18
8,-0.25,828,-2.242929690122236e-18
8,-0.25,829,-2.130783205616124e-18
8,-0.25,830,-2.024244045335318e-18
8,-0.25,831,-1.923031843068552e-18
8,-0.25,832,-1.8268802509151244e-18
8,-0.25,833,-1.735536238369368e-18
8,-0.25,834,-1.6487594264508996e-18
8,-0.25,835,-1.5663214551283545e-18
8,-0.25,836,-1.4880053823719367e-18
8,-0.25,837,-1.4136051132533399e-18
8,-0.25,838,-1.3429248575906728e-18
8,-0.25,839,-1.2757786147111391e-18
8,-0.25,840,-1.2119896839755822e-18
8,-0.25,841,-1.151390199776803e-18
8,-0.25,842,-1.093820689787963e-18
8,-0.25,843,-1.0391296552985647e-18
8,-0.25,844,-9.871731725336365e-19
8,-0.25,845,-9.378145139069546e-19
8,-0.25,846,-8.909237882116068e-19
8,-0.25,847,-8.463775988010264e-19
8,-0.25,848,-8.040587188609751e-19
8,-0.25,849,-7.638557829179263e-19
8,-0.25,850,-7.2566299377203e-19
8,-0.25,851,-6.893798440834285e-19
8,-0.25,852,-6.54910851879257e-19
8,-0.25,853,-6.221653092852941e-19
8,-0.25,854,-5.910570438210294e-19
8,-0.25,855,-5.615041916299779e-19
8,-0.25,856,-5.33428982048479e-19
8,-0.25,857,-5.06757532946055e-19
8,-0.25,858,-4.814196562987523e-19
8,-0.25,859,-4.573486734838147e-19
8,-0.25,860,-4.344812398096239e-19
8,-0.25,861,-4.127571778191427e-19
8,-0.25,862,-3.9211931892818555e-19
8,-0.25,863,-3.7251335298177626e-19
8,-0.25,864,-3.538876853326874e-19
8,-0.25,865,-3.3619330106605305e-19
8,-0.25,866,-3.193836360127504e-19
8,-0.25,867,-3.034144542121129e-19
8,-0.25,868,-2.882437315015072e-19
8,-0.25,869,-2.7383154492643183e-19
8,-0.25,870,-2.6013996768011024e-19
8,-0.25,871,-2.471329692961047e-19
8,-0.25,872,-2.3477632083129946e-19
8,-0.25,873,-2.230375047897345e-19
8,-0.25,874,-2.1188562955024777e-19
8,-0.25,875,-2.0129134807273537e-19
8,-0.25,876,-1.912267806690986e-19
8,-0.25,877,-1.8166544163564365e-19
8,-0.25,878,-1.7258216955386147e-19
8,-0.25,879,-1.639530610761684e-19
8,-0.25,880,-1.5575540802235998e-19
8,-0.25,881,-1.4796763762124198e-19
8,-0.25,882,-1.4056925574017987e-19
8,-0.25,883,-1.3354079295317088e-19
8,-0.25,884,-1.2686375330551233e-19
8,-0.25,885,-1.205205656402367e-19
8,-0.25,886,-1.1449453735822485e-19
8,-0.25,887,-1.087698104903136e-19
8,-0.25,888,-1.0333131996579791e-19
8,-0.25,889,-9.816475396750802e-20
8,-0.25,890,-9.325651626913261e-20
8,-0.25,891,-8.859369045567598e-20
8,-0.25,892,-8.416400593289217e-20
8,-0.25,893,-7.995580563624757e-20
8,-0.25,894,-7.595801535443518e-20
8,-0.25,895,-7.216011458671343e-20
8,-0.25,896,-6.855210885737775e-20
8,-0.25,897,-6.512450341450886e-20
8,-0.25,898,-6.186827824378342e-20
8,-0.25,899,-5.877486433159425e-20
8,-0.25,900,-5.583612111501453e-20
8,-0.25,901,-5.3044315059263803e-20
8,-0.25,902,-5.039209930630061e-20
8,-0.25,903,-4.7872494340985576e-20
8,-0.25,904,-4.547886962393629e-20
8,-0.25,905,-4.320492614273948e-20
8,-0.25,906,-4.10446798356025e-20
8,-0.25,907,-3.8992445843822375e-20
8,-0.25,908,-3.704282355163125e-20
8,-0.25,909,-3.519068237404969e-20
8,-0.25,910,-3.3431148255347205e-20
8,-0.25,911,-3.1759590842579846e-20
8,-0.25,912,-3.0171611300450854e-20
8,-0.25,913,-2.866303073542831e-20
8,-0.25,914,-2.722987919865689e-20
8,-0.25,915,-2.5868385238724047e-20
8,-0.25,916,-2.4574965976787845e-20
8,-0.25,917,-2.334621767794845e-20
8,-0.25,918,-2.2178906794051027e-20
8,-0.25,919,-2.1069961454348473e-20
8,-0.25,920,-2.001646338163105e-20
8,-0.25,921,-1.9015640212549497e-20
8,-0.25,922,-1.8064858201922022e-20
8,-0.25,923,-1.716161529182592e-20
8,-0.25,924,-1.6303534527234625e-20
8,-0.25,925,-1.5488357800872894e-20
8,-0.25,926,-1.4713939910829247e-20
8,-0.25,927,-1.3978242915287783e-20
8,-0.25,928,-1.3279330769523394e-20
8,-0.25,929,-1.2615364231047224e-20
8,-0.25,930,-1.1984596019494862e-20
8,-0.25,931,-1.1385366218520119e-20
8,-0.25,932,-1.0816097907594112e-20
8,-0.25,933,-1.0275293012214406e-20
8,-0.25,934,-9.761528361603685e-21
8,-0.25,935,-9.273451943523501e-21
8,-0.25,936,-8.809779346347326e-21
8,-0.25,937,-8.36929037902996e-21
8,-0.25,938,-7.95082586007846e-21
8,-0.25,939,-7.553284567074536e-21
8,-0.25,940,-7.175620338720809e-21
8,-0.25,941,-6.816839321784768e-21
8,-0.25,942,-6.475997355695529e-21
8,-0.25,943,-6.152197487910752e-21
8,-0.25,944,-5.844587613515214e-21
8,-0.25,945,-5.552358232839453e-21
8,-0.25,946,-5.27474032119748e-21
8,-0.25,947,-5.011003305137606e-21
8,-0.25,948,-4.760453139880725e-21
8,-0.25,949,-4.522430482886688e-21
8,-0.25,950,-4.296308958742354e-21
8,-0.25,951,-4.081493510805236e-21
8,-0.25,952,-3.8774188352649745e-21
8,-0.25,953,-3.683547893501726e-21
8,-0.25,954,-3.499370498826639e-21
8,-0.25,955,-3.324401973885307e-21
8,-0.25,956,-3.1581818751910416e-21
8,-0.25,957,-3.0002727814314893e-21
8,-0.25,958,-2.8502591423599146e-21
8,-0.25,959,-2.7077461852419186e-21
8,-0.25,960,-2.5723588759798225e-21
8,-0.25,961,-2.4437409321808314e-21
8,-0.25,962,-2.3215538855717897e-21
8,-0.25,963,-2.2054761912932e-21
8,-0.25,964,-2.09520238172854e-21
8,-0.25,965,-1.990442262642113e-21
8,-0.25,966,-1.8909201495100073e-21
8,-0.25,967,-1.796374142034507e-21
8,-0.25,968,-1.7065554349327815e-21
8,-0.25,969,-1.6212276631861422e-21
8,-0.25,970,-1.540166280026835e-21
8,-0.25,971,-1.4631579660254933e-21
8,-0.25,972,-1.3900000677242187e-21
8,-0.25,973,-1.3205000643380077e-21
8,-0.25,974,-1.2544750611211073e-21
8,-0.25,975,-1.1917513080650519e-21
8,-0.25,976,-1.1321637426617993e-21
8,-0.25,977,-1.0755555555287093e-21
8,-0.25,978,-1.0217777777522737e-21
8,-0.25,979,-9.7068888886466e-22
8,-0.25,980,-9.22154444421427e-22
8,-0.25,981,-8.760467222003557e-22
8,-0.25,982,-8.3224438609033785e-22
8,-0.25,983,-7.90632166785821e-22
8,-0.25,984,-7.511005584465299e-22
8,-0.25,985,-7.135455305242034e-22
8,-0.25,986,-6.778682539979932e-22
8,-0.25,987,-6.439748412980935e-22
8,-0.25,988,-6.117760992331888e-22
8,-0.25,989,-5.811872942715294e-22
8,-0.25,990,-5.5212792955795285e-22
8,-0.25,991,-5.245215330800552e-22
8,-0.25,992,-4.982954564260524e-22
8,-0.25,993,-4.733806836047497e-22
8,-0.25,994,-4.497116494245122e-22
8,-0.25,995,-4.272260669532867e-22
8,-0.25,996,-4.058647636056223e-22
8,-0.25,997,-3.855715254253412e-22
8,-0.25,998,-3.662929491540741e-22
8,-0.25,999,-3.479783016963704e-22
8,-0.25,1000,-3.3057938661155187e-22
8,-0.01,0,-0.01
8,-0.01,1,-0.00953804348136881
8,-0.01,2,-0.00909741605823306
8,-0.01,3,-0.008677134434472475
8,-0.01,4,-0.008276260447124548
8,-0.01,5,-0.007893899021044157
8,-0.01,6,-0.007529196212752125
8,-0.01,7,-0.0071813373400565865
8,-0.01,8,-0.006849545194095407
8,-0.01,9,-0.006533078330521746
8,-0.01,10,-0.006231229436635978
8,-0.01,11,-0.005943323771353934
8,-0.01,12,-0.005668717674992233
8,-0.01,13,-0.005406797145945087
8,-0.01,14,-0.005156976481422365
8,-0.01,15,-0.004918696979514935
8,-0.01,16,-0.00469142569994967
8,-0.01,17,-0.004474654280992439
8,-0.01,18,-0.004267897810052249
8,-0.01,19,-0.004070693745633264
8,-0.01,20,-0.003882600888373166
8,-0.01,21,-0.003703198398996116
8,-0.01,22,-0.0035320848610961584
8,-0.01,23,-0.003368877386752133
8,-0.01,24,-0.0032132107630579174
8,-0.01,25,-0.00306473663773202
8,-0.01,26,-0.0029231227420481545
8,-0.01,27,-0.0027880521494033934
8,-0.01,28,-0.002659222567912842
8,-0.01,29,-0.002536345665489495
8,-0.01,30,-0.0024191464259350546
8,-0.01,31,-0.00230736253463206
8,-0.01,32,-0.0022007437924897225
8,-0.01,33,-0.0020990515568554656
8,-0.01,34,-0.0020020582081613416
8,-0.01,35,-0.0019095466411293807
8,-0.01,36,-0.0018213097794124947
8,-0.01,37,-0.0017371501125979642
8,-0.01,38,-0.0016568792545487996
8,-0.01,39,-0.0015803175221044653
8,-0.01,40,-0.0015072935332066943
8,-0.01,41,-0.0014376438235584202
8,-0.01,42,-0.0013712124809643295
8,-0.01,43,-0.001307850796540238
8,-0.01,44,-0.0012474169320154827
8,-0.01,45,-0.0011897756023878927
8,-0.01,46,-0.001134797773224692
8,-0.01,47,-0.0010823603719349636
8,-0.01,48,-0.0010323460123701598
8,-0.01,49,-0.000984642732138597
8,-0.01,50,-0.0009391437420480128
8,-0.01,51,-0.0008957471871171225
8,-0.01,52,-0.0008543559186227705
8,-0.01,53,-0.0008148772766737672
8,-0.01,54,-0.0007772228828258722
8,-0.01,55,-0.00074130844227471
8,-0.01,56,-0.0007070535551847065
8,-0.01,57,-0.0006743815367324623
8,-0.01,58,-0.0006432192454623844
8,-0.01,59,-0.0006134969195709178
8,-0.01,60,-0.0005851480207533845
8,-0.01,61,-0.0005581090852643014
8,-0.01,62,-0.0005323195818581387
8,-0.01,63,-0.0005077217762928304
8,-0.01,64,-0.00048426060209299447
8,-0.01,65,-0.00046188353728379613
8,-0.01,66,-0.00044054048681972587
8,-0.01,67,-0.00042018367044526807
8,-0.01,68,-0.00040076751573659217
8,-0.01,69,-0.00038224855608495815
8,-0.01,70,-0.00036458533339357485
8,-0.01,71,-0.00034773830527019714
8,-0.01,72,-0.00033166975650778045
8,-0.01,73,-0.0003163437146551116
8,-0.01,74,-0.000301725869488471
8,-0.01,75,-0.0002877834962041167
8,-0.01,76,-0.0002744853821596869
8,-0.01,77,-0.0002618017570005713
8,-0.01,78,-0.00024970422601485696
8,-0.01,79,-0.0002381657065676966
8,-0.01,80,-0.0002271603674728174
8,-0.01,81,-0.00021666357116546803
8,-0.01,82,-0.00020665181854737598
8,-0.01,83,-0.00019710269638025294
8,-0.01,84,-0.00018799482711009878
8,-0.01,85,-0.00017930782100999043
8,-0.01,86,-0.00017102223053422965
8,-0.01,87,-0.00016311950678167693
8,-0.01,88,-0.00015558195797081152
8,-0.01,89,-0.0001483927098335666
8,-0.01,90,-0.00014153566783928356
8,-0.01,91,-0.00013499548116421552
8,-0.01,92,-0.00012875750832593258
8,-0.01,93,-0.00012280778440569213
8,-0.01,94,-0.00011713298978540541
8,-0.01,95,-0.00011172042032921041
8,-0.01,96,-0.00010655795894290364
8,-0.01,97,-0.00010163404844756128
8,-0.01,98,-9.69376657066244e-05
8,-0.01,99,-9.245829694853212e-05
8,-0.01,100,-8.818591422965368e-05
8,-0.01,101,-8.41109529848336e-05
8,-0.01,102,-8.022429061529182e-05
8,-0.01,103,-7.651722606594298e-05
8,-0.01,104,-7.298146034641938e-05
8,-0.01,105,-6.96090779521883e-05
8,-0.01,106,-6.639252914417278e-05
8,-0.01,107,-6.332461304720567e-05
8,-0.01,108,-6.03984615294803e-05
8,-0.01,109,-5.760752382691032e-05
8,-0.01,110,-5.494555187797562e-05
8,-0.01,111,-5.2406586336225347e-05
8,-0.01,112,-4.9984943229123484e-05
8,-0.01,113,-4.767520123337198e-05
8,-0.01,114,-4.5472189538225055e-05
8,-0.01,115,-4.3370976269621303e-05
8,-0.01,116,-4.136685744922415e-05
8,-0.01,117,-3.9455346463647255e-05
8,-0.01,118,-3.763216402029607e-05
8,-0.01,119,-3.589322856733682e-05
8,-0.01,120,-3.423464715634298e-05
8,-0.01,121,-3.265270672717168e-05
8,-0.01,122,-3.1143865795551236e-05
8,-0.01,123,-2.970474652477605e-05
8,-0.01,124,-2.833212716375846e-05
8,-0.01,125,-2.702293483450794e-05
8,-0.01,126,-2.5774238652892164e-05
8,-0.01,127,-2.458324316727854e-05
8,-0.01,128,-2.3447282100367965e-05
8,-0.01,129,-2.2363812380210874e-05
8,-0.01,130,-2.133040844704182e-05
8,-0.01,131,-2.0344756823189063e-05
8,-0.01,132,-1.940465093390011e-05
8,-0.01,133,-1.8507986167492384e-05
8,-0.01,134,-1.7652755163766558e-05
8,-0.01,135,-1.6837043320137098e-05
8,-0.01,136,-1.6059024505418192e-05
8,-0.01,137,-1.531695697167209e-05
8,-0.01,138,-1.4609179454962838e-05
8,-0.01,139,-1.3934107456292671e-05
8,-0.01,140,-1.3290229694388433e-05
8,-0.01,141,-1.2676104722402686e-05
8,-0.01,142,-1.2090357700951983e-05
8,-0.01,143,-1.1531677320268413e-05
8,-0.01,144,-1.099881286457546e-05
8,-0.01,145,-1.0490571412115613e-05
8,-0.01,146,-1.000581516456112e-05
8,-0.01,147,-9.543458899826369e-06
8,-0.01,148,-9.102467542589044e-06
8,-0.01,149,-8.681853847068113e-06
8,-0.01,150,-8.280676186881048e-06
8,-0.01,151,-7.898036447028087e-06
8,-0.01,152,-7.533078013285582e-06
8,-0.01,153,-7.184983854506617e-06
8,-0.01,154,-6.852974693536882e-06
8,-0.01,155,-6.536307262648637e-06
8,-0.01,156,-6.234272639591604e-06
8,-0.01,157,-5.946194660529342e-06
8,-0.01,158,-5.671428406314178e-06
8,-0.01,159,-5.409358758711307e-06
8,-0.01,160,-5.159399023331875e-06
8,-0.01,161,-4.9209896162055186e-06
8,-0.01,162,-4.693596811040073e-06
8,-0.01,163,-4.476711544371394e-06
8,-0.01,164,-4.269848275924072e-06
8,-0.01,165,-4.072543901634656e-06
8,-0.01,166,-3.88435671690217e-06
8,-0.01,167,-3.704865427744895e-06
8,-0.01,168,-3.533668207652463e-06
8,-0.01,169,-3.3703817980159287e-06
8,-0.01,170,-3.2146406501312486e-06
8,-0.01,171,-3.0660961068439034e-06
8,-0.01,172,-2.924415622013251e-06
8,-0.01,173,-2.789282016041791e-06
8,-0.01,174,-2.6603927658050547e-06
8,-0.01,175,-2.5374593273975644e-06
8,-0.01,176,-2.420206490167685e-06
8,-0.01,177,-2.308371760605296e-06
8,-0.01,178,-2.2017047746990984e-06
8,-0.01,179,-2.0999667374467647e-06
8,-0.01,180,-2.0029298882659327e-06
8,-0.01,181,-1.9103769911069307e-06
8,-0.01,182,-1.822100848128254e-06
8,-0.01,183,-1.737903835842518e-06
8,-0.01,184,-1.6575974626971485e-06
8,-0.01,185,-1.5810019470999456e-06
8,-0.01,186,-1.5079458149430877e-06
8,-0.01,187,-1.4382655157228175e-06
8,-0.01,188,-1.3718050564006594e-06
8,-0.01,189,-1.3084156521827563e-06
8,-0.01,190,-1.2479553934349114e-06
8,-0.01,191,-1.1902889279912537e-06
8,-0.01,192,-1.135287158140277e-06
8,-0.01,193,-1.0828269516152708e-06
8,-0.01,194,-1.0327908659385376e-06
8,-0.01,195,-9.850668855025353e-07
8,-0.01,196,-9.395481708017508e-07
8,-0.01,197,-8.961328192523517e-07
8,-0.01,198,-8.547236370602995e-07
8,-0.01,199,-8.152279216365007e-07
8,-0.01,200,-7.775572540633914e-07
8,-0.01,201,-7.416273011514951e-07
8,-0.01,202,-7.073576266428838e-07
8,-0.01,203,-6.746715111392418e-07
8,-0.01,204,-6.434957803493488e-07
8,-0.01,205,-6.137606412762712e-07
8,-0.01,206,-5.85399525969479e-07
8,-0.01,207,-5.583489425007645e-07
8,-0.01,208,-5.325483328249785e-07
8,-0.01,209,-5.079399372094444e-07
8,-0.01,210,-4.844686649259955e-07
8,-0.01,211,-4.620819709212992e-07
8,-0.01,212,-4.4072973818251554e-07
8,-0.01,213,-4.2036416554214297e-07
8,-0.01,214,-4.0093966066501406e-07
8,-0.01,215,-3.8241273798105624e-07
8,-0.01,216,-3.647419213347447e-07
8,-0.01,217,-3.47887651131199e-07
8,-0.01,218,-3.3181219577594796e-07
8,-0.01,219,-3.1647956720408915e-07
8,-0.01,220,-3.0185544031466777e-07
8,-0.01,221,-2.8790707612681155e-07
8,-0.01,222,-2.746032484869719e-07
8,-0.01,223,-2.619141741639415e-07
8,-0.01,224,-2.498114461711058e-07
8,-0.01,225,-2.3826797017538434e-07
8,-0.01,226,-2.2725790383765926e-07
8,-0.01,227,-2.167565989615357e-07
8,-0.01,228,-2.067405463131399e-07
8,-0.01,229,-1.971873229907202e-07
8,-0.01,230,-1.8807554222748844e-07
8,-0.01,231,-1.793848055124594e-07
8,-0.01,232,-1.7109565692362247e-07
8,-0.01,233,-1.6318953957410497e-07
8,-0.01,234,-1.5564875406671827e-07
8,-0.01,235,-1.4845641887208003e-07
8,-0.01,236,-1.4159643253448094e-07
8,-0.01,237,-1.3505343762711888e-07
8,-0.01,238,-1.2881278637062005e-07
8,-0.01,239,-1.2286050784139707e-07
8,-0.01,240,-1.1718327669416883e-07
8,-0.01,241,-1.1176838333195424e-07
8,-0.01,242,-1.066037054525542e-07
8,-0.01,243,-1.0167768090946279e-07
8,-0.01,244,-9.69792818296392e-08
8,-0.01,245,-9.249798992321598e-08
8,-0.01,246,-8.822377293821005e-08
8,-0.01,247,-8.414706219969063e-08
8,-0.01,248,-8.02587311904565e-08
8,-0.01,249,-7.655007511733126e-08
8,-0.01,250,-7.301279142541788e-08
8,-0.01,251,-6.96389612099659e-08
8,-0.01,252,-6.642103148964402e-08
8,-0.01,253,-6.335179829676013e-08
8,-0.01,254,-6.042439054913257e-08
8,-0.01,255,-5.7632254670081006e-08
8,-0.01,256,-5.496913991462092e-08
8,-0.01,257,-5.242908437748e-08
8,-0.01,258,-5.0006401645202694e-08
8,-0.01,259,-4.7695668066730194e-08
8,-0.01,260,-4.549171061066499e-08
8,-0.01,261,-4.338959528526319e-08
8,-0.01,262,-4.138461609267136e-08
8,-0.01,263,-3.947228449329781e-08
8,-0.01,264,-3.7648319356719654e-08
8,-0.01,265,-3.590863737861536e-08
8,-0.01,266,-3.424934393955413e-08
8,-0.01,267,-3.2666724385110467e-08
8,-0.01,268,-3.115723571074803e-08
8,-0.01,269,-2.971749862880564e-08
8,-0.01,270,-2.8344290005592726e-08
8,-0.01,271,-2.7034535643843723e-08
8,-0.01,272,-2.578530340089625e-08
8,-0.01,273,-2.4593796624939535e-08
8,-0.01,274,-2.3457347894123464e-08
8,-0.01,275,-2.2373413044252565e-08
8,-0.01,276,-2.1339565474799026e-08
8,-0.01,277,-2.0353490714808528e-08
8,-0.01,278,-1.9412981241949238e-08
8,-0.01,279,-1.8515931541526387e-08
8,-0.01,280,-1.766033339120905e-08
8,-0.01,281,-1.6844271366428444e-08
8,-0.01,282,-1.606591855194482e-08
8,-0.01,283,-1.5323532452396927e-08
8,-0.01,284,-1.4615451090497227e-08
8,-0.01,285,-1.3940089286959947e-08
8,-0.01,286,-1.3295935111861066e-08
8,-0.01,287,-1.2681546499205564e-08
8,-0.01,288,-1.2095548019664083e-08
8,-0.01,289,-1.1536627800794962e-08
8,-0.01,290,-1.1003534589632531e-08
8,-0.01,291,-1.0495074952084583e-08
8,-0.01,292,-1.00101106016047e-08
8,-0.01,293,-9.547555849808298e-09
8,-0.01,294,-9.106375177619e-09
8,-0.01,295,-8.685580915020713e-09
8,-0.01,296,-8.284231031617937e-09
8,-0.01,297,-7.90142702691279e-09
8,-0.01,298,-7.53631191878232e-09
8,-0.01,299,-7.188068325419591e-09
8,-0.01,300,-6.855916635024532e-09
8,-0.01,301,-6.539113260765213e-09
8,-0.01,302,-6.236948975878708e-09
8,-0.01,303,-5.948747326639267e-09
8,-0.01,304,-5.673863116698351e-09
8,-0.01,305,-5.411680964258635e-09
8,-0.01,306,-5.161613922542226e-09
8,-0.01,307,-4.923102167847683e-09
8,-0.01,308,-4.695611744357103e-09
8,-0.01,309,-4.478633370141596e-09
8,-0.01,310,-4.271681296794965e-09
8,-0.01,311,-4.074292220708043e-09
8,-0.01,312,-3.886024248432383e-09
8,-0.01,313,-3.7064559045817182e-09
8,-0.01,314,-3.535185190379193e-09
8,-0.01,315,-3.371828682858748e-09
8,-0.01,316,-3.216020676157409e-09
8,-0.01,317,-3.067412363661293e-09
8,-0.01,318,-2.925671056013616e-09
8,-0.01,319,-2.790479438048829e-09
8,-0.01,320,-2.6615348561146224e-09
8,-0.01,321,-2.5385486431095016e-09
8,-0.01,322,-2.421245469982644e-09
8,-0.01,323,-2.3093627305261253e-09
8,-0.01,324,-2.202649953111142e-09
8,-0.01,325,-2.100868240449645e-09
8,-0.01,326,-2.003789733724971e-09
8,-0.01,327,-1.911197104209833e-09
8,-0.01,328,-1.82288306509924e-09
8,-0.01,329,-1.7386499074048275e-09
8,-0.01,330,-1.6583090592279408e-09
8,-0.01,331,-1.5816806616914244e-09
8,-0.01,332,-1.5085931667687096e-09
8,-0.01,333,-1.438882954354087e-09
8,-0.01,334,-1.3723939639691837e-09
8,-0.01,335,-1.3089773471392568e-09
8,-0.01,336,-1.2484911333342815e-09
8,-0.01,337,-1.1907999117456227e-09
8,-0.01,338,-1.1357745300147073e-09
8,-0.01,339,-1.0832918029945636e-09
8,-0.01,340,-1.0332342374610643e-09
8,-0.01,341,-9.854897693742998e-10
8,-0.01,342,-9.399515137564664e-10
8,-0.01,343,-8.965175243003016e-10
8,-0.01,344,-8.550905655175155e-10
8,-0.01,345,-8.15577894892022e-10
8,-0.01,346,-7.778910554050905e-10
8,-0.01,347,-7.419456780872961e-10
8,-0.01,348,-7.076612914938421e-10
8,-0.01,349,-6.749611440020912e-10
8,-0.01,350,-6.437720297900489e-10
8,-0.01,351,-6.1402412542412e-10
8,-0.01,352,-5.856508351378927e-10
8,-0.01,353,-5.585886391632314e-10
8,-0.01,354,-5.32776953461206e-10
8,-0.01,355,-5.081579936909168e-10
8,-0.01,356,-4.846766452859894e-10
8,-0.01,357,-4.622803408946065e-10
8,-0.01,358,-4.409189418658694e-10
8,-0.01,359,-4.205446261822591e-10
8,-0.01,360,-4.01111782515891e-10
8,-0.01,361,-3.8257690611251016e-10
8,-0.01,362,-3.6489850300378877e-10
8,-0.01,363,-3.4803699744775794e-10
8,-0.01,364,-3.319546410481878e-10
8,-0.01,365,-3.166154305813349e-10
8,-0.01,366,-3.0198502559454364e-10
8,-0.01,367,-2.8803067359436464e-10
8,-0.01,368,-2.7472113481193066e-10
8,-0.01,369,-2.620266131586768e-10
8,-0.01,370,-2.4991868959344053e-10
8,-0.01,371,-2.383702579538447e-10
8,-0.01,372,-2.2735546486347388e-10
8,-0.01,373,-2.1684965194980142e-10
8,-0.01,374,-2.068292995634424e-10
8,-0.01,375,-1.9727197487269452e-10
8,-0.01,376,-1.8815628237987955e-10
8,-0.01,377,-1.794618148301999e-10
8,-0.01,378,-1.7116910761598607e-10
8,-0.01,379,-1.632595963280937e-10
8,-0.01,380,-1.5571557382764552e-10
8,-0.01,381,-1.4852015119890957e-10
8,-0.01,382,-1.416572197871719e-10
8,-0.01,383,-1.3511141582860495e-10
8,-0.01,384,-1.2886808546086372e-10
8,-0.01,385,-1.2291325130967984e-10
8,-0.01,386,-1.1723358300126646e-10
8,-0.01,387,-1.1181636498576644e-10
8,-0.01,388,-1.0664946978591995e-10
8,-0.01,389,-1.0172133084857505e-10
8,-0.01,390,-9.702091484542703e-11
8,-0.01,391,-9.253769900164006e-11
8,-0.01,392,-8.826164695595247e-11
8,-0.01,393,-8.418318582777686e-11
8,-0.01,394,-8.029318564525162e-11
8,-0.01,395,-7.658293719980456e-11
8,-0.01,396,-7.304413499785256e-11
8,-0.01,397,-6.966885655463496e-11
8,-0.01,398,-6.644954532544064e-11
8,-0.01,399,-6.337899431680143e-11
8,-0.01,400,-6.045032964976393e-11
8,-0.01,401,-5.765699494499797e-11
8,-0.01,402,-5.499273666212182e-11
8,-0.01,403,-5.2451590519005904e-11
8,-0.01,404,-5.002786789622195e-11
8,-0.01,405,-4.7716142053907904e-11
8,-0.01,406,-4.551123868070892e-11
8,-0.01,407,-4.3408220843739155e-11
8,-0.01,408,-4.140238093604995e-11
8,-0.01,409,-3.948922816949886e-11
8,-0.01,410,-3.766448016242227e-11
8,-0.01,411,-3.592405147847731e-11
8,-0.01,412,-3.4264045861044025e-11
8,-0.01,413,-3.2680747121183913e-11
8,-0.01,414,-3.117061048120053e-11
8,-0.01,415,-2.973025521838386e-11
8,-0.01,416,-2.835645715615034e-11
8,-0.01,417,-2.7046140316319535e-11
8,-0.01,418,-2.5796371937806807e-11
8,-0.01,419,-2.460435392798978e-11
8,-0.01,420,-2.3467417170119295e-11
8,-0.01,421,-2.238301715619392e-11
8,-0.01,422,-2.134872584832675e-11
8,-0.01,423,-2.0362227589963147e-11
8,-0.01,424,-1.9421314180703516e-11
8,-0.01,425,-1.8523879503495566e-11
8,-0.01,426,-1.7667913900049886e-11
8,-0.01,427,-1.6851501429569978e-11
8,-0.01,428,-1.607281431551588e-11
8,-0.01,429,-1.5330109925170113e-11
8,-0.01,430,-1.462172477772308e-11
8,-0.01,431,-1.3946072841818197e-11
8,-0.01,432,-1.3301642356968627e-11
8,-0.01,433,-1.268699021181797e-11
8,-0.01,434,-1.210074007293487e-11
8,-0.01,435,-1.1541580260223199e-11
8,-0.01,436,-1.1008258085642424e-11
8,-0.01,437,-1.0499580546524133e-11
8,-0.01,438,-1.001440787185647e-11
8,-0.01,439,-9.551654677092959e-12
8,-0.01,440,-9.110284642744023e-12
8,-0.01,441,-8.68930944890291e-12
8,-0.01,442,-8.287787069155954e-12
8,-0.01,443,-7.904818762018523e-12
8,-0.01,444,-7.539546906688572e-12
8,-0.01,445,-7.1911539878465935e-12
8,-0.01,446,-6.858859896492105e-12
8,-0.01,447,-6.5419209269894346e-12
8,-0.01,448,-6.2396267425930454e-12
8,-0.01,449,-5.951301482560593e-12
8,-0.01,450,-5.6762990893228555e-12
8,-0.01,451,-5.414004593882638e-12
8,-0.01,452,-5.163830479718002e-12
8,-0.01,453,-4.925216350992585e-12
8,-0.01,454,-4.69762809693837e-12
8,-0.01,455,-4.480556404129915e-12
8,-0.01,456,-4.273515690089574e-12
8,-0.01,457,-4.076041702433676e-12
8,-0.01,458,-3.887692880980689e-12
8,-0.01,459,-3.7080474884176384e-12
8,-0.01,460,-3.5367034865184202e-12
8,-0.01,461,-3.3732770307724095e-12
8,-0.01,462,-3.21740225458808e-12
8,-0.01,463,-3.0687300234523548e-12
8,-0.01,464,-2.9269274452713752e-12
8,-0.01,465,-2.7916777521389348e-12
8,-0.01,466,-2.662677932875965e-12
8,-0.01,467,-2.539639259500614e-12
8,-0.01,468,-2.422285879178992e-12
8,-0.01,469,-2.3103550378295158e-12
8,-0.01,470,-2.2035964251852896e-12
8,-0.01,471,-2.1017706852416344e-12
8,-0.01,472,-2.0046507767388e-12
8,-0.01,473,-1.912018234922462e-12
8,-0.01,474,-1.8236660386930555e-12
8,-0.01,475,-1.7393968241166034e-12
8,-0.01,476,-1.659021534204699e-12
8,-0.01,477,-1.5823603913460083e-12
8,-0.01,478,-1.5092413925033307e-12
8,-0.01,479,-1.4395011347913261e-12
8,-0.01,480,-1.3729835181071828e-12
8,-0.01,481,-1.309539379991492e-12
8,-0.01,482,-1.2490273630525107e-12
8,-0.01,483,-1.191311269572259e-12
8,-0.01,484,-1.1362622321356991e-12
8,-0.01,485,-1.0837569593368075e-12
8,-0.01,486,-1.0336779773951656e-12
8,-0.01,487,-9.859129923299865e-13
8,-0.01,488,-9.403551513871743e-13
8,-0.01,489,-8.969025975056431e-13
8,-0.01,490,-8.554576991156229e-13
8,-0.01,491,-8.159282266428756e-13
8,-0.01,492,-7.782253476854413e-13
8,-0.01,493,-7.422646714614581e-13
8,-0.01,494,-7.0796585325581e-13
8,-0.01,495,-6.752516982273984e-13
8,-0.01,496,-6.440488712771799e-13
8,-0.01,497,-6.142883979504534e-13
8,-0.01,498,-5.859031912641248e-13
8,-0.01,499,-5.588295185842545e-13
8,-0.01,500,-5.330068339085998e-13
8,-0.01,501,-5.083770981179875e-13
8,-0.01,502,-4.848858679385936e-13
8,-0.01,503,-4.624802079538517e-13
8,-0.01,504,-4.411096560456764e-13
8,-0.01,505,-4.207266201465818e-13
8,-0.01,506,-4.012853673754134e-13
8,-0.01,507,-3.8274245149507437e-13
8,-0.01,508,-3.6505659858032287e-13
8,-0.01,509,-3.48187731040441e-13
8,-0.01,510,-3.3209829558128967e-13
8,-0.01,511,-3.1675226962874156e-13
8,-0.01,512,-3.021157786820708e-13
8,-0.01,513,-2.8815542765915473e-13
8,-0.01,514,-2.7484035859371476e-13
8,-0.01,515,-2.6214056252839587e-13
8,-0.01,516,-2.500273574813632e-13
8,-0.01,517,-2.3847401598691635e-13
8,-0.01,518,-2.2745445306324964e-13
8,-0.01,519,-2.169437145053e-13
8,-0.01,520,-2.069191346523432e-13
8,-0.01,521,-1.9735796682025793e-13
8,-0.01,522,-1.882384281867814e-13
8,-0.01,523,-1.7954034548780679e-13
8,-0.01,524,-1.7124438065008495e-13
8,-0.01,525,-1.6333129514229122e-13
8,-0.01,526,-1.5578402666610038e-13
8,-0.01,527,-1.4858549867636544e-13
8,-0.01,528,-1.4171931498284923e-13
8,-0.01,529,-1.3517059309421678e-13
8,-0.01,530,-1.2892450075430947e-13
8,-0.01,531,-1.2296694731977665e-13
8,-0.01,532,-1.1728506709647798e-13
8,-0.01,533,-1.1186542336854693e-13
8,-0.01,534,-1.0669629208999592e-13
8,-0.01,535,-1.0176618847244151e-13
8,-0.01,536,-9.706350807752908e-14
8,-0.01,537,-9.25782675229073e-14
8,-0.01,538,-8.830046217829965e-14
8,-0.01,539,-8.422006722790059e-14
8,-0.01,540,-8.032842645843289e-14
8,-0.01,541,-7.661696952258796e-14
8,-0.01,542,-7.307651375633708e-14
8,-0.01,543,-6.969954993528612e-14
8,-0.01,544,-6.647894429626067e-14
8,-0.01,545,-6.340687893015946e-14
8,-0.01,546,-6.047714112976946e-14
8,-0.01,547,-5.768261451680512e-14
8,-0.01,548,-5.501705894893794e-14
8,-0.01,549,-5.2474893235651047e-14
8,-0.01,550,-5.005012135656303e-14
8,-0.01,551,-4.773722056465914e-14
8,-0.01,552,-4.5531117722622966e-14
8,-0.01,553,-4.3427166822351506e-14
8,-0.01,554,-4.142078068379932e-14
8,-0.01,555,-3.9506907596532844e-14
8,-0.01,556,-3.76814423250306e-14
8,-0.01,557,-3.5940137950851955e-14
8,-0.01,558,-3.427948031852113e-14
8,-0.01,559,-3.269509014625054e-14
8,-0.01,560,-3.118402142277516e-14
8,-0.01,561,-2.974295502035042e-14
8,-0.01,562,-2.836873776761899e-14
8,-0.01,563,-2.7058200679443796e-14
8,-0.01,564,-2.5808333219944625e-14
8,-0.01,565,-2.4615581490644886e-14
8,-0.01,566,-2.347847748381539e-14
8,-0.01,567,-2.2393718396289825e-14
8,-0.01,568,-2.1359033926798195e-14
8,-0.01,569,-2.0371920344438804e-14
8,-0.01,570,-1.9430519521897832e-14
8,-0.01,571,-1.8532719293531953e-14
8,-0.01,572,-1.7676166157284816e-14
8,-0.01,573,-1.685949164794088e-14
8,-0.01,574,-1.608035488945978e-14
8,-0.01,575,-1.5337052466645978e-14
8,-0.01,576,-1.4628313079758903e-14
8,-0.01,577,-1.3952408577002215e-14
8,-0.01,578,-1.3307870686516995e-14
8,-0.01,579,-1.2692784132994471e-14
8,-0.01,580,-1.2106196766629305e-14
8,-0.01,581,-1.1547030572758822e-14
8,-0.01,582,-1.1013394075715496e-14
8,-0.01,583,-1.0504531207700762e-14
8,-0.01,584,-1.0019029814915592e-14
8,-0.01,585,-9.556242240641302e-15
8,-0.01,586,-9.114512376909554e-15
8,-0.01,587,-8.693481227583612e-15
8,-0.01,588,-8.291593439900393e-15
8,-0.01,589,-7.908412262820553e-15
8,-0.01,590,-7.543002365813925e-15
8,-0.01,591,-7.194648657224443e-15
8,-0.01,592,-6.861804438240861e-15
8,-0.01,593,-6.54473506846847e-15
8,-0.01,594,-6.242304860751515e-15
8,-0.01,595,-5.953608384639626e-15
8,-0.01,596,-5.678479370595343e-15
8,-0.01,597,-5.4162394455152855e-15
8,-0.01,598,-5.165723737908449e-15
8,-0.01,599,-4.9270399262915646e-15
8,-0.01,600,-4.69907599882234e-15
8,-0.01,601,-4.481816378336186e-15
8,-0.01,602,-4.274378904788753e-15
8,-0.01,603,-4.0767928878759005e-15
8,-0.01,604,-3.888392282418299e-15
8,-0.01,605,-3.709064762538382e-15
8,-0.01,606,-3.537489312219277e-15
8,-0.01,607,-3.3739722173733345e-15
8,-0.01,608,-3.2177636155317007e-15
8,-0.01,609,-3.0688450267393557e-15
8,-0.01,610,-2.92719889503903e-15
8,-0.01,611,-2.7919411805333303e-15
8,-0.01,612,-2.6632728794053175e-15
8,-0.01,613,-2.5403441039433147e-15
8,-0.01,614,-2.4228678778640213e-15
8,-0.01,615,-2.310918518393497e-15
8,-0.01,616,-2.204046209853706e-15
8,-0.01,617,-2.102170572045709e-15
8,-0.01,618,-2.004868299085319e-15
8,-0.01,619,-1.912257667425351e-15
8,-0.01,620,-1.8241040950007836e-15
8,-0.01,621,-1.7396643118070539e-15
8,-0.01,622,-1.6594465177730106e-15
8,-0.01,623,-1.5825457240502787e-15
8,-0.01,624,-1.5093164976660859e-15
8,-0.01,625,-1.4397487326011026e-15
8,-0.01,626,-1.3729654663989779e-15
8,-0.01,627,-1.3093478911593617e-15
8,-0.01,628,-1.2489111946817262e-15
8,-0.01,629,-1.1911493883327773e-15
8,-0.01,630,-1.1359287276060804e-15
8,-0.01,631,-1.0834690999157183e-15
8,-0.01,632,-1.0336324536098744e-15
8,-0.01,633,-9.859406949241272e-16
8,-0.01,634,-9.402865794774721e-16
8,-0.01,635,-8.965682251079544e-16
8,-0.01,636,-8.550357884569126e-16
8,-0.01,637,-8.155799736384229e-16
8,-0.01,638,-7.7792347721326e-16
8,-0.01,639,-7.421498056093552e-16
8,-0.01,640,-7.076444005428527e-16
8,-0.01,641,-6.746907933820775e-16
8,-0.01,642,-6.433848665793411e-16
8,-0.01,643,-6.1364423611674145e-16
8,-0.01,644,-5.853906371772718e-16
8,-0.01,645,-5.58376245837178e-16
8,-0.01,646,-5.32712574064089e-16
8,-0.01,647,-5.079851411844591e-16
8,-0.01,648,-4.844940799488106e-16
8,-0.01,649,-4.620040994273468e-16
8,-0.01,650,-4.4063861793195627e-16
8,-0.01,651,-4.2034141051133524e-16
8,-0.01,652,-4.0105906346174527e-16
8,-0.01,653,-3.827408337646348e-16
8,-0.01,654,-3.6516504320478217e-16
8,-0.01,655,-3.4846804217292217e-16
8,-0.01,656,-3.326058911926552e-16
8,-0.01,657,-3.1718990306620615e-16
8,-0.01,658,-3.025447143460796e-16
8,-0.01,659,-2.8863178506195935e-16
8,-0.01,660,-2.754145022420451e-16
8,-0.01,661,-2.626846112155289e-16
8,-0.01,662,-2.505912147403385e-16
8,-0.01,663,-2.3910248808890767e-16
8,-0.01,664,-2.2818819777004833e-16
8,-0.01,665,-2.1781962196713198e-16
8,-0.01,666,-2.0796947495436144e-16
8,-0.01,667,-1.9861183529222943e-16
8,-0.01,668,-1.8972207761320403e-16
8,-0.01,669,-1.812768078181299e-16
8,-0.01,670,-1.7325380151280947e-16
8,-0.01,671,-1.6563194552275506e-16
8,-0.01,672,-1.5804423763700803e-16
8,-0.01,673,-1.5083591514554836e-16
8,-0.01,674,-1.4398800877866167e-16
8,-0.01,675,-1.3748249773011932e-16
8,-0.01,676,-1.3130226223400409e-16
8,-0.01,677,-1.254310385126946e-16
8,-0.01,678,-1.198533759774506e-16
8,-0.01,679,-1.145545965689688e-16
8,-0.01,680,-1.0952075613091107e-16
8,-0.01,681,-1.0439166301956088e-16
8,-0.01,682,-9.95190245637782e-17
8,-0.01,683,-9.489001803078465e-17
8,-0.01,684,-9.049246182444078e-17
8,-0.01,685,-8.63147834284141e-17
8,-0.01,686,-8.234598895218876e-17
8,-0.01,687,-7.857563419977469e-17
8,-0.01,688,-7.499379718498132e-17
8,-0.01,689,-7.159105202092762e-17
8,-0.01,690,-6.83584441150766e-17
8,-0.01,691,-6.528746660451814e-17
8,-0.01,692,-6.237003796948759e-17
8,-0.01,693,-5.959848076620858e-17
8,-0.01,694,-5.696550142309351e-17
8,-0.01,695,-5.4464171047134196e-17
8,-0.01,696,-5.1740962494777485e-17
8,-0.01,697,-4.9153914370038606e-17
8,-0.01,698,-4.669621865153667e-17
8,-0.01,699,-4.436140771895983e-17
8,-0.01,700,-4.2143337333011837e-17
8,-0.01,701,-4.003617046636124e-17
8,-0.01,702,-3.8034361943043175e-17
8,-0.01,703,-3.6132643845891016e-17
8,-0.01,704,-3.4326011653596466e-17
8,-0.01,705,-3.260971107091664e-17
8,-0.01,706,-3.0979225517370805e-17
8,-0.01,707,-2.9430264241502265e-17
8,-0.01,708,-2.795875102942715e-17
8,-0.01,709,-2.656081347795579e-17
8,-0.01,710,-2.5232772804058e-17
8,-0.01,711,-2.39711341638551e-17
8,-0.01,712,-2.2772577455662343e-17
8,-0.01,713,-2.1633948582879226e-17
8,-0.01,714,-2.0552251153735264e-17
8,-0.01,715,-1.95246385960485e-17
8,-0.01,716,-1.8548406666246075e-17
8,-0.01,717,-1.762098633293377e-17
8,-0.01,718,-1.673993701628708e-17
8,-0.01,719,-1.5902940165472728e-17
8,-0.01,720,-1.510779315719909e-17
8,-0.01,721,-1.4352403499339136e-17
8,-0.01,722,-1.363478332437218e-17
8,-0.01,723,-1.295304415815357e-17
8,-0.01,724,-1.2305391950245891e-17
8,-0.01,725,-1.1690122352733595e-17
8,-0.01,726,-1.1105616235096916e-17
8,-0.01,727,-1.0550335423342069e-17
8,-0.01,728,-1.0022818652174965e-17
8,-0.01,729,-9.521677719566217e-18
8,-0.01,730,-9.045593833587905e-18
8,-0.01,731,-8.59331414190851e-18
8,-0.01,732,-8.163648434813083e-18
8,-0.01,733,-7.75546601307243e-18
8,-0.01,734,-7.367692712418808e-18
8,-0.01,735,-6.999308076797868e-18
8,-0.01,736,-6.649342672957974e-18
8,-0.01,737,-6.3168755393100755e-18
8,-0.01,738,-6.001031762344572e-18
8,-0.01,739,-5.700980174227343e-18
8,-0.01,740,-5.415931165515976e-18
8,-0.01,741,-5.145134607240176e-18
8,-0.01,742,-4.8878778768781675e-18
8,-0.01,743,-4.643483983034259e-18
8,-0.01,744,-4.411309783882546e-18
8,-0.01,745,-4.190744294688419e-18
8,-0.01,746,-3.9812070799539976e-18
8,-0.01,747,-3.782146725956298e-18
8,-0.01,748,-3.593039389658482e-18
8,-0.01,749,-3.413387420175558e-18
8,-0.01,750,-3.24271804916678e-18
8,-0.01,751,-3.0805821467084407e-18
8,-0.01,752,-2.9265530393730186e-18
8,-0.01,753,-2.7802253874043676e-18
8,-0.01,754,-2.641214118034149e-18
8,-0.01,755,-2.5091534121324416e-18
8,-0.01,756,-2.3836957415258193e-18
8,-0.01,757,-2.2645109544495283e-18
8,-0.01,758,-2.1512854067270518e-18
8,-0.01,759,-2.0437211363906993e-18
8,-0.01,760,-1.941535079571164e-18
8,-0.01,761,-1.844458325592606e-18
8,-0.01,762,-1.7522354093129754e-18
8,-0.01,763,-1.6646236388473265e-18
8,-0.01,764,-1.58139245690496e-18
8,-0.01,765,-1.502322834059712e-18
8,-0.01,766,-1.4272066923567265e-18
8,-0.01,767,-1.35584635773889e-18
8,-0.01,768,-1.2880540398519454e-18
8,-0.01,769,-1.223651337859348e-18
8,-0.01,770,-1.1624687709663806e-18
8,-0.01,771,-1.1043453324180616e-18
8,-0.01,772,-1.0491280657971585e-18
8,-0.01,773,-9.966716625073004e-19
8,-0.01,774,-9.468380793819354e-19
8,-0.01,775,-8.994961754128386e-19
8,-0.01,776,-8.545213666421966e-19
8,-0.01,777,-8.117952983100867e-19
8,-0.01,778,-7.712055333945823e-19
8,-0.01,779,-7.326452567248532e-19
8,-0.01,780,-6.960129938886105e-19
8,-0.01,781,-6.612123441941799e-19
8,-0.01,782,-6.281517269844709e-19
8,-0.01,783,-5.967441406352473e-19
8,-0.01,784,-5.669069336034849e-19
8,-0.01,785,-5.385615869233107e-19
8,-0.01,786,-5.116335075771451e-19
8,-0.01,787,-4.860518321982878e-19
8,-0.01,788,-4.617492405883734e-19
8,-0.01,789,-4.386617785589547e-19
8,-0.01,790,-4.167286896310069e-19
8,-0.01,791,-3.958922551494565e-19
8,-0.01,792,-3.7609764239198366e-19
8,-0.01,793,-3.5729276027238444e-19
8,-0.01,794,-3.394281222587652e-19
8,-0.01,795,-3.224567161458269e-19
8,-0.01,796,-3.0633388033853556e-19
8,-0.01,797,-2.9101718632160876e-19
8,-0.01,798,-2.764663270055283e-19
8,-0.01,799,-2.6264301065525186e-19
8,-0.01,800,-2.4951086012248925e-19
8,-0.01,801,-2.370353171163648e-19
8,-0.01,802,-2.251835512605465e-19
8,-0.01,803,-2.1392437369751919e-19
8,-0.01,804,-2.0322815501264322e-19
8,-0.01,805,-1.9306674726201105e-19
8,-0.01,806,-1.834134098989105e-19
8,-0.01,807,-1.7424273940396496e-19
8,-0.01,808,-1.655306024337667e-19
8,-0.01,809,-1.5725407231207837e-19
8,-0.01,810,-1.4939136869647443e-19
8,-0.01,811,-1.419218002616507e-19
8,-0.01,812,-1.3482571024856816e-19
8,-0.01,813,-1.2808442473613975e-19
8,-0.01,814,-1.2168020349933275e-19
8,-0.01,815,-1.155961933243661e-19
8,-0.01,816,-1.0981638365814778e-19
8,-0.01,817,-1.043255644752404e-19
8,-0.01,818,-9.910928625147837e-20
8,-0.01,819,-9.415382193890445e-20
8,-0.01,820,-8.944613084195923e-20
8,-0.01,821,-8.497382429986127e-20
8,-0.01,822,-8.07251330848682e-20
8,-0.01,823,-7.668887643062479e-20
8,-0.01,824,-7.285443260909355e-20
8,-0.01,825,-6.921171097863887e-20
8,-0.01,826,-6.575112542970693e-20
8,-0.01,827,-6.246356915822157e-20
8,-0.01,828,-5.934039070031049e-20
8,-0.01,829,-5.637337116529496e-20
8,-0.01,830,-5.355470260703021e-20
8,-0.01,831,-5.08769674766787e-20
8,-0.01,832,-4.8333119102844763e-20
8,-0.01,833,-4.5916463147702524e-20
8,-0.01,834,-4.3620639990317396e-20
8,-0.01,835,-4.1439607990801525e-20
8,-0.01,836,-3.9367627591261447e-20
8,-0.01,837,-3.739924621169837e-20
8,-0.01,838,-3.552928390111345e-20
8,-0.01,839,-3.3752819706057777e-20
8,-0.01,840,-3.206517872075489e-20
8,-0.01,841,-3.046191978471714e-20
8,-0.01,842,-2.893882379548128e-20
8,-0.01,843,-2.7491882605707215e-20
8,-0.01,844,-2.6117288475421854e-20
8,-0.01,845,-2.481142405165076e-20
8,-0.01,846,-2.357085284906822e-20
8,-0.01,847,-2.2392310206614807e-20
8,-0.01,848,-2.1272694696284067e-20
8,-0.01,849,-2.0209059961469864e-20
8,-0.01,850,-1.919860696339637e-20
8,-0.01,851,-1.8238676615226553e-20
8,-0.01,852,-1.7326742784465225e-20
8,-0.01,853,-1.6460405645241962e-20
8,-0.01,854,-1.5637385362979864e-20
8,-0.01,855,-1.485551609483087e-20
8,-0.01,856,-1.4112740290089324e-20
8,-0.01,857,-1.3407103275584857e-20
8,-0.01,858,-1.2736748111805614e-20
8,-0.01,859,-1.2099910706215332e-20
8,-0.01,860,-1.1494915170904565e-20
8,-0.01,861,-1.0920169412359335e-20
8,-0.01,862,-1.0374160941741368e-20
8,-0.01,863,-9.8554528946543e-21
8,-0.01,864,-9.362680249921584e-21
8,-0.01,865,-8.894546237425505e-21
8,-0.01,866,-8.44981892555423e-21
8,-0.01,867,-8.027327979276517e-21
8,-0.01,868,-7.625961580312691e-21
8,-0.01,869,-7.244663501297057e-21
8,-0.01,870,-6.882430326232203e-21
8,-0.01,871,-6.538308809920593e-21
8,-0.01,872,-6.211393369424563e-21
8,-0.01,873,-5.900823700953334e-21
8,-0.01,874,-5.605782515905667e-21
8,-0.01,875,-5.325493390110383e-21
8,-0.01,876,-5.059218720604864e-21
8,-0.01,877,-4.806257784574621e-21
8,-0.01,878,-4.5659448953458894e-21
8,-0.01,879,-4.337647650578595e-21
8,-0.01,880,-4.120765268049665e-21
8,-0.01,881,-3.9147270046471814e-21
8,-0.01,882,-3.718990654414822e-21
8,-0.01,883,-3.533041121694081e-21
8,-0.01,884,-3.3563890656093765e-21
8,-0.01,885,-3.1885696123289076e-21
8,-0.01,886,-3.0291411317124622e-21
8,-0.01,887,-2.877684075126839e-21
8,-0.01,888,-2.733799871370497e-21
8,-0.01,889,-2.597109877801972e-21
8,-0.01,890,-2.467254383911873e-21
8,-0.01,891,-2.3438916647162793e-21
8,-0.01,892,-2.2266970814804654e-21
8,-0.01,893,-2.115362227406442e-21
8,-0.01,894,-2.00959411603612e-21
8,-0.01,895,-1.909114410234314e-21
8,-0.01,896,-1.8136586897225983e-21
8,-0.01,897,-1.7229757552364683e-21
8,-0.01,898,-1.6368269674746448e-21
8,-0.01,899,-1.5549856191009125e-21
8,-0.01,900,-1.4772363381458668e-21
8,-0.01,901,-1.4033745212385734e-21
8,-0.01,902,-1.3332057951766447e-21
8,-0.01,903,-1.2665455054178123e-21
8,-0.01,904,-1.2032182301469216e-21
8,-0.01,905,-1.1430573186395754e-21
8,-0.01,906,-1.0859044527075965e-21
8,-0.01,907,-1.0316092300722167e-21
8,-0.01,908,-9.800287685686058e-22
8,-0.01,909,-9.310273301401754e-22
8,-0.01,910,-8.844759636331665e-22
8,-0.01,911,-8.402521654515081e-22
8,-0.01,912,-7.982395571789326e-22
8,-0.01,913,-7.58327579319986e-22
8,-0.01,914,-7.204112003539866e-22
8,-0.01,915,-6.843906403362873e-22
8,-0.01,916,-6.501711083194729e-22
8,-0.01,917,-6.1766255290349925e-22
8,-0.01,918,-5.867794252583243e-22
8,-0.01,919,-5.574404539954081e-22
8,-0.01,920,-5.295684312956377e-22
8,-0.01,921,-5.030900097308558e-22
8,-0.01,922,-4.77935509244313e-22
8,-0.01,923,-4.540387337820973e-22
8,-0.01,924,-4.313367970929924e-22
8,-0.01,925,-4.097699572383428e-22
8,-0.01,926,-3.892814593764256e-22
8,-0.01,927,-3.6981738640760433e-22
8,-0.01,928,-3.513265170872241e-22
8,-0.01,929,-3.3376019123286287e-22
8,-0.01,930,-3.170721816712197e-22
8,-0.01,931,-3.0121857258765873e-22
8,-0.01,932,-2.8615764395827577e-22
8,-0.01,933,-2.7184976176036198e-22
8,-0.01,934,-2.5825727367234384e-22
8,-0.01,935,-2.4534440998872664e-22
8,-0.01,936,-2.3307718948929032e-22
8,-0.01,937,-2.214233300148258e-22
8,-0.01,938,-2.1035216351408447e-22
8,-0.01,939,-1.9983455533838024e-22
8,-0.01,940,-1.8984282757146123e-22
8,-0.01,941,-1.8035068619288816e-22
8,-0.01,942,-1.7133315188324374e-22
8,-0.01,943,-1.6276649428908154e-22
8,-0.01,944,-1.5462816957462745e-22
8,-0.01,945,-1.4689676109589607e-22
8,-0.01,946,-1.3955192304110126e-22
8,-0.01,947,-1.325743268890462e-22
8,-0.01,948,-1.2594561054459388e-22
8,-0.01,949,-1.1964833001736419e-22
8,-0.01,950,-1.1366591351649598e-22
8,-0.01,951,-1.0798261784067117e-22
8,-0.01,952,-1.0258348694863761e-22
8,-0.01,953,-9.745431260120573e-23
8,-0.01,954,-9.258159697114543e-23
8,-0.01,955,-8.795251712258816e-23
8,-0.01,956,-8.355489126645875e-23
8,-0.01,957,-7.937714670313581e-23
8,-0.01,958,-7.540828936797901e-23
8,-0.01,959,-7.163787489958006e-23
8,-0.01,960,-6.805598115460105e-23
8,-0.01,961,-6.465318209687099e-23
8,-0.01,962,-6.142052299202743e-23
8,-0.01,963,-5.834949684242606e-23
8,-0.01,964,-5.543202200030476e-23
8,-0.01,965,-5.2660420900289517e-23
8,-0.01,966,-5.002739985527504e-23
8,-0.01,967,-4.7526029862511286e-23
8,-0.01,968,-4.514972836938572e-23
8,-0.01,969,-4.289224195091643e-23
8,-0.01,970,-4.0747629853370604e-23
8,-0.01,971,-3.8710248360702075e-23
8,-0.01,972,-3.677473594266697e-23
8,-0.01,973,-3.493599914553362e-23
8,-0.01,974,-3.3189199188256937e-23
8,-0.01,975,-3.152973922884409e-23
8,-0.01,976,-2.9953252267401884e-23
8,-0.01,977,-2.845558965403179e-23
8,-0.01,978,-2.70328101713302e-23
8,-0.01,979,-2.568116966276369e-23
8,-0.01,980,-2.4397111179625502e-23
8,-0.01,981,-2.3177255620644226e-23
8,-0.01,982,-2.2018392839612015e-23
8,-0.01,983,-2.0917473197631415e-23
8,-0.01,984,-1.9871599537749842e-23
8,-0.01,985,-1.887801956086235e-23
8,-0.01,986,-1.7934118582819233e-23
8,-0.01,987,-1.703741265367827e-23
8,-0.01,988,-1.6185542020994355e-23
8,-0.01,989,-1.5376264919944636e-23
8,-0.01,990,-1.4607451673947403e-23
8,-0.01,991,-1.387707909025003e-23
8,-0.01,992,-1.3183225135737529e-23
8,-0.01,993,-1.2524063878950652e-23
8,-0.01,994,-1.1897860685003119e-23
8,-0.01,995,-1.1302967650752963e-23
8,-0.01,996,-1.0737819268215314e-23
8,-0.01,997,-1.0200928304804548e-23
8,-0.01,998,-9.69088188956432e-24
8,-0.01,999,-9.206337795086103e-24
8,-0.01,1000,-8.746020905331797e-24
8,0,0,0.0
8,0,1,0.0
8,0,2,0.0
8,0,3,0.0
8,0,4,0.0
8,0,5,0.0
8,0,6,0.0
8,0,7,0.0
8,0,8,0.0
8,0,9,0.0
8,0,10,0.0
8,0,11,0.0
8,0,12,0.0
8,0,13,0.0
8,0,14,0.0
8,0,15,0.0
8,0,16,0.0
8,0,17,0.0
8,0,18,0.0
8,0,19,0.0
8,0,20,0.0
8,0,21,0.0
8,0,22,0.0
8,0,23,0.0
8,0,24,0.0
8,0,25,0.0
8,0,26,0.0
8,0,27,0.0
8,0,28,0.0
8,0,29,0.0
8,0,30,0.0
8,0,31,0.0
8,0,32,0.0
8,0,33,0.0
8,0,34,0.0
8,0,35,0.0
8,0,36,0.0
8,0,37,0.0
8,0,38,0.0
8,0,39,0.0
8,0,40,0.0
8,0,41,0.0
8,0,42,0.0
8,0,43,0.0
8,0,44,0.0
8,0,45,0.0
8,0,46,0.0
8,0,47,0.0
8,0,48,0.0
8,0,49,0.0
8,0,50,0.0
8,0,51,0.0
8,0,52,0.0
8,0,53,0.0
8,0,54,0.0
8,0,55,0.0
8,0,56,0.0
8,0,57,0.0
8,0,58,0.0
8,0,59,0.0
8,0,60,0.0
8,0,61,0.0
8,0,62,0.0
8,0,63,0.0
8,0,64,0.0
8,0,65,0.0
8,0,66,0.0
8,0,67,0.0
8,0,68,0.0
8,0,69,0.0
8,0,70,0.0
8,0,71,0.0
8,0,72,0.0
8,0,73,0.0
8,0,74,0.0
8,0,75,0.0
8,0,76,0.0
8,0,77,0.0
8,0,78,0.0
8,0,79,0.0
8,0,80,0.0
8,0,81,0.0
8,0,82,0.0
8,0,83,0.0
8,0,84,0.0
8,0,85,0.0
8,0,86,0.0
8,0,87,0.0
8,0,88,0.0
8,0,89,0.0
8,0,90,0.0
8,0,91,0.0
8,0,92,0.0
8,0,93,0.0
8,0,94,0.0
8,0,95,0.0
8,0,96,0.0
8,0,97,0.0
8,0,98,0.0
8,0,99,0.0
8,0,100,0.0
8,0,101,0.0
8,0,102,0.0
8,0,103,0.0
8,0,104,0.0
8,0,105,0.0
8,0,106,0.0
8,0,107,0.0
8,0,108,0.0
8,0,109,0.0
8,0,110,0.0
8,0,111,0.0
8,0,112,0.0
8,0,113,0.0
8,0,114,0.0
8,0,115,0.0
8,0,116,0.0
8,0,117,0.0
8,0,118,0.0
8,0,119,0.0
8,0,120,0.0
8,0,121,0.0
8,0,122,0.0
8,0,123,0.0
8,0,124,0.0
8,0,125,0.0
8,0,126,0.0
8,0,127,0.0
8,0,128,0.0
8,0,129,0.0
8,0,130,0.0
8,0,131,0.0
8,0,132,0.0
8,0,133,0.0
8,0,134,0.0
8,0,135,0.0
8,0,136,0.0
8,0,137,0.0
8,0,138,0.0
8,0,139,0.0
8,0,140,0.0
8,0,141,0.0
8,0,142,0.0
8,0,143,0.0
8,0,144,0.0
8,0,145,0.0
8,0,146,0.0
8,0,147,0.0
8,0,148,0.0
8,0,149,0.0
8,0,150,0.0
8,0,151,0.0
8,0,152,0.0
8,0,153,0.0
8,0,154,0.0
8,0,155,0.0
8,0,156,0.0
8,0,157,0.0
8,0,158,0.0
8,0,159,0.0
8,0,160,0.0
8,0,161,0.0
8,0,162,0.0
8,0,163,0.0
8,0,164,0.0
8,0,165,0.0
8,0,166,0.0
8,0,167,0.0
8,0,168,0.0
8,0,169,0.0
8,0,170,0.0
8,0,171,0.0
8,0,172,0.0
8,0,173,0.0
8,0,174,0.0
8,0,175,0.0
8,0,176,0.0
8,0,177,0.0
8,0,178,0.0
8,0,179,0.0
8,0,180,0.0
8,0,181,0.0
8,0,182,0.0
8,0,183,0.0
8,0,184,0.0
8,0,185,0.0
8,0,186,0.0
8,0,187,0.0
8,0,188,0.0
8,0,189,0.0
8,0,190,0.0
8,0,191,0.0
8,0,192,0.0
8,0,193,0.0
8,0,194,0.0
8,0,195,0.0
8,0,196,0.0
8,0,197,0.0
8,0,198,0.0
8,0,199,0.0
8,0,200,0.0
8,0,201,0.0
8,0,202,0.0
8,0,203,0.0
8,0,204,0.0
8,0,205,0.0
8,0,206,0.0
8,0,207,0.0
8,0,208,0.0
8,0,209,0.0
8,0,210,0.0
8,0,211,0.0
8,0,212,0.0
8,0,213,0.0
8,0,214,0.0
8,0,215,0.0
8,0,216,0.0
8,0,217,0.0
8,0,218,0.0
8,0,219,0.0
8,0,220,0.0
8,0,221,0.0
8,0,222,0.0
8,0,223,0.0
8,0,224,0.0
8,0,225,0.0
8,0,226,0.0
8,0,227,0.0
8,0,228,0.0
8,0,229,0.0
8,0,230,0.0
8,0,231,0.0
8,0,232,0.0
8,0,233,0.0
8,0,234,0.0
8,0,235,0.0
8,0,236,0.0
8,0,237,0.0
8,0,238,0.0
8,0,239,0.0
8,0,240,0.0
8,0,241,0.0
8,0,242,0.0
8,0,243,0.0
8,0,244,0.0
8,0,245,0.0
8,0,246,0.0
8,0,247,0.0
8,0,248,0.0
8,0,249,0.0
8,0,250,0.0
8,0,251,0.0
8,0,252,0.0
8,0,253,0.0
8,0,254,0.0
8,0,255,0.0
8,0,256,0.0
8,0,257,0.0
8,0,258,0.0
8,0,259,0.0
8,0,260,0.0
8,0,261,0.0
8,0,262,0.0
8,0,263,0.0
8,0,264,0.0
8,0,265,0.0
8,0,266,0.0
8,0,267,0.0
8,0,268,0.0
8,0,269,0.0
8,0,270,0.0
8,0,271,0.0
8,0,272,0.0
8,0,273,0.0
8,0,274,0.0
8,0,275,0.0
8,0,276,0.0
8,0,277,0.0
8,0,278,0.0
8,0,279,0.0
8,0,280,0.0
8,0,281,0.0
8,0,282,0.0
8,0,283,0.0
8,0,284,0.0
8,0,285,0.0
8,0,286,0.0
8,0,287,0.0
8,0,288,0.0
8,0,289,0.0
8,0,290,0.0
8,0,291,0.0
8,0,292,0.0
8,0,293,0.0
8,0,294,0.0
8,0,295,0.0
8,0,296,0.0
8,0,297,0.0
8,0,298,0.0
8,0,299,0.0
8,0,300,0.0
8,0,301,0.0
8,0,302,0.0
8,0,303,0.0
8,0,304,0.0
8,0,305,0.0
8,0,306,0.0
8,0,307,0.0
8,0,308,0.0
8,0,309,0.0
8,0,310,0.0
8,0,311,0.0
8,0,312,0.0
8,0,313,0.0
8,0,314,0.0
8,0,315,0.0
8,0,316,0.0
8,0,317,0.0
8,0,318,0.0
8,0,319,0.0
8,0,320,0.0
8,0,321,0.0
8,0,322,0.0
8,0,323,0.0
8,0,324,0.0
8,0,325,0.0
8,0,326,0.0
8,0,327,0.0
8,0,328,0.0
8,0,329,0.0
8,0,330,0.0
8,0,331,0.0
8,0,332,0.0
8,0,333,0.0
8,0,334,0.0
8,0,335,0.0
8,0,336,0.0
8,0,337,0.0
8,0,338,0.0
8,0,339,0.0
8,0,340,0.0
8,0,341,0.0
8,0,342,0.0
8,0,343,0.0
8,0,344,0.0
8,0,345,0.0
8,0,346,0.0
8,0,347,0.0
8,0,348,0.0
8,0,349,0.0
8,0,350,0.0
8,0,351,0.0
8,0,352,0.0
8,0,353,0.0
8,0,354,0.0
8,0,355,0.0
8,0,356,0.0
8,0,357,0.0
8,0,358,0.0
8,0,359,0.0
8,0,360,0.0
8,0,361,0.0
8,0,362,0.0
8,0,363,0.0
8,0,364,0.0
8,0,365,0.0
8,0,366,0.0
8,0,367,0.0
8,0,368,0.0
8,0,369,0.0
8,0,370,0.0
8,0,371,0.0
8,0,372,0.0
8,0,373,0.0
8,0,374,0.0
8,0,375,0.0
8,0,376,0.0
8,0,377,0.0
8,0,378,0.0
8,0,379,0.0
8,0,380,0.0
8,0,381,0.0
8,0,382,0.0
8,0,383,0.0
8,0,384,0.0
8,0,385,0.0
8,0,386,0.0
8,0,387,0.0
8,0,388,0.0
8,0,389,0.0
8,0,390,0.0
8,0,391,0.0
8,0,392,0.0
8,0,393,0.0
8,0,394,0.0
8,0,395,0.0
8,0,396,0.0
8,0,397,0.0
8,0,398,0.0
8,0,399,0.0
8,0,400,0.0
8,0,401,0.0
8,0,402,0.0
8,0,403,0.0
8,0,404,0.0
8,0,405,0.0
8,0,406,0.0
8,0,407,0.0
8,0,408,0.0
8,0,409,0.0
8,0,410,0.0
8,0,411,0.0
8,0,412,0.0
8,0,413,0.0
8,0,414,0.0
8,0,415,0.0
8,0,416,0.0
8,0,417,0.0
8,0,418,0.0
8,0,419,0.0
8,0,420,0.0
8,0,421,0.0
8,0,422,0.0
8,0,423,0.0
8,0,424,0.0
8,0,425,0.0
8,0,426,0.0
8,0,427,0.0
8,0,428,0.0
8,0,429,0.0
8,0,430,0.0
8,0,431,0.0
8,0,432,0.0
8,0,433,0.0
8,0,434,0.0
8,0,435,0.0
8,0,436,0.0
8,0,437,0.0
8,0,438,0.0
8,0,439,0.0
8,0,440,0.0
8,0,441,0.0
8,0,442,0.0
8,0,443,0.0
8,0,444,0.0
8,0,445,0.0
8,0,446,0.0
8,0,447,0.0
8,0,448,0.0
8,0,449,0.0
8,0,450,0.0
8,0,451,0.0
8,0,452,0.0
8,0,453,0.0
8,0,454,0.0
8,0,455,0.0
8,0,456,0.0
8,0,457,0.0
8,0,458,0.0
8,0,459,0.0
8,0,460,0.0
8,0,461,0.0
8,0,462,0.0
8,0,463,0.0
8,0,464,0.0
8,0,465,0.0
8,0,466,0.0
8,0,467,0.0
8,0,468,0.0
8,0,469,0.0
8,0,470,0.0
8,0,471,0.0
8,0,472,0.0
8,0,473,0.0
8,0,474,0.0
8,0,475,0.0
8,0,476,0.0
8,0,477,0.0
8,0,478,0.0
8,0,479,0.0
8,0,480,0.0
8,0,481,0.0
8,0,482,0.0
8,0,483,0.0
8,0,484,0.0
8,0,485,0.0
8,0,486,0.0
8,0,487,0.0
8,0,488,0.0
8,0,489,0.0
8,0,490,0.0
8,0,491,0.0
8,0,492,0.0
8,0,493,0.0
8,0,494,0.0
8,0,495,0.0
8,0,496,0.0
8,0,497,0.0
8,0,498,0.0
8,0,499,0.0
8,0,500,0.0
8,0,501,0.0
8,0,502,0.0
8,0,503,0.0
8,0,504,0.0
8,0,505,0.0
8,0,506,0.0
8,0,507,0.0
8,0,508,0.0
8,0,509,0.0
8,0,510,0.0
8,0,511,0.0
8,0,512,0.0
8,0,513,0.0
8,0,514,0.0
8,0,515,0.0
8,0,516,0.0
8,0,517,0.0
8,0,518,0.0
8,0,519,0.0
8,0,520,0.0
8,0,521,0.0
8,0,522,0.0
8,0,523,0.0
8,0,524,0.0
8,0,525,0.0
8,0,526,0.0
8,0,527,0.0
8,0,528,0.0
8,0,529,0.0
8,0,530,0.0
8,0,531,0.0
8,0,532,0.0
8,0,533,0.0
8,0,534,0.0
8,0,535,0.0
8,0,536,0.0
8,0,537,0.0
8,0,538,0.0
8,0,539,0.0
8,0,540,0.0
8,0,541,0.0
8,0,542,0.0
8,0,543,0.0
8,0,544,0.0
8,0,545,0.0
8,0,546,0.0
8,0,547,0.0
8,0,548,0.0
8,0,549,0.0
8,0,550,0.0
8,0,551,0.0
8,0,552,0.0
8,0,553,0.0
8,0,554,0.0
8,0,555,0.0
8,0,556,0.0
8,0,557,0.0
8,0,558,0.0
8,0,559,0.0
8,0,560,0.0
8,0,561,0.0
8,0,562,0.0
8,0,563,0.0
8,0,564,0.0
8,0,565,0.0
8,0,566,0.0
8,0,567,0.0
8,0,568,0.0
8,0,569,0.0
8,0,570,0.0
8,0,571,0.0
8,0,572,0.0
8,0,573,0.0
8,0,574,0.0
8,0,575,0.0
8,0,576,0.0
8,0,577,0.0
8,0,578,0.0
8,0,579,0.0
8,0,580,0.0
8,0,581,0.0
8,0,582,0.0
8,0,583,0.0
8,0,584,0.0
8,0,585,0.0
8,0,586,0.0
8,0,587,0.0
8,0,588,0.0
8,0,589,0.0
8,0,590,0.0
8,0,591,0.0
8,0,592,0.0
8,0,593,0.0
8,0,594,0.0
8,0,595,0.0
8,0,596,0.0
8,0,597,0.0
8,0,598,0.0
8,0,599,0.0
8,0,600,0.0
8,0,601,0.0
8,0,602,0.0
8,0,603,0.0
8,0,604,0.0
8,0,605,0.0
8,0,606,0.0
8,0,607,0.0
8,0,608,0.0
8,0,609,0.0
8,0,610,0.0
8,0,611,0.0
8,0,612,0.0
8,0,613,0.0
8,0,614,0.0
8,0,615,0.0
8,0,616,0.0
8,0,617,0.0
8,0,618,0.0
8,0,619,0.0
8,0,620,0.0
8,0,621,0.0
8,0,622,0.0
8,0,623,0.0
8,0,624,0.0
8,0,625,0.0
8,0,626,0.0
8,0,627,0.0
8,0,628,0.0
8,0,629,0.0
8,0,630,0.0
8,0,631,0.0
8,0,632,0.0
8,0,633,0.0
8,0,634,0.0
8,0,635,0.0
8,0,636,0.0
8,0,637,0.0
8,0,638,0.0
8,0,639,0.0
8,0,640,0.0
8,0,641,0.0
8,0,642,0.0
8,0,643,0.0
8,0,644,0.0
8,0,645,0.0
8,0,646,0.0
8,0,647,0.0
8,0,648,0.0
8,0,649,0.0
8,0,650,0.0
8,0,651,0.0
8,0,652,0.0
8,0,653,0.0
8,0,654,0.0
8,0,655,0.0
8,0,656,0.0
8,0,657,0.0
8,0,658,0.0
8,0,659,0.0
8,0,660,0.0
8,0,661,0.0
8,0,662,0.0
8,0,663,0.0
8,0,664,0.0
8,0,665,0.0
8,0,666,0.0
8,0,667,0.0
8,0,668,0.0
8,0,669,0.0
8,0,670,0.0
8,0,671,0.0
8,0,672,0.0
8,0,673,0.0
8,0,674,0.0
8,0,675,0.0
8,0,676,0.0
8,0,677,0.0
8,0,678,0.0
8,0,679,0.0
8,0,680,0.0
8,0,681,0.0
8,0,682,0.0
8,0,683,0.0
8,0,684,0.0
8,0,685,0.0
8,0,686,0.0
8,0,687,0.0
8,0,688,0.0
8,0,689,0.0
8,0,690,0.0
8,0,691,0.0
8,0,692,0.0
8,0,693,0.0
8,0,694,0.0
8,0,695,0.0
8,0,696,0.0
8,0,697,0.0
8,0,698,0.0
8,0,699,0.0
8,0,700,0.0
8,0,701,0.0
8,0,702,0.0
8,0,703,0.0
8,0,704,0.0
8,0,705,0.0
8,0,706,0.0
8,0,707,0.0
8,0,708,0.0
8,0,709,0.0
8,0,710,0.0
8,0,711,0.0
8,0,712,0.0
8,0,713,0.0
8,0,714,0.0
8,0,715,0.0
8,0,716,0.0
8,0,717,0.0
8,0,718,0.0
8,0,719,0.0
8,0,720,0.0
8,0,721,0.0
8,0,722,0.0
8,0,723,0.0
8,0,724,0.0
8,0,725,0.0
8,0,726,0.0
8,0,727,0.0
8,0,728,0.0
8,0,729,0.0
8,0,730,0.0
8,0,731,0.0
8,0,732,0.0
8,0,733,0.0
8,0,734,0.0
8,0,735,0.0
8,0,736,0.0
8,0,737,0.0
8,0,738,0.0
8,0,739,0.0
8,0,740,0.0
8,0,741,0.0
8,0,742,0.0
8,0,743,0.0
8,0,744,0.0
8,0,745,0.0
8,0,746,0.0
8,0,747,0.0
8,0,748,0.0
8,0,749,0.0
8,0,750,0.0
8,0,751,0.0
8,0,752,0.0
8,0,753,0.0
8,0,754,0.0
8,0,755,0.0
8,0,756,0.0
8,0,757,0.0
8,0,758,0.0
8,0,759,0.0
8,0,760,0.0
8,0,761,0.0
8,0,762,0.0
8,0,763,0.0
8,0,764,0.0
8,0,765,0.0
8,0,766,0.0
8,0,767,0.0
8,0,768,0.0
8,0,769,0.0
8,0,770,0.0
8,0,771,0.0
8,0,772,0.0
8,0,773,0.0
8,0,774,0.0
8,0,775,0.0
8,0,776,0.0
8,0,777,0.0
8,0,778,0.0
8,0,779,0.0
8,0,780,0.0
8,0,781,0.0
8,0,782,0.0
8,0,783,0.0
8,0,784,0.0
8,0,785,0.0
8,0,786,0.0
8,0,787,0.0
8,0,788,0.0
8,0,789,0.0
8,0,790,0.0
8,0,791,0.0
8,0,792,0.0
8,0,793,0.0
8,0,794,0.0
8,0,795,0.0
8,0,796,0.0
8,0,797,0.0
8,0,798,0.0
8,0,799,0.0
8,0,800,0.0
8,0,801,0.0
8,0,802,0.0
8,0,803,0.0
8,0,804,0.0
8,0,805,0.0
8,0,806,0.0
8,0,807,0.0
8,0,808,0.0
8,0,809,0.0
8,0,810,0.0
8,0,811,0.0
8,0,812,0.0
8,0,813,0.0
8,0,814,0.0
8,0,815,0.0
8,0,816,0.0
8,0,817,0.0
8,0,818,0.0
8,0,819,0.0
8,0,820,0.0
8,0,821,0.0
8,0,822,0.0
8,0,823,0.0
8,0,824,0.0
8,0,825,0.0
8,0,826,0.0
8,0,827,0.0
8,0,828,0.0
8,0,829,0.0
8,0,830,0.0
8,0,831,0.0
8,0,832,0.0
8,0,833,0.0
8,0,834,0.0
8,0,835,0.0
8,0,836,0.0
8,0,837,0.0
8,0,838,0.0
8,0,839,0.0
8,0,840,0.0
8,0,841,0.0
8,0,842,0.0
8,0,843,0.0
8,0,844,0.0
8,0,845,0.0
8,0,846,0.0
8,0,847,0.0
8,0,848,0.0
8,0,849,0.0
8,0,850,0.0
8,0,851,0.0
8,0,852,0.0
8,0,853,0.0
8,0,854,0.0
8,0,855,0.0
8,0,856,0.0
8,0,857,0.0
8,0,858,0.0
8,0,859,0.0
8,0,860,0.0
8,0,861,0.0
8,0,862,0.0
8,0,863,0.0
8,0,864,0.0
8,0,865,0.0
8,0,866,0.0
8,0,867,0.0
8,0,868,0.0
8,0,869,0.0
8,0,870,0.0
8,0,871,0.0
8,0,872,0.0
8,0,873,0.0
8,0,874,0.0
8,0,875,0.0
8,0,876,0.0
8,0,877,0.0
8,0,878,0.0
8,0,879,0.0
8,0,880,0.0
8,0,881,0.0
8,0,882,0.0
8,0,883,0.0
8,0,884,0.0
8,0,885,0.0
8,0,886,0.0
8,0,887,0.0
8,0,888,0.0
8,0,889,0.0
8,0,890,0.0
8,0,891,0.0
8,0,892,0.0
8,0,893,0.0
8,0,894,0.0
8,0,895,0.0
8,0,896,0.0
8,0,897,0.0
8,0,898,0.0
8,0,899,0.0
8,0,900,0.0
8,0,901,0.0
8,0,902,0.0
8,0,903,0.0
8,0,904,0.0
8,0,905,0.0
8,0,906,0.0
8,0,907,0.0
8,0,908,0.0
8,0,909,0.0
8,0,910,0.0
8,0,911,0.0
8,0,912,0.0
8,0,913,0.0
8,0,914,0.0
8,0,915,0.0
8,0,916,0.0
8,0,917,0.0
8,0,918,0.0
8,0,919,0.0
8,0,920,0.0
8,0,921,0.0
8,0,922,0.0
8,0,923,0.0
8,0,924,0.0
8,0,925,0.0
8,0,926,0.0
8,0,927,0.0
8,0,928,0.0
8,0,929,0.0
8,0,930,0.0
8,0,931,0.0
8,0,932,0.0
8,0,933,0.0
8,0,934,0.0
8,0,935,0.0
8,0,936,0.0
8,0,937,0.0
8,0,938,0.0
8,0,939,0.0
8,0,940,0.0
8,0,941,0.0
8,0,942,0.0
8,0,943,0.0
8,0,944,0.0
8,0,945,0.0
8,0,946,0.0
8,0,947,0.0
8,0,948,0.0
8,0,949,0.0
8,0,950,0.0
8,0,951,0.0
8,0,952,0.0
8,0,953,0.0
8,0,954,0.0
8,0,955,0.0
8,0,956,0.0
8,0,957,0.0
8,0,958,0.0
8,0,959,0.0
8,0,960,0.0
8,0,961,0.0
8,0,962,0.0
8,0,963,0.0
8,0,964,0.0
8,0,965,0.0
8,0,966,0.0
8,0,967,0.0
8,0,968,0.0
8,0,969,0.0
8,0,970,0.0
8,0,971,0.0
8,0,972,0.0
8,0,973,0.0
8,0,974,0.0
8,0,975,0.0
8,0,976,0.0
8,0,977,0.0
8,0,978,0.0
8,0,979,0.0
8,0,980,0.0
8,0,981,0.0
8,0,982,0.0
8,0,983,0.0
8,0,984,0.0
8,0,985,0.0
8,0,986,0.0
8,0,987,0.0
8,0,988,0.0
8,0,989,0.0
8,0,990,0.0
8,0,991,0.0
8,0,992,0.0
8,0,993,0.0
8,0,994,0.0
8,0,995,0.0
8,0,996,0.0
8,0,997,0.0
8,0,998,0.0
8,0,999,0.0
8,0,1000,0.0
8,0.01,0,0.01
8,0.01,1,0.00953804348136881
8,0.01,2,0.00909741605823306
8,0.01,3,0.008677134434472475
8,0.01,4,0.008276260447124548
8,0.01,5,0.007893899021044157
8,0.01,6,0.007529196212752125
8,0.01,7,0.0071813373400565865
8,0.01,8,0.006849545194095407
8,0.01,9,0.006533078330521746
8,0.01,10,0.006231229436635978
8,0.01,11,0.005943323771353934
8,0.01,12,0.005668717674992233
8,0.01,13,0.005406797145945087
8,0.01,14,0.005156976481422365
8,0.01,15,0.004918696979514935
8,0.01,16,0.00469142569994967
8,0.01,17,0.004474654280992439
8,0.01,18,0.004267897810052249
8,0.01,19,0.004070693745633264
8,0.01,20,0.003882600888373166
8,0.01,21,0.003703198398996116
8,0.01,22,0.0035320848610961584
8,0.01,23,0.003368877386752133
8,0.01,24,0.0032132107630579174
8,0.01,25,0.00306473663773202
8,0.01,26,0.0029231227420481545
8,0.01,27,0.0027880521494033934
8,0.01,28,0.002659222567912842
8,0.01,29,0.002536345665489495
8,0.01,30,0.0024191464259350546
8,0.01,31,0.00230736253463206
8,0.01,32,0.0022007437924897225
8,0.01,33,0.0020990515568554656
8,0.01,34,0.0020020582081613416
8,0.01,35,0.0019095466411293807
8,0.01,36,0.0018213097794124947
8,0.01,37,0.0017371501125979642
8,0.01,38,0.0016568792545487996
8,0.01,39,0.0015803175221044653
8,0.01,40,0.0015072935332066943
8,0.01,41,0.0014376438235584202
8,0.01,42,0.0013712124809643295
8,0.01,43,0.001307850796540238
8,0.01,44,0.0012474169320154827
8,0.01,45,0.0011897756023878927
8,0.01,46,0.001134797773224692
8,0.01,47,0.0010823603719349636
8,0.01,48,0.0010323460123701598
8,0.01,49,0.000984642732138597
8,0.01,50,0.0009391437420480128
8,0.01,51,0.0008957471871171225
8,0.01,52,0.0008543559186227705
8,0.01,53,0.0008148772766737672
8,0.01,54,0.0007772228828258722
8,0.01,55,0.00074130844227471
8,0.01,56,0.0007070535551847065
8,0.01,57,0.0006743815367324623
8,0.01,58,0.0006432192454623844
8,0.01,59,0.0006134969195709178
8,0.01,60,0.0005851480207533845
8,0.01,61,0.0005581090852643014
8,0.01,62,0.0005323195818581387
8,0.01,63,0.0005077217762928304
8,0.01,64,0.00048426060209299447
8,0.01,65,0.00046188353728379613
8,0.01,66,0.00044054048681972587
8,0.01,67,0.00042018367044526807
8,0.01,68,0.00040076751573659217
8,0.01,69,0.00038224855608495815
8,0.01,70,0.00036458533339357485
8,0.01,71,0.00034773830527019714
8,0.01,72,0.00033166975650778045
8,0.01,73,0.0003163437146551116
8,0.01,74,0.000301725869488471
8,0.01,75,0.0002877834962041167
8,0.01,76,0.0002744853821596869
8,0.01,77,0.0002618017570005713
8,0.01,78,0.00024970422601485696
8,0.01,79,0.0002381657065676966
8,0.01,80,0.0002271603674728174
8,0.01,81,0.00021666357116546803
8,0.01,82,0.00020665181854737598
8,0.01,83,0.00019710269638025294
8,0.01,84,0.00018799482711009878
8,0.01,85,0.00017930782100999043
8,0.01,86,0.00017102223053422965
8,0.01,87,0.00016311950678167693
8,0.01,88,0.00015558195797081152
8,0.01,89,0.0001483927098335666
8,0.01,90,0.00014153566783928356
8,0.01,91,0.00013499548116421552
8,0.01,92,0.00012875750832593258
8,0.01,93,0.00012280778440569213
8,0.01,94,0.00011713298978540541
8,0.01,95,0.00011172042032921041
8,0.01,96,0.00010655795894290364
8,0.01,97,0.00010163404844756128
8,0.01,98,9.69376657066244e-05
8,0.01,99,9.245829694853212e-05
8,0.01,100,8.818591422965368e-05
8,0.01,101,8.41109529848336e-05
8,0.01,102,8.022429061529182e-05
8,0.01,103,7.651722606594298e-05
8,0.01,104,7.298146034641938e-05
8,0.01,105,6.96090779521883e-05
8,0.01,106,6.639252914417278e-05
8,0.01,107,6.332461304720567e-05
8,0.01,108,6.03984615294803e-05
8,0.01,109,5.760752382691032e-05
8,0.01,110,5.494555187797562e-05
8,0.01,111,5.2406586336225347e-05
8,0.01,112,4.9984943229123484e-05
8,0.01,113,4.767520123337198e-05
8,0.01,114,4.5472189538225055e-05
8,0.01,115,4.3370976269621303e-05
8,0.01,116,4.136685744922415e-05
8,0.01,117,3.9455346463647255e-05
8,0.01,118,3.763216402029607e-05
8,0.01,119,3.589322856733682e-05
8,0.01,120,3.423464715634298e-05
8,0.01,121,3.265270672717168e-05
8,0.01,122,3.1143865795551236e-05
8,0.01,123,2.970474652477605e-05
8,0.01,124,2.833212716375846e-05
8,0.01,125,2.702293483450794e-05
8,0.01,126,2.5774238652892164e-05
8,0.01,127,2.458324316727854e-05
8,0.01,128,2.3447282100367965e-05
8,0.01,129,2.2363812380210874e-05
8,0.01,130,2.133040844704182e-05
8,0.01,131,2.0344756823189063e-05
8,0.01,132,1.940465093390011e-05
8,0.01,133,1.8507986167492384e-05
8,0.01,134,1.7652755163766558e-05
8,0.01,135,1.6837043320137098e-05
8,0.01,136,1.6059024505418192e-05
8,0.01,137,1.531695697167209e-05
8,0.01,138,1.4609179454962838e-05
8,0.01,139,1.3934107456292671e-05
8,0.01,140,1.3290229694388433e-05
8,0.01,141,1.2676104722402686e-05
8,0.01,142,1.2090357700951983e-05
8,0.01,143,1.1531677320268413e-05
8,0.01,144,1.099881286457546e-05
8,0.01,145,1.0490571412115613e-05
8,0.01,146,1.000581516456112e-05
8,0.01,147,9.543458899826369e-06
8,0.01,148,9.102467542589044e-06
8,0.01,149,8.681853847068113e-06
8,0.01,150,8.280676186881048e-06
8,0.01,151,7.898036447028087e-06
8,0.01,152,7.533078013285582e-06
8,0.01,153,7.184983854506617e-06
8,0.01,154,6.852974693536882e-06
8,0.01,155,6.536307262648637e-06
8,0.01,156,6.234272639591604e-06
8,0.01,157,5.946194660529342e-06
8,0.01,158,5.671428406314178e-06
8,0.01,159,5.409358758711307e-06
8,0.01,160,5.159399023331875e-06
8,0.01,161,4.9209896162055186e-06
8,0.01,162,4.693596811040073e-06
8,0.01,163,4.476711544371394e-06
8,0.01,164,4.269848275924072e-06
8,0.01,165,4.072543901634656e-06
8,0.01,166,3.88435671690217e-06
8,0.01,167,3.704865427744895e-06
8,0.01,168,3.533668207652463e-06
8,0.01,169,3.3703817980159287e-06
8,0.01,170,3.2146406501312486e-06
8,0.01,171,3.0660961068439034e-06
8,0.01,172,2.924415622013251e-06
8,0.01,173,2.789282016041791e-06
8,0.01,174,2.6603927658050547e-06
8,0.01,175,2.5374593273975644e-06
8,0.01,176,2.420206490167685e-06
8,0.01,177,2.308371760605296e-06
8,0.01,178,2.2017047746990984e-06
8,0.01,179,2.0999667374467647e-06
8,0.01,180,2.0029298882659327e-06
8,0.01,181,1.9103769911069307e-06
8,0.01,182,1.822100848128254e-06
8,0.01,183,1.737903835842518e-06
8,0.01,184,1.6575974626971485e-06
8,0.01,185,1.5810019470999456e-06
8,0.01,186,1.5079458149430877e-06
8,0.01,187,1.4382655157228175e-06
8,0.01,188,1.3718050564006594e-06
8,0.01,189,1.3084156521827563e-06
8,0.01,190,1.2479553934349114e-06
8,0.01,191,1.1902889279912537e-06
8,0.01,192,1.135287158140277e-06
8,0.01,193,1.0828269516152708e-06
8,0.01,194,1.0327908659385376e-06
8,0.01,195,9.850668855025353e-07
8,0.01,196,9.395481708017508e-07
8,0.01,197,8.961328192523517e-07
8,0.01,198,8.547236370602995e-07
8,0.01,199,8.152279216365007e-07
8,0.01,200,7.775572540633914e-07
8,0.01,201,7.416273011514951e-07
8,0.01,202,7.073576266428838e-07
8,0.01,203,6.746715111392418e-07
8,0.01,204,6.434957803493488e-07
8,0.01,205,6.137606412762712e-07
8,0.01,206,5.85399525969479e-07
8,0.01,207,5.583489425007645e-07
8,0.01,208,5.325483328249785e-07
8,0.01,209,5.079399372094444e-07
8,0.01,210,4.844686649259955e-07
8,0.01,211,4.620819709212992e-07
8,0.01,212,4.4072973818251554e-07
8,0.01,213,4.2036416554214297e-07
8,0.01,214,4.0093966066501406e-07
8,0.01,215,3.8241273798105624e-07
8,0.01,216,3.647419213347447e-07
8,0.01,217,3.47887651131199e-07
8,0.01,218,3.3181219577594796e-07
8,0.01,219,3.1647956720408915e-07
8,0.01,220,3.0185544031466777e-07
8,0.01,221,2.8790707612681155e-07
8,0.01,222,2.746032484869719e-07
8,0.01,223,2.619141741639415e-07
8,0.01,224,2.498114461711058e-07
8,0.01,225,2.3826797017521085e-07
8,0.01,226,2.2725790383749446e-07
8,0.01,227,2.1675659896137912e-07
8,0.01,228,2.0674054631299117e-07
8,0.01,229,1.9718732299057891e-07
8,0.01,230,1.880755422273542e-07
8,0.01,231,1.793848055123319e-07
8,0.01,232,1.7109565692350134e-07
8,0.01,233,1.631895395739899e-07
8,0.01,234,1.5564875406660895e-07
8,0.01,235,1.4845641887197619e-07
8,0.01,236,1.4159643253438228e-07
8,0.01,237,1.3505343762702517e-07
8,0.01,238,1.2881278637053104e-07
8,0.01,239,1.228605078413125e-07
8,0.01,240,1.1718327669408849e-07
8,0.01,241,1.1176838333187791e-07
8,0.01,242,1.0660370545248169e-07
8,0.01,243,1.016776809093939e-07
8,0.01,244,9.697928182957376e-08
8,0.01,245,9.24979899231538e-08
8,0.01,246,8.822377293815098e-08
8,0.01,247,8.414706219963451e-08
8,0.01,248,8.02587311904032e-08
8,0.01,249,7.655007511728061e-08
8,0.01,250,7.301279142536976e-08
8,0.01,251,6.963896120992019e-08
8,0.01,252,6.64210314896006e-08
8,0.01,253,6.335179829671888e-08
8,0.01,254,6.042439054909338e-08
8,0.01,255,5.7632254670043776e-08
8,0.01,256,5.496913991458555e-08
8,0.01,257,5.24290843774464e-08
8,0.01,258,5.000640164517077e-08
8,0.01,259,4.769566806669987e-08
8,0.01,260,4.5491710610636184e-08
8,0.01,261,4.3389595285235824e-08
8,0.01,262,4.138461609264536e-08
8,0.01,263,3.947228449327311e-08
8,0.01,264,3.7648319356696195e-08
8,0.01,265,3.590863737859307e-08
8,0.01,266,3.424934393953295e-08
8,0.01,267,3.266672438509035e-08
8,0.01,268,3.115723571072892e-08
8,0.01,269,2.9717498628787484e-08
8,0.01,270,2.834429000557548e-08
8,0.01,271,2.703453564382734e-08
8,0.01,272,2.5785303400880686e-08
8,0.01,273,2.4593796624924748e-08
8,0.01,274,2.3457347894109418e-08
8,0.01,275,2.237341304423922e-08
8,0.01,276,2.1339565474786347e-08
8,0.01,277,2.035349071479648e-08
8,0.01,278,1.9412981241937793e-08
8,0.01,279,1.8515931541515515e-08
8,0.01,280,1.766033339119872e-08
8,0.01,281,1.684427136641863e-08
8,0.01,282,1.6065918551935496e-08
8,0.01,283,1.532353245238807e-08
8,0.01,284,1.4615451090488813e-08
8,0.01,285,1.3940089286951955e-08
8,0.01,286,1.3295935111853475e-08
8,0.01,287,1.2681546499198353e-08
8,0.01,288,1.2095548019657232e-08
8,0.01,289,1.1536627800788453e-08
8,0.01,290,1.1003534589626347e-08
8,0.01,291,1.0495074952078709e-08
8,0.01,292,1.001011060159912e-08
8,0.01,293,9.547555849802997e-09
8,0.01,294,9.106375177613964e-09
8,0.01,295,8.685580915015928e-09
8,0.01,296,8.284231031613391e-09
8,0.01,297,7.901427026908473e-09
8,0.01,298,7.536311918778216e-09
8,0.01,299,7.188068325415693e-09
8,0.01,300,6.85591663502083e-09
8,0.01,301,6.5391132607616954e-09
8,0.01,302,6.236948975875366e-09
8,0.01,303,5.948747326636092e-09
8,0.01,304,5.673863116695335e-09
8,0.01,305,5.4116809642557704e-09
8,0.01,306,5.161613922539505e-09
8,0.01,307,4.923102167845097e-09
8,0.01,308,4.695611744354646e-09
8,0.01,309,4.478633370139263e-09
8,0.01,310,4.271681296792748e-09
8,0.01,311,4.074292220705937e-09
8,0.01,312,3.886024248430382e-09
8,0.01,313,3.7064559045798174e-09
8,0.01,314,3.5351851903773875e-09
8,0.01,315,3.3718286828570325e-09
8,0.01,316,3.216020676155779e-09
8,0.01,317,3.0674123636597444e-09
8,0.01,318,2.925671056012145e-09
8,0.01,319,2.7904794380474315e-09
8,0.01,320,2.6615348561132948e-09
8,0.01,321,2.5385486431082406e-09
8,0.01,322,2.421245469981446e-09
8,0.01,323,2.309362730524987e-09
8,0.01,324,2.202649953110061e-09
8,0.01,325,2.1008682404486177e-09
8,0.01,326,2.003789733723995e-09
8,0.01,327,1.9111971042089056e-09
8,0.01,328,1.8228830650983591e-09
8,0.01,329,1.7386499074039906e-09
8,0.01,330,1.6583090592271457e-09
8,0.01,331,1.581680661690669e-09
8,0.01,332,1.5085931667679918e-09
8,0.01,333,1.4388829543534052e-09
8,0.01,334,1.3723939641420084e-09
8,0.01,335,1.3089773473034402e-09
8,0.01,336,1.2484911334902557e-09
8,0.01,337,1.1907999118937982e-09
8,0.01,338,1.135774530155474e-09
8,0.01,339,1.0832918031282919e-09
8,0.01,340,1.0332342375881062e-09
8,0.01,341,9.854897694949896e-10
8,0.01,342,9.399515138711217e-10
8,0.01,343,8.965175244092242e-10
8,0.01,344,8.55090565620992e-10
8,0.01,345,8.155778949903247e-10
8,0.01,346,7.778910554984781e-10
8,0.01,347,7.419456781760143e-10
8,0.01,348,7.076612915781245e-10
8,0.01,349,6.749611440821594e-10
8,0.01,350,6.437720298661138e-10
8,0.01,351,6.140241254963817e-10
8,0.01,352,5.856508352065412e-10
8,0.01,353,5.585886392284476e-10
8,0.01,354,5.327769535231613e-10
8,0.01,355,5.08157993576302e-10
8,0.01,356,4.846766451771053e-10
8,0.01,357,4.622803407911666e-10
8,0.01,358,4.409189417676015e-10
8,0.01,359,4.2054462608890465e-10
8,0.01,360,4.011117824272043e-10
8,0.01,361,3.8257690602825773e-10
8,0.01,362,3.6489850292374896e-10
8,0.01,363,3.4803699737172014e-10
8,0.01,364,3.319546409759519e-10
8,0.01,365,3.1661543051271084e-10
8,0.01,366,3.019850255293508e-10
8,0.01,367,2.8803067353243146e-10
8,0.01,368,2.7472113475309413e-10
8,0.01,369,2.620266132762545e-10
8,0.01,370,2.4991868970513933e-10
8,0.01,371,2.383702580599586e-10
8,0.01,372,2.2735546496428207e-10
8,0.01,373,2.168496520455692e-10
8,0.01,374,2.0682929965442184e-10
8,0.01,375,1.9727197495912496e-10
8,0.01,376,1.8815628246198847e-10
8,0.01,377,1.7946181490820336e-10
8,0.01,378,1.7116910769008936e-10
8,0.01,379,1.6325959639849182e-10
8,0.01,380,1.5571557389452372e-10
8,0.01,381,1.4852015126244387e-10
8,0.01,382,1.416572198475295e-10
8,0.01,383,1.3511141588594467e-10
8,0.01,384,1.2886808551533646e-10
8,0.01,385,1.2291325136142896e-10
8,0.01,386,1.1723358305042813e-10
8,0.01,387,1.1181636503247003e-10
8,0.01,388,1.0664946983028835e-10
8,0.01,389,1.0172133089072503e-10
8,0.01,390,9.702091488546953e-11
8,0.01,391,9.253769903968043e-11
8,0.01,392,8.826164699209082e-11
8,0.01,393,8.41831858621083e-11
8,0.01,394,8.029318567786648e-11
8,0.01,395,7.65829372307887e-11
8,0.01,396,7.304413502728749e-11
8,0.01,397,6.966885658259813e-11
8,0.01,398,6.644954535200567e-11
8,0.01,399,6.33789943420382e-11
8,0.01,400,6.045032967373885e-11
8,0.01,401,5.765699496777415e-11
8,0.01,402,5.499273668375919e-11
8,0.01,403,5.2451590539561407e-11
8,0.01,404,5.0027867915749675e-11
8,0.01,405,4.771614207245924e-11
8,0.01,406,4.551123869833269e-11
8,0.01,407,4.3408220860481736e-11
8,0.01,408,4.14023809519554e-11
8,0.01,409,3.9489228184609036e-11
8,0.01,410,3.7664480176776934e-11
8,0.01,411,3.592405149211424e-11
8,0.01,412,3.426404570052677e-11
8,0.01,413,3.268074696869252e-11
8,0.01,414,3.117061033633371e-11
8,0.01,415,2.973025508076038e-11
8,0.01,416,2.8356457025408038e-11
8,0.01,417,2.7046140192114346e-11
8,0.01,418,2.5796371819811877e-11
8,0.01,419,2.4604353815894596e-11
8,0.01,420,2.346741706362887e-11
8,0.01,421,2.238301705502802e-11
8,0.01,422,2.1348725752219147e-11
8,0.01,423,2.0362227498660922e-11
8,0.01,424,1.9421314093966404e-11
8,0.01,425,1.852387942109531e-11
8,0.01,426,1.7667913821769642e-11
8,0.01,427,1.6851501355203746e-11
8,0.01,428,1.607281424486796e-11
8,0.01,429,1.533010985805459e-11
8,0.01,430,1.4621724713963336e-11
8,0.01,431,1.3946072781246441e-11
8,0.01,432,1.3301642299425458e-11
8,0.01,433,1.268699015715196e-11
8,0.01,434,1.210074002100216e-11
8,0.01,435,1.1541580210887126e-11
8,0.01,436,1.1008258038773154e-11
8,0.01,437,1.0499580501998327e-11
8,0.01,438,1.0014407829556954e-11
8,0.01,439,9.55165463690842e-12
8,0.01,440,9.11028460456871e-12
8,0.01,441,8.689309412636363e-12
8,0.01,442,8.287787034702736e-12
8,0.01,443,7.904818729287967e-12
8,0.01,444,7.539546875594544e-12
8,0.01,445,7.191153958307267e-12
8,0.01,446,6.858859868429745e-12
8,0.01,447,6.541920900330193e-12
8,0.01,448,6.2396267172667655e-12
8,0.01,449,5.951301458500627e-12
8,0.01,450,5.676299066465887e-12
8,0.01,451,5.414004572168518e-12
8,0.01,452,5.163830459089588e-12
8,0.01,453,4.925216331395592e-12
8,0.01,454,4.697628078321227e-12
8,0.01,455,4.4805563864436285e-12
8,0.01,456,4.273515673287602e-12
8,0.01,457,4.076041686471803e-12
8,0.01,458,3.887692865816909e-12
8,0.01,459,3.708047474012048e-12
8,0.01,460,3.5367034728331096e-12
8,0.01,461,3.3732770177713646e-12
8,0.01,462,3.2174022422370874e-12
8,0.01,463,3.0687300117189117e-12
8,0.01,464,2.9269274341246044e-12
8,0.01,465,2.7916777415495027e-12
8,0.01,466,2.6626779228160046e-12
8,0.01,467,2.5396392499436514e-12
8,0.01,468,2.422285870099878e-12
8,0.01,469,2.3103550292043573e-12
8,0.01,470,2.203596416991389e-12
8,0.01,471,2.1017706774574286e-12
8,0.01,472,2.0046507693438044e-12
8,0.01,473,1.912018227897216e-12
8,0.01,474,1.823666032019072e-12
8,0.01,475,1.739396817776319e-12
8,0.01,476,1.6590215281814287e-12
8,0.01,477,1.5823603856239016e-12
8,0.01,478,1.5092413870673293e-12
8,0.01,479,1.4395011296271247e-12
8,0.01,480,1.3729835132011914e-12
8,0.01,481,1.3095393753308e-12
8,0.01,482,1.2490273586248532e-12
8,0.01,483,1.1913112653659843e-12
8,0.01,484,1.1362622281397382e-12
8,0.01,485,1.0837569555406446e-12
8,0.01,486,1.033677973788811e-12
8,0.01,487,9.859129889039496e-13
8,0.01,488,9.403551481324391e-13
8,0.01,489,8.969025944136447e-13
8,0.01,490,8.554576961782245e-13
8,0.01,491,8.159282238523471e-13
8,0.01,492,7.782253450344392e-13
8,0.01,493,7.422646689430062e-13
8,0.01,494,7.079658508632807e-13
8,0.01,495,6.752516959544955e-13
8,0.01,496,6.440488691179221e-13
8,0.01,497,6.142883958991586e-13
8,0.01,498,5.859031893153948e-13
8,0.01,499,5.588295167329608e-13
8,0.01,500,5.330068321498709e-13
8,0.01,501,5.083770964471951e-13
8,0.01,502,4.848858663513407e-13
8,0.01,503,4.624802064459615e-13
8,0.01,504,4.4110965461318075e-13
8,0.01,505,4.207266187857109e-13
8,0.01,506,4.0128536608258603e-13
8,0.01,507,3.8274245026688837e-13
8,0.01,508,3.6505659741354614e-13
8,0.01,509,3.481877299320031e-13
8,0.01,510,3.320982945282737e-13
8,0.01,511,3.167522686283764e-13
8,0.01,512,3.021157777317239e-13
8,0.01,513,2.8815542675632516e-13
8,0.01,514,2.7484035773602666e-13
8,0.01,515,2.6214056171359217e-13
8,0.01,516,2.5002735670729965e-13
8,0.01,517,2.3847401525155596e-13
8,0.01,518,2.274544523646573e-13
8,0.01,519,2.1694371384163728e-13
8,0.01,520,2.069191340218636e-13
8,0.01,521,1.973579662213023e-13
8,0.01,522,1.8823842761777356e-13
8,0.01,523,1.7954034494724933e-13
8,0.01,524,1.7124438013655536e-13
8,0.01,525,1.633312946544381e-13
8,0.01,526,1.557840262026399e-13
8,0.01,527,1.4858549823607801e-13
8,0.01,528,1.417193145645762e-13
8,0.01,529,1.351705926968574e-13
8,0.01,530,1.2892450037681807e-13
8,0.01,531,1.2296694696115983e-13
8,0.01,532,1.1728506675579197e-13
8,0.01,533,1.1186542304489523e-13
8,0.01,534,1.0669629178252679e-13
8,0.01,535,1.0176618818034584e-13
8,0.01,536,9.706350780003819e-14
8,0.01,537,9.257826725929095e-14
8,0.01,538,8.830046192786412e-14
8,0.01,539,8.422006698998683e-14
8,0.01,540,8.032842623241481e-14
8,0.01,541,7.661696930787079e-14
8,0.01,542,7.307651355235577e-14
8,0.01,543,6.969954974150388e-14
8,0.01,544,6.647894411216755e-14
8,0.01,545,6.340687875527099e-14
8,0.01,546,6.047714096362542e-14
8,0.01,547,5.768261435896827e-14
8,0.01,548,5.5017058798992935e-14
8,0.01,549,5.2474893093203296e-14
8,0.01,550,5.005012122123767e-14
8,0.01,551,4.773722043610005e-14
8,0.01,552,4.553111760049183e-14
8,0.01,553,4.342716670632693e-14
8,0.01,554,4.1420780573575974e-14
8,0.01,555,3.950690749182067e-14
8,0.01,556,3.7681442225554034e-14
8,0.01,557,3.594013785634922e-14
8,0.01,558,3.4279480228743534e-14
8,0.01,559,3.269509006096182e-14
8,0.01,560,3.118402134175088e-14
8,0.01,561,2.974295494337735e-14
8,0.01,562,2.836873769449457e-14
8,0.01,563,2.70582006099756e-14
8,0.01,564,2.580833315394984e-14
8,0.01,565,2.461558142794984e-14
8,0.01,566,2.3478477424255095e-14
8,0.01,567,2.2393718339707546e-14
8,0.01,568,2.135903387304503e-14
8,0.01,569,2.0371920293373298e-14
8,0.01,570,1.94305194733856e-14
8,0.01,571,1.8532719247445333e-14
8,0.01,572,1.7676166113502528e-14
8,0.01,573,1.6859491606347705e-14
8,0.01,574,1.6080354849946263e-14
8,0.01,575,1.533705242910814e-14
8,0.01,576,1.4628313044097953e-14
8,0.01,577,1.3952408543124312e-14
8,0.01,578,1.3307870654332986e-14
8,0.01,579,1.2692784102419663e-14
8,0.01,580,1.2106196737583236e-14
8,0.01,581,1.1547030545165057e-14
8,0.01,582,1.1013394049501419e-14
8,0.01,583,1.050453118279739e-14
8,0.01,584,1.0019029791257388e-14
8,0.01,585,9.556242218166008e-15
8,0.01,586,9.114512355558025e-15
8,0.01,587,8.69348120729966e-15
8,0.01,588,8.291593420630638e-15
8,0.01,589,7.908412244514286e-15
8,0.01,590,7.54300234842297e-15
8,0.01,591,7.194648640703037e-15
8,0.01,592,6.861804422545526e-15
8,0.01,593,6.5447350535579016e-15
8,0.01,594,6.242304846586475e-15
8,0.01,595,5.953608371182837e-15
8,0.01,596,5.678479357811394e-15
8,0.01,597,5.4162394333705336e-15
8,0.01,598,5.165723726370935e-15
8,0.01,599,4.927039915330927e-15
8,0.01,600,4.699075988409734e-15
8,0.01,601,4.481816368444211e-15
8,0.01,602,4.274378895391377e-15
8,0.01,603,4.0767928789483924e-15
8,0.01,604,3.8883922739371666e-15
8,0.01,605,3.709064754481306e-15
8,0.01,606,3.537489304565055e-15
8,0.01,607,3.3739722101018237e-15
8,0.01,608,3.2177636086237653e-15
8,0.01,609,3.068845020176817e-15
8,0.01,610,2.9271988888046183e-15
8,0.01,611,2.791941174610639e-15
8,0.01,612,2.6632728737787607e-15
8,0.01,613,2.540344098598086e-15
8,0.01,614,2.422867872786054e-15
8,0.01,615,2.310918513569428e-15
8,0.01,616,2.2040462052708403e-15
8,0.01,617,2.102170567691987e-15
8,0.01,618,2.004868294949283e-15
8,0.01,619,1.912257663496117e-15
8,0.01,620,1.824104091268011e-15
8,0.01,621,1.7396643082609198e-15
8,0.01,622,1.6594465144041832e-15
8,0.01,623,1.5825457208498927e-15
8,0.01,624,1.5093164946257191e-15
8,0.01,625,1.4397487297127543e-15
8,0.01,626,1.372965463655047e-15
8,0.01,627,1.3093478885526273e-15
8,0.01,628,1.2489111922053285e-15
8,0.01,629,1.1911493859801995e-15
8,0.01,630,1.1359287253711314e-15
8,0.01,631,1.0834690977925167e-15
8,0.01,632,1.0336324515928328e-15
8,0.01,633,9.859406930079378e-16
8,0.01,634,9.402865776570921e-16
8,0.01,635,8.965682233785935e-16
8,0.01,636,8.550357868140196e-16
8,0.01,637,8.155799720776745e-16
8,0.01,638,7.77923475730549e-16
8,0.01,639,7.421498042007797e-16
8,0.01,640,7.076443992047059e-16
8,0.01,641,6.746907921108381e-16
8,0.01,642,6.433848653716637e-16
8,0.01,643,6.13644234969448e-16
8,0.01,644,5.85390636087343e-16
8,0.01,645,5.583762448017457e-16
8,0.01,646,5.327125730804283e-16
8,0.01,647,5.079851402499814e-16
8,0.01,648,4.844940790610569e-16
8,0.01,649,4.620040985839808e-16
8,0.01,650,4.4063861713075857e-16
8,0.01,651,4.203414097501974e-16
8,0.01,652,4.010590627386643e-16
8,0.01,653,3.8274083307770787e-16
8,0.01,654,3.651650425522016e-16
8,0.01,655,3.4846804155297064e-16
8,0.01,656,3.3260589060370124e-16
8,0.01,657,3.171899025066999e-16
8,0.01,658,3.025447138145486e-16
8,0.01,659,2.886317845570049e-16
8,0.01,660,2.754145017623384e-16
8,0.01,661,2.626846107598075e-16
8,0.01,662,2.505912143074032e-16
8,0.01,663,2.391024876776191e-16
8,0.01,664,2.281881973793242e-16
8,0.01,665,2.1781962159594406e-16
8,0.01,666,2.0796947460173292e-16
8,0.01,667,1.9861183495723235e-16
8,0.01,668,1.897220772949568e-16
8,0.01,669,1.8127680751579503e-16
8,0.01,670,1.7325380122559135e-16
8,0.01,671,1.6563194524989786e-16
8,0.01,672,1.5821770972539136e-16
8,0.01,673,1.511741859771102e-16
8,0.01,674,1.4448283841624307e-16
8,0.01,675,1.3812605823341933e-16
8,0.01,676,1.3208711705973675e-16
8,0.01,677,1.263501229447383e-16
8,0.01,678,1.208999785354898e-16
8,0.01,679,1.157223413467037e-16
8,0.01,680,1.1080358601735692e-16
8,0.01,681,1.0578382375928211e-16
8,0.01,682,1.0101504961411104e-16
8,0.01,683,9.648471417619852e-17
8,0.01,684,9.218089551018163e-17
8,0.01,685,8.809226777746558e-17
8,0.01,686,8.420807143138533e-17
8,0.01,687,8.05180849026091e-17
8,0.01,688,7.701259770027169e-17
8,0.01,689,7.368238485805113e-17
8,0.01,690,7.051868265794161e-17
8,0.01,691,6.751316556783757e-17
8,0.01,692,6.465792433223873e-17
8,0.01,693,6.194544515841982e-17
8,0.01,694,5.936858994329186e-17
8,0.01,695,5.69205774889203e-17
8,0.01,696,5.459496565726733e-17
8,0.01,697,5.186521737440396e-17
8,0.01,698,4.927195650568376e-17
8,0.01,699,4.6808358680399575e-17
8,0.01,700,4.446794074637959e-17
8,0.01,701,4.2244543709060614e-17
8,0.01,702,4.013231652360758e-17
8,0.01,703,3.81257006974272e-17
8,0.01,704,3.621941566255584e-17
8,0.01,705,3.4408444879428044e-17
8,0.01,706,3.268802263545664e-17
8,0.01,707,3.105362150368381e-17
8,0.01,708,2.950094042849962e-17
8,0.01,709,2.8025893407074636e-17
8,0.01,710,2.6624598736720904e-17
8,0.01,711,2.5293368799884856e-17
8,0.01,712,2.402870035989061e-17
8,0.01,713,2.282726534189608e-17
8,0.01,714,2.1685902074801275e-17
8,0.01,715,2.060160697106121e-17
8,0.01,716,1.9571526622508146e-17
8,0.01,717,1.8592950291382738e-17
8,0.01,718,1.76633027768136e-17
8,0.01,719,1.678013763797292e-17
8,0.01,720,1.5941130756074274e-17
8,0.01,721,1.5144074218270558e-17
8,0.01,722,1.438687050735703e-17
8,0.01,723,1.3667526981989178e-17
8,0.01,724,1.2984150632889719e-17
8,0.01,725,1.2334943101245232e-17
8,0.01,726,1.171819594618297e-17
8,0.01,727,1.113228614887382e-17
8,0.01,728,1.057567184143013e-17
8,0.01,729,1.0046888249358622e-17
8,0.01,730,9.54454383689069e-18
8,0.01,731,9.067316645046155e-18
8,0.01,732,8.613950812793847e-18
8,0.01,733,8.183253272154154e-18
8,0.01,734,7.774090608546446e-18
8,0.01,735,7.385386078119123e-18
8,0.01,736,7.016116774213167e-18
8,0.01,737,6.6653109355025085e-18
8,0.01,738,6.332045388727383e-18
8,0.01,739,6.015443119291013e-18
8,0.01,740,5.7146709633264624e-18
8,0.01,741,5.428937415160139e-18
8,0.01,742,5.157490544402131e-18
8,0.01,743,4.899616017182024e-18
8,0.01,744,4.6546352163229224e-18
8,0.01,745,4.421903455506776e-18
8,0.01,746,4.200808282731437e-18
8,0.01,747,3.990767868594865e-18
8,0.01,748,3.7912294751651216e-18
8,0.01,749,3.601668001406865e-18
8,0.01,750,3.4215846013365217e-18
8,0.01,751,3.2505053712696956e-18
8,0.01,752,3.0879801027062107e-18
8,0.01,753,2.9335810975709e-18
8,0.01,754,2.786902042692355e-18
8,0.01,755,2.6475569405577368e-18
8,0.01,756,2.5151790935298497e-18
8,0.01,757,2.389420138853357e-18
8,0.01,758,2.269949131910689e-18
8,0.01,759,2.1564516753151543e-18
8,0.01,760,2.0486290915493966e-18
8,0.01,761,1.9461976369719267e-18
8,0.01,762,1.8488877551233304e-18
8,0.01,763,1.7564433673671637e-18
8,0.01,764,1.6686211989988054e-18
8,0.01,765,1.5851901390488651e-18
8,0.01,766,1.5059306320964218e-18
8,0.01,767,1.4306341004916007e-18
8,0.01,768,1.3591023954670206e-18
8,0.01,769,1.2911472756936695e-18
8,0.01,770,1.226589911908986e-18
8,0.01,771,1.1652604163135367e-18
8,0.01,772,1.1069973954978599e-18
8,0.01,773,1.0516475257229668e-18
8,0.01,774,9.990651494368185e-19
8,0.01,775,9.491118919649776e-19
8,0.01,776,9.016562973667287e-19
8,0.01,777,8.565734824983923e-19
8,0.01,778,8.137448083734727e-19
8,0.01,779,7.73057567954799e-19
8,0.01,780,7.34404689557059e-19
8,0.01,781,6.97684455079206e-19
8,0.01,782,6.628002323252457e-19
8,0.01,783,6.296602207089834e-19
8,0.01,784,5.981772096735342e-19
8,0.01,785,5.682683491898575e-19
8,0.01,786,5.398549317303646e-19
8,0.01,787,5.128621851438463e-19
8,0.01,788,4.87219075886654e-19
8,0.01,789,4.628581220923213e-19
8,0.01,790,4.397152159877052e-19
8,0.01,791,4.1772945518831995e-19
8,0.01,792,3.9684298242890394e-19
8,0.01,793,3.7700083330745874e-19
8,0.01,794,3.581507916420858e-19
8,0.01,795,3.402432520599815e-19
8,0.01,796,3.2323108945698244e-19
8,0.01,797,3.070695349841333e-19
8,0.01,798,2.9171605823492665e-19
8,0.01,799,2.771302553231803e-19
8,0.01,800,2.6327374255702127e-19
8,0.01,801,2.501100554291702e-19
8,0.01,802,2.3760455265771165e-19
8,0.01,803,2.2572432502482606e-19
8,0.01,804,2.1443810877358475e-19
8,0.01,805,2.037162033349055e-19
8,0.01,806,1.9353039316816022e-19
8,0.01,807,1.838538735097522e-19
8,0.01,808,1.7466117983426457e-19
8,0.01,809,1.6592812084255132e-19
8,0.01,810,1.5763171480042375e-19
8,0.01,811,1.4975012906040254e-19
8,0.01,812,1.422626226073824e-19
8,0.01,813,1.3514949147701328e-19
8,0.01,814,1.2839201690316262e-19
8,0.01,815,1.2197241605800448e-19
8,0.01,816,1.1587379525510425e-19
8,0.01,817,1.1008010549234905e-19
8,0.01,818,1.0457610021773158e-19
8,0.01,819,9.9347295206845e-20
8,0.01,820,9.437993044650275e-20
8,0.01,821,8.96609339241776e-20
8,0.01,822,8.517788722796872e-20
8,0.01,823,8.091899286657028e-20
8,0.01,824,7.687304322324177e-20
8,0.01,825,7.302939106207968e-20
8,0.01,826,6.93779215089757e-20
8,0.01,827,6.590902543352691e-20
8,0.01,828,6.261357416185056e-20
8,0.01,829,5.948289545375803e-20
8,0.01,830,5.650875068107012e-20
8,0.01,831,5.368331314701661e-20
8,0.01,832,5.0999147489665774e-20
8,0.01,833,4.844919011518248e-20
8,0.01,834,4.6026730609423357e-20
8,0.01,835,4.3725394078952185e-20
8,0.01,836,4.153912437500457e-20
8,0.01,837,3.946216815625434e-20
8,0.01,838,3.7489059748441625e-20
8,0.01,839,3.561460676101954e-20
8,0.01,840,3.3833876422968565e-20
8,0.01,841,3.214218260182013e-20
8,0.01,842,3.0535073471729124e-20
8,0.01,843,2.9008319798142667e-20
8,0.01,844,2.755790380823553e-20
8,0.01,845,2.6180008617823752e-20
8,0.01,846,2.4871008186932562e-20
8,0.01,847,2.3627457777585933e-20
8,0.01,848,2.2446084888706636e-20
8,0.01,849,2.1323780644271304e-20
8,0.01,850,2.025759161205774e-20
8,0.01,851,1.924471203145485e-20
8,0.01,852,1.8282476429882106e-20
8,0.01,853,1.7368352608388e-20
8,0.01,854,1.64999349779686e-20
8,0.01,855,1.567493822907017e-20
8,0.01,856,1.4891191317616662e-20
8,0.01,857,1.4146631751735828e-20
8,0.01,858,1.3439300164149036e-20
8,0.01,859,1.2767335155941584e-20
8,0.01,860,1.2128968398144504e-20
8,0.01,861,1.1522519978237278e-20
8,0.01,862,1.0946393979325414e-20
8,0.01,863,1.0399074280359143e-20
8,0.01,864,9.879120566341185e-21
8,0.01,865,9.385164538024125e-21
8,0.01,866,8.915906311122919e-21
8,0.01,867,8.470110995566773e-21
8,0.01,868,8.046605445788434e-21
8,0.01,869,7.644275173499012e-21
8,0.01,870,7.262061414824062e-21
8,0.01,871,6.898958344082858e-21
8,0.01,872,6.5540104268787156e-21
8,0.01,873,6.22630990553478e-21
8,0.01,874,5.91499441025804e-21
8,0.01,875,5.619244689745138e-21
8,0.01,876,5.338282455257881e-21
8,0.01,877,5.071368332494987e-21
8,0.01,878,4.8177999158702374e-21
8,0.01,879,4.576909920076725e-21
8,0.01,880,4.3480644240728884e-21
8,0.01,881,4.130661202869244e-21
8,0.01,882,3.9241281427257816e-21
8,0.01,883,3.727921735589492e-21
8,0.01,884,3.541525648810017e-21
8,0.01,885,3.364449366369516e-21
8,0.01,886,3.19622689805104e-21
8,0.01,887,3.0364155531484877e-21
8,0.01,888,2.8845947754910633e-21
8,0.01,889,2.74036503671651e-21
8,0.01,890,2.6033467848806843e-21
8,0.01,891,2.47317944563665e-21
8,0.01,892,2.3495204733548172e-21
8,0.01,893,2.2320444496870764e-21
8,0.01,894,2.1204422272027225e-21
8,0.01,895,2.0144201158425863e-21
8,0.01,896,1.913699110050457e-21
8,0.01,897,1.818014154547934e-21
8,0.01,898,1.727113446820537e-21
8,0.01,899,1.6407577744795101e-21
8,0.01,900,1.5587198857555346e-21
8,0.01,901,1.4807838914677577e-21
8,0.01,902,1.4067446968943697e-21
8,0.01,903,1.3364074620496511e-21
8,0.01,904,1.2695870889471685e-21
8,0.01,905,1.20610773449981e-21
8,0.01,906,1.1458023477748195e-21
8,0.01,907,1.0885122303860785e-21
8,0.01,908,1.0340866188667746e-21
8,0.01,909,9.823822879234358e-22
8,0.01,910,9.33263173527264e-22
8,0.01,911,8.866000148509008e-22
8,0.01,912,8.422700141083557e-22
8,0.01,913,8.001565134029379e-22
8,0.01,914,7.60148687732791e-22
8,0.01,915,7.221412533461514e-22
8,0.01,916,6.860341906788438e-22
8,0.01,917,6.517324811449016e-22
8,0.01,918,6.191458570876564e-22
8,0.01,919,5.881885642332736e-22
8,0.01,920,5.587791360216099e-22
8,0.01,921,5.308401792205293e-22
8,0.01,922,5.042981702595029e-22
8,0.01,923,4.790832617465277e-22
8,0.01,924,4.551290986592013e-22
8,0.01,925,4.323726437262412e-22
8,0.01,926,4.1075401153992917e-22
8,0.01,927,3.902163109629327e-22
8,0.01,928,3.7070549541478604e-22
8,0.01,929,3.521702206440467e-22
8,0.01,930,3.3456170961184434e-22
8,0.01,931,3.178336241312521e-22
8,0.01,932,3.0194194292468947e-22
8,0.01,933,2.86844845778455e-22
8,0.01,934,2.7250260348953224e-22
8,0.01,935,2.5887747331505563e-22
8,0.01,936,2.4593359964930283e-22
8,0.01,937,2.336369196668377e-22
8,0.01,938,2.219550736834958e-22
8,0.01,939,2.1085731999932099e-22
8,0.01,940,2.0031445399935493e-22
8,0.01,941,1.9029873129938718e-22
8,0.01,942,1.807837947344178e-22
8,0.01,943,1.7174460499769692e-22
8,0.01,944,1.6315737474781207e-22
8,0.01,945,1.5499950601042145e-22
8,0.01,946,1.4724953070990036e-22
8,0.01,947,1.3988705417440533e-22
8,0.01,948,1.3289270146568507e-22
8,0.01,949,1.2624806639240082e-22
8,0.01,950,1.1993566307278078e-22
8,0.01,951,1.1393887991914174e-22
8,0.01,952,1.0824193592318463e-22
8,0.01,953,1.028298391270254e-22
8,0.01,954,9.768834717067412e-23
8,0.01,955,9.280392981214041e-23
8,0.01,956,8.816373332153338e-23
8,0.01,957,8.375554665545671e-23
8,0.01,958,7.956776932268387e-23
8,0.01,959,7.558938085654967e-23
8,0.01,960,7.180991181372218e-23
8,0.01,961,6.821941622303606e-23
8,0.01,962,6.480844541188425e-23
8,0.01,963,6.156802314129004e-23
8,0.01,964,5.848962198422554e-23
8,0.01,965,5.556514088501425e-23
8,0.01,966,5.278688384076354e-23
8,0.01,967,5.014753964872536e-23
8,0.01,968,4.764016266628909e-23
8,0.01,969,4.525815453297463e-23
8,0.01,970,4.2995246806325895e-23
8,0.01,971,4.08454844660096e-23
8,0.01,972,3.880321024270911e-23
8,0.01,973,3.6863049730573654e-23
8,0.01,974,3.501989724404497e-23
8,0.01,975,3.326890238184272e-23
8,0.01,976,3.1605457262750585e-23
8,0.01,977,3.002518439961305e-23
8,0.01,978,2.85239251796324e-23
8,0.01,979,2.709772892065078e-23
8,0.01,980,2.574284247461824e-23
8,0.01,981,2.4455700350887324e-23
8,0.01,982,2.3232915333342956e-23
8,0.01,983,2.2071269566675806e-23
8,0.01,984,2.0967706088342015e-23
8,0.01,985,1.9919320783924913e-23
8,0.01,986,1.8923354744728667e-23
8,0.01,987,1.7977187007492234e-23
8,0.01,988,1.7078327657117622e-23
8,0.01,989,1.622441127426174e-23
8,0.01,990,1.5413190710548653e-23
8,0.01,991,1.464253117502122e-23
8,0.01,992,1.3910404616270158e-23
8,0.01,993,1.321488438545665e-23
8,0.01,994,1.2554140166183817e-23
8,0.01,995,1.1926433157874625e-23
8,0.01,996,1.1330111499980894e-23
8,0.01,997,1.0763605924981848e-23
8,0.01,998,1.0225425628732756e-23
8,0.01,999,9.714154347296118e-24
8,0.01,1000,9.228446629931311e-24
8,0.25,0,0.25
8,0.25,1,0.2411834433244415
8,0.25,2,0.2324623257221096
8,0.25,3,0.22386125351149208
8,0.25,4,0.21540250247498494
8,0.25,5,0.2071058173408764
8,0.25,6,0.19898831097627054
8,0.25,7,0.1910644524266945
8,0.25,8,0.18334612938315062
8,0.25,9,0.17584276911167965
8,0.25,10,0.16856150198056707
8,0.25,11,0.16150735300004893
8,0.25,12,0.15468344878410342
8,0.25,13,0.1480912296567612
8,0.25,14,0.14173065895741854
8,0.25,15,0.1356004237529252
8,0.25,16,0.12969812302828904
8,0.25,17,0.12402044095922876
8,0.25,18,0.11856330407085025
8,0.25,19,0.11332202198729702
8,0.25,20,0.10829141212078454
8,0.25,21,0.10346590908239349
8,0.25,22,0.09883965986679999
8,0.25,23,0.09440660600900778
8,0.25,24,0.09016055396687872
8,0.25,25,0.0860952349759955
8,0.25,26,0.08220435557424177
8,0.25,27,0.07848163991835475
8,0.25,28,0.07492086492522985
8,0.25,29,0.07151588917518968
8,0.25,30,0.06826067641842176
8,0.25,31,0.06514931443304381
8,0.25,32,0.06217602989604502
8,0.25,33,0.05933519984793233
8,0.25,34,0.05662136025883024
8,0.25,35,0.054029212138109885
8,0.25,36,0.05155362557112246
8,0.25,37,0.049189642014858405
8,0.25,38,0.04693247513882238
8,0.25,39,0.04477751045753483
8,0.25,40,0.04272030396626945
8,0.25,41,0.040756579961355795
8,0.25,42,0.03888222820009593
8,0.25,43,0.03709330053258196
8,0.25,44,0.03538600711802216
8,0.25,45,0.03375671232119529
8,0.25,46,0.0322019303700082
8,0.25,47,0.030718320842523097
8,0.25,48,0.02930268404097793
8,0.25,49,0.027951956301009488
8,0.25,50,0.02666320527629761
8,0.25,51,0.025433625232000424
8,0.25,52,0.02426053237448922
8,0.25,53,0.023141360239881024
8,0.25,54,0.022073655159590987
8,0.25,55,0.021055071817482764
8,0.25,56,0.020083368910096187
8,0.25,57,0.019156404918801214
8,0.25,58,0.018272134000500217
8,0.25,59,0.017428602001620375
8,0.25,60,0.016623942598555548
8,0.25,61,0.015856373566390157
8,0.25,62,0.015124193176630132
8,0.25,63,0.014425776723746448
8,0.25,64,0.01375957317957808
8,0.25,65,0.013124101974020091
8,0.25,66,0.012517949899918881
8,0.25,67,0.011939768139693142
8,0.25,68,0.011388269410880716
8,0.25,69,0.01086222522756568
8,0.25,70,0.010360463274455337
8,0.25,71,0.009881864890244063
8,0.25,72,0.0094253626568118
8,0.25,73,0.008989938090752525
8,0.25,74,0.0085746194337061
8,0.25,75,0.00817847953797046
8,0.25,76,0.007800633843895681
8,0.25,77,0.007440238445603143
8,0.25,78,0.007096488241628893
8,0.25,79,0.006768615167157166
8,0.25,80,0.006455886504585927
8,0.25,81,0.006157603269248991
8,0.25,82,0.00587309866720717
8,0.25,83,0.005601736622112505
8,0.25,84,0.005342910368243832
8,0.25,85,0.005096041106907581
8,0.25,86,0.004860576723494048
8,0.25,87,0.004635990562575731
8,0.25,88,0.004421780258529951
8,0.25,89,0.004217466619262606
8,0.25,90,0.004022592560703002
8,0.25,91,0.003836722089830975
8,0.25,92,0.0036594393340868055
8,0.25,93,0.0034903476151013782
8,0.25,94,0.003329068564768707
8,0.25,95,0.0031752412817650285
8,0.25,96,0.0030285215266982342
8,0.25,97,0.002888580954148356
8,0.25,98,0.00275510637993413
8,0.25,99,0.0026277990820123393
8,0.25,100,0.0025063741334857108
8,0.25,101,0.002390559766261601
8,0.25,102,0.002280096763967654
8,0.25,103,0.002174737882792023
8,0.25,104,0.002074247298974745
8,0.25,105,0.001978400081733455
8,0.25,106,0.0018869816904609003
8,0.25,107,0.0017997874950837639
8,0.25,108,0.0017166223185221352
8,0.25,109,0.0016373000002367231
8,0.25,110,0.0015616429798966012
8,0.25,111,0.0014894819002440117
8,0.25,112,0.0014206552282746054
8,0.25,113,0.0013550088938914999
8,0.25,114,0.0012923959452298137
8,0.25,115,0.0012326762198849096
8,0.25,116,0.0011757160313125422
8,0.25,117,0.0011213878697025116
8,0.25,118,0.0010695701166593412
8,0.25,119,0.0010201467730539945
8,0.25,120,0.000973007199439754
8,0.25,121,0.0009280458684532157
8,0.25,122,0.0008851621286478883
8,0.25,123,0.0008442599792332589
8,0.25,124,0.0008052478552163891
8,0.25,125,0.0007680384224662067
8,0.25,126,0.0007325483822427328
8,0.25,127,0.000698698284754521
8,0.25,128,0.0006664123513276951
8,0.25,129,0.000635618304789133
8,0.25,130,0.0006062472076846623
8,0.25,131,0.0005782333079705872
8,0.25,132,0.000551513891833525
8,0.25,133,0.0005260291433094446
8,0.25,134,0.0005017220103879665
8,0.25,135,0.0004785380773024464
8,0.25,136,0.00045642544272019465
8,0.25,137,0.00043533460356034846
8,0.25,138,0.00041521834417948187
8,0.25,139,0.0003960316306770377
8,0.25,140,0.00037773151008410643
8,0.25,141,0.00036027701420997965
8,0.25,142,0.0003436290679313325
8,0.25,143,0.0003277504017188101
8,0.25,144,0.0003126054682052704
8,0.25,145,0.00029816036260897535
8,0.25,146,0.0002843827468336416
8,0.25,147,0.00027124177707548385
8,0.25,148,0.0002587080347752307
8,0.25,149,0.00024675346076057916
8,0.25,150,0.00023535129243167573
8,0.25,151,0.00022447600384904102
8,0.25,152,0.00021410324858983583
8,0.25,153,0.00020420980524455846
8,0.25,154,0.00019477352543218314
8,0.25,155,0.000185773284217372
8,0.25,156,0.00017718893281877806
8,0.25,157,0.00016900125350257918
8,0.25,158,0.00016119191656027094
8,0.25,159,0.0001537434392744201
8,0.25,160,0.0001466391467805183
8,0.25,161,0.0001398631347373267
8,0.25,162,0.00013340023372214915
8,0.25,163,0.00012723597527132863
8,0.25,164,0.00012135655948994939
8,0.25,165,0.00011574882415823308
8,0.25,166,0.00011040021526547451
8,0.25,167,0.0001052987589055526
8,0.25,168,0.00010043303447110297
8,0.25,169,9.57921490863418e-05
8,0.25,170,9.13657132213089e-05
8,0.25,171,8.714381743293872e-05
8,0.25,172,8.311701018088737e-05
8,0.25,173,7.927627666846012e-05
8,0.25,174,7.561301866126551e-05
8,0.25,175,7.211903523842107e-05
8,0.25,176,6.878650443321666e-05
8,0.25,177,6.560796572213682e-05
8,0.25,178,6.257630332304059e-05
8,0.25,179,5.968473026510898e-05
8,0.25,180,5.69267731948985e-05
8,0.25,181,5.429625788448545e-05
8,0.25,182,5.1787295409259416e-05
8,0.25,183,4.939426896442217e-05
8,0.25,184,4.711182129067772e-05
8,0.25,185,4.49348426809661e-05
8,0.25,186,4.285845954138861e-05
8,0.25,187,4.0878023480717076e-05
8,0.25,188,3.8989100904065725e-05
8,0.25,189,3.718746308742156e-05
8,0.25,190,3.546907671082181e-05
8,0.25,191,3.383009482897827e-05
8,0.25,192,3.226684825913855e-05
8,0.25,193,3.0775837366901664e-05
8,0.25,194,2.935372423160378e-05
8,0.25,195,2.799732517372843e-05
8,0.25,196,2.670360362761698e-05
8,0.25,197,2.546966334352073e-05
8,0.25,198,2.4292741903780042e-05
8,0.25,199,2.3170204538610916e-05
8,0.25,200,2.209953822765445e-05
8,0.25,201,2.1078346074090728e-05
8,0.25,202,2.0104341938714176e-05
8,0.25,203,1.9175345321962298e-05
8,0.25,204,1.828927648244005e-05
8,0.25,205,1.7444151781010758e-05
8,0.25,206,1.663807924003186e-05
8,0.25,207,1.5869254307789193e-05
8,0.25,208,1.5135955818655753e-05
8,0.25,209,1.4436542139925087e-05
8,0.25,210,1.376944749669298e-05
8,0.25,211,1.3133178466562639e-05
8,0.25,212,1.2526310636327852e-05
8,0.25,213,1.1947485413141681e-05
8,0.25,214,1.1395406983041589e-05
8,0.25,215,1.0868839410013964e-05
8,0.25,216,1.0366603869110395e-05
8,0.25,217,9.887576007414445e-06
8,0.25,218,9.43068342695922e-06
8,0.25,219,8.994903283951337e-06
8,0.25,220,8.579259998937302e-06
8,0.25,221,8.182823072774435e-06
8,0.25,222,7.804705003527393e-06
8,0.25,223,7.4440592996204655e-06
8,0.25,224,7.100078584799738e-06
8,0.25,225,6.771992790662958e-06
8,0.25,226,6.4590674327100586e-06
8,0.25,227,6.16060196605524e-06
8,0.25,228,5.87592821712041e-06
8,0.25,229,5.60440888779663e-06
8,0.25,230,5.345436128726323e-06
8,0.25,231,5.098430178515117e-06
8,0.25,232,4.8628380658212405e-06
8,0.25,233,4.638132371419047e-06
8,0.25,234,4.423810047470575e-06
8,0.25,235,4.219391291349791e-06
8,0.25,236,4.024418471515144e-06
8,0.25,237,3.838455103008063e-06
8,0.25,238,3.6610848702966626e-06
8,0.25,239,3.4919106952711902e-06
8,0.25,240,3.3305538483074605e-06
8,0.25,241,3.1766531004060283e-06
8,0.25,242,3.029863914509789e-06
8,0.25,243,2.8898576741895732e-06
8,0.25,244,2.7563209479733205e-06
8,0.25,245,2.628954787666411e-06
8,0.25,246,2.5074740590989035e-06
8,0.25,247,2.391606803795082e-06
8,0.25,248,2.2810936301430576e-06
8,0.25,249,2.175687132693153e-06
8,0.25,250,2.0751513382945192e-06
8,0.25,251,1.9792611778217375e-06
8,0.25,252,1.8878019823130498e-06
8,0.25,253,1.8005690023922673e-06
8,0.25,254,1.7173669498976022e-06
8,0.25,255,1.6380095606905197e-06
8,0.25,256,1.562319177664536e-06
8,0.25,257,1.490126353029489e-06
8,0.25,258,1.421269468964407e-06
8,0.25,259,1.3555943758083197e-06
8,0.25,260,1.2929540469636403e-06
8,0.25,261,1.233208249748477e-06
8,0.25,262,1.176223231459063e-06
8,0.25,263,1.121871419937832e-06
8,0.25,264,1.0700311379768423e-06
8,0.25,265,1.0205863309213427e-06
8,0.25,266,9.734263068576994e-07
8,0.25,267,9.284454888079939e-07
8,0.25,268,8.855431783739762e-07
8,0.25,269,8.446233303059584e-07
8,0.25,270,8.055943374859625e-07
8,0.25,271,7.683688258458713e-07
8,0.25,272,7.32863458765638e-07
8,0.25,273,6.989987505058272e-07
8,0.25,274,6.666988882644051e-07
8,0.25,275,6.358915624548415e-07
8,0.25,276,6.065078048260303e-07
8,0.25,277,5.784818340643784e-07
8,0.25,278,5.517509085284107e-07
8,0.25,279,5.262551857901465e-07
8,0.25,280,5.019375886663275e-07
8,0.25,281,4.787436774382473e-07
8,0.25,282,4.5662152797920556e-07
8,0.25,283,4.355216155120696e-07
8,0.25,284,4.1539670373764556e-07
8,0.25,285,3.962017390876947e-07
8,0.25,286,3.7789374986301667e-07
8,0.25,287,3.6043175003298934e-07
8,0.25,288,3.4377664748049277e-07
8,0.25,289,3.278911564871221e-07
8,0.25,290,3.127397142603788e-07
8,0.25,291,2.9828840132086416e-07
8,0.25,292,2.8450486556514923e-07
8,0.25,293,2.7135824984100617e-07
8,0.25,294,2.588191228663224e-07
8,0.25,295,2.4685941334203414e-07
8,0.25,296,2.3545234710891899e-07
8,0.25,297,2.2457238720854492e-07
8,0.25,298,2.1419517671305573e-07
8,0.25,299,2.042974841985349e-07
8,0.25,300,1.9485715173566707e-07
8,0.25,301,1.8585304528588365e-07
8,0.25,302,1.7726500738809572e-07
8,0.25,303,1.6907381203224035e-07
8,0.25,304,1.612611216186264e-07
8,0.25,305,1.5380944590451403e-07
8,0.25,306,1.4670210285053642e-07
8,0.25,307,1.3992318127283836e-07
8,0.25,308,1.3345750522348332e-07
8,0.25,309,1.2729060001739883e-07
8,0.25,310,1.2140865982492156e-07
8,0.25,311,1.1579851676744765e-07
8,0.25,312,1.104476114382578e-07
8,0.25,313,1.0534396478419705e-07
8,0.25,314,1.0047615128970754e-07
8,0.25,315,9.583327339809678e-08
8,0.25,316,9.14049371144244e-08
8,0.25,317,8.71812287390798e-08
8,0.25,318,8.315269267048551e-08
8,0.25,319,7.931031023942921e-08
8,0.25,320,7.564547951823907e-08
8,0.25,321,7.214999606282551e-08
8,0.25,322,6.881603454701764e-08
8,0.25,323,6.563613124371218e-08
8,0.25,324,6.260316731379044e-08
8,0.25,325,5.971035287247615e-08
8,0.25,326,5.6951211785762e-08
8,0.25,327,5.431956717445272e-08
8,0.25,328,5.180952758471936e-08
8,0.25,329,4.941547380033925e-08
8,0.25,330,4.713204626158837e-08
8,0.25,331,4.4954133067739355e-08
8,0.25,332,4.287685853155624e-08
8,0.25,333,4.089557226616579e-08
8,0.25,334,3.9005838773176386e-08
8,0.25,335,3.7203427512880084e-08
8,0.25,336,3.548430343330109e-08
8,0.25,337,3.3844617937923834e-08
8,0.25,338,3.228070026825853e-08
8,0.25,339,3.078904928778817e-08
8,0.25,340,2.9366325642370604e-08
8,0.25,341,2.8009344285732337e-08
8,0.25,342,2.6715067348676907e-08
8,0.25,343,2.5480597337771152e-08
8,0.25,344,2.430317064981105e-08
8,0.25,345,2.3180151383502566e-08
8,0.25,346,2.2109025439568305e-08
8,0.25,347,2.108739489243009e-08
8,0.25,348,2.0112972621449846e-08
8,0.25,349,1.918357719083264e-08
8,0.25,350,1.829712796610565e-08
8,0.25,351,1.7451640456732028e-08
8,0.25,352,1.6645221872512187e-08
8,0.25,353,1.5876066887419793e-08
8,0.25,354,1.5142453597204887e-08
8,0.25,355,1.4442739663677785e-08
8,0.25,356,1.377535864015615e-08
8,0.25,357,1.3138816462945528e-08
8,0.25,358,1.2531688107664034e-08
8,0.25,359,1.1952614398352618e-08
8,0.25,360,1.1400298964507141e-08
8,0.25,361,1.0873505338983187e-08
8,0.25,362,1.037105419146461e-08
8,0.25,363,9.891820686033953e-09
8,0.25,364,9.434731964272382e-09
8,0.25,365,8.998764743275872e-09
8,0.25,366,8.58294302509696e-09
8,0.25,367,8.186335910653027e-09
8,0.25,368,7.808055517561495e-09
8,0.25,369,7.447254990634131e-09
8,0.25,370,7.1031266069893716e-09
8,0.25,371,6.774899967408909e-09
8,0.25,372,6.4618402722283785e-09
8,0.25,373,6.163246675974203e-09
8,0.25,374,5.878450718023592e-09
8,0.25,375,5.606814827047785e-09
8,0.25,376,5.347730892426881e-09
8,0.25,377,5.100618904144887e-09
8,0.25,378,4.864925653057245e-09
8,0.25,379,4.640123493889833e-09
8,0.25,380,4.425709162455231e-09
8,0.25,381,4.221202650446929e-09
8,0.25,382,4.026146129901871e-09
8,0.25,383,3.840102928317372e-09
8,0.25,384,3.662656551369269e-09
8,0.25,385,3.493409750677769e-09
8,0.25,386,3.3319836341951488e-09
8,0.25,387,3.1780168176046165e-09
8,0.25,388,3.031164616067562e-09
8,0.25,389,2.8910982720466392e-09
8,0.25,390,2.7575042189621355e-09
8,0.25,391,2.6300833813185758e-09
8,0.25,392,2.5085505020187444e-09
8,0.25,393,2.392633505567144e-09
8,0.25,394,2.2820728891234177e-09
8,0.25,395,2.176621141401016e-09
8,0.25,396,2.0760421876718983e-09
8,0.25,397,1.9801108623475305e-09
8,0.25,398,1.888612404114438e-09
8,0.25,399,1.8013419756190917e-09
8,0.25,400,1.718104204913412e-09
8,0.25,401,1.638712747919799e-09
8,0.25,402,1.5629898713851328e-09
8,0.25,403,1.4907660551258242e-09
8,0.25,404,1.4218796110381092e-09
8,0.25,405,1.3561763239333862e-09
8,0.25,406,1.2935091035663666e-09
8,0.25,407,1.233737657878207e-09
8,0.25,408,1.1767281761590097e-09
8,0.25,409,1.1223530318685892e-09
8,0.25,410,1.0704904952855028e-09
8,0.25,411,1.0210244619114073e-09
8,0.25,412,9.738441922000588e-10
8,0.25,413,9.288440641263887e-10
8,0.25,414,8.859233363924037e-10
8,0.25,415,8.449859215645945e-10
8,0.25,416,8.059401738504482e-10
8,0.25,417,7.686986817615486e-10
8,0.25,418,7.331780723578267e-10
8,0.25,419,6.99298825973489e-10
8,0.25,420,6.66985097604564e-10
8,0.25,421,6.361645463597095e-10
8,0.25,422,6.067681743058412e-10
8,0.25,423,5.787301723306457e-10
8,0.25,424,5.51987771456828e-10
8,0.25,425,5.264811036723135e-10
8,0.25,426,5.021530671168564e-10
8,0.25,427,4.789491987032057e-10
8,0.25,428,4.568175522398514e-10
8,0.25,429,4.3570858160680007e-10
8,0.25,430,4.1557503029297756e-10
8,0.25,431,3.9637182541592865e-10
8,0.25,432,3.780559765201136e-10
8,0.25,433,3.605864804761247e-10
8,0.25,434,3.439242278389672e-10
8,0.25,435,3.280319171844004e-10
8,0.25,436,3.128739707794326e-10
8,0.25,437,2.984164539488734e-10
8,0.25,438,2.8462700090217167e-10
8,0.25,439,2.7147474149335426e-10
8,0.25,440,2.589302318164395e-10
8,0.25,441,2.469653880976085e-10
8,0.25,442,2.355534245866563e-10
8,0.25,443,2.2466879403345441e-10
8,0.25,444,2.142871287119767e-10
8,0.25,445,2.0438518716868172e-10
8,0.25,446,1.9494080207222492e-10
8,0.25,447,1.8593283015026802e-10
8,0.25,448,1.7734110532333742e-10
8,0.25,449,1.691463936615726e-10
8,0.25,450,1.6133034937933065e-10
8,0.25,451,1.5387547476478416e-10
8,0.25,452,1.4676508089873264e-10
8,0.25,453,1.39983249123167e-10
8,0.25,454,1.3351479773238048e-10
8,0.25,455,1.2734524495188106e-10
8,0.25,456,1.214607798398906e-10
8,0.25,457,1.158482285722369e-10
8,0.25,458,1.104950258824478e-10
8,0.25,459,1.0538918827678565e-10
8,0.25,460,1.0051928529255524e-10
8,0.25,461,9.587441427516448e-11
8,0.25,462,9.144417693674922e-11
8,0.25,463,8.721865535214329e-11
8,0.25,464,8.31883900224117e-11
8,0.25,465,7.934435782090089e-11
8,0.25,466,7.567795347059925e-11
8,0.25,467,7.218096934554437e-11
8,0.25,468,6.884557662910475e-11
8,0.25,469,6.566430810823664e-11
8,0.25,470,6.263004252191754e-11
8,0.25,471,5.973598639618344e-11
8,0.25,472,5.697566077727816e-11
8,0.25,473,5.4342886719949314e-11
8,0.25,474,5.183176976660614e-11
8,0.25,475,4.943668815154927e-11
8,0.25,476,4.715228020721025e-11
8,0.25,477,4.497343187966201e-11
8,0.25,478,4.289526573571562e-11
8,0.25,479,4.091312895841102e-11
8,0.25,480,3.9022584024401366e-11
8,0.25,481,3.7219398806634154e-11
8,0.25,482,3.549953665148117e-11
8,0.25,483,3.3859147125484344e-11
8,0.25,484,3.229455791865363e-11
8,0.25,485,3.080226680565539e-11
8,0.25,486,2.9378932274217815e-11
8,0.25,487,2.8021368438507748e-11
8,0.25,488,2.6726535870029962e-11
8,0.25,489,2.549153618295609e-11
8,0.25,490,2.431360411462956e-11
8,0.25,491,2.3190102777602796e-11
8,0.25,492,2.2118517240876807e-11
8,0.25,493,2.1096448258606378e-11
8,0.25,494,2.0121607700148836e-11
8,0.25,495,1.9191813341248602e-11
8,0.25,496,1.830498322177315e-11
8,0.25,497,1.7459132887647376e-11
8,0.25,498,1.6652368086937854e-11
8,0.25,499,1.5882882861830967e-11
8,0.25,500,1.5148954440037524e-11
8,0.25,501,1.4448940289822982e-11
8,0.25,502,1.3781272546728574e-11
8,0.25,503,1.3144456882292743e-11
8,0.25,504,1.2537067959889534e-11
8,0.25,505,1.1957745638192125e-11
8,0.25,506,1.1405192925714305e-11
8,0.25,507,1.087817282331844e-11
8,0.25,508,1.0375506191959781e-11
8,0.25,509,9.896066951486e-12
8,0.25,510,9.438782203250125e-12
8,0.25,511,9.002627489367111e-12
8,0.25,512,8.586627146233295e-12
8,0.25,513,8.189849956616507e-12
8,0.25,514,7.81140727428219e-12
8,0.25,515,7.45045193627761e-12
8,0.25,516,7.106175841823059e-12
8,0.25,517,6.777808172675564e-12
8,0.25,518,6.464614396363778e-12
8,0.25,519,6.165892543703579e-12
8,0.25,520,5.880974182718926e-12
8,0.25,521,5.609221874419709e-12
8,0.25,522,5.350026755790723e-12
8,0.25,523,5.102808498771698e-12
8,0.25,524,4.867013883509554e-12
8,0.25,525,4.642115096003345e-12
8,0.25,526,4.427608457811658e-12
8,0.25,527,4.223014260108712e-12
8,0.25,528,4.027874177424804e-12
8,0.25,529,3.8417512393125876e-12
8,0.25,530,3.664228936068302e-12
8,0.25,531,3.494909154860509e-12
8,0.25,532,3.333414035444037e-12
8,0.25,533,3.179381141139021e-12
8,0.25,534,3.032465810154895e-12
8,0.25,535,2.8923392260118383e-12
8,0.25,536,2.758687798747591e-12
8,0.25,537,2.631212230119223e-12
8,0.25,538,2.509627319434214e-12
8,0.25,539,2.393660391311193e-12
8,0.25,540,2.283052404137858e-12
8,0.25,541,2.1775553601866994e-12
8,0.25,542,2.0769333146718855e-12
8,0.25,543,1.9809607322680977e-12
8,0.25,544,1.889422833999239e-12
8,0.25,545,1.8021147124762803e-12
8,0.25,546,1.7188411852626009e-12
8,0.25,547,1.6394154412646301e-12
8,0.25,548,1.563660009943476e-12
8,0.25,549,1.49140490650841e-12
8,0.25,550,1.4224891658252835e-12
8,0.25,551,1.3567577893484836e-12
8,0.25,552,1.2940635284596781e-12
8,0.25,553,1.2342664969714516e-12
8,0.25,554,1.177232762171674e-12
8,0.25,555,1.122834394094431e-12
8,0.25,556,1.0709496857997565e-12
8,0.25,557,1.02146249527764e-12
8,0.25,558,9.742621406738762e-13
8,0.25,559,9.29242606865232e-13
8,0.25,560,8.863036999016793e-13
8,0.25,561,8.4534884775191e-13
8,0.25,562,8.062863069861815e-13
8,0.25,563,7.690289213462388e-13
8,0.25,564,7.334928515526534e-13
8,0.25,565,6.995991441793591e-13
8,0.25,566,6.672715791651597e-13
8,0.25,567,6.364379209242663e-13
8,0.25,568,6.070288517607892e-13
8,0.25,569,5.789790402806756e-13
8,0.25,570,5.522250338807952e-13
8,0.25,571,5.267072464775643e-13
8,0.25,572,5.023687243468829e-13
8,0.25,573,4.791548410338137e-13
8,0.25,574,4.570137014061659e-13
8,0.25,575,4.3589565814366326e-13
8,0.25,576,4.157533728196956e-13
8,0.25,577,3.965417004566357e-13
8,0.25,578,3.782182737427806e-13
8,0.25,579,3.6074110900853634e-13
8,0.25,580,3.440718830189172e-13
8,0.25,581,3.281729743942535e-13
8,0.25,582,3.130084693515114e-13
8,0.25,583,2.9854477021385153e-13
8,0.25,584,2.8474943877123383e-13
8,0.25,585,2.715914852517725e-13
8,0.25,586,2.590412958998285e-13
8,0.25,587,2.4707143153693514e-13
8,0.25,588,2.3565443716476824e-13
8,0.25,589,2.247652713690055e-13
8,0.25,590,2.1437893049960742e-13
8,0.25,591,2.0447270192312218e-13
8,0.25,592,1.9502448822072768e-13
8,0.25,593,1.8601260295515261e-13
8,0.25,594,1.7741731137272716e-13
8,0.25,595,1.692191715680746e-13
8,0.25,596,1.613997137310871e-13
8,0.25,597,1.5394173848685736e-13
8,0.25,598,1.4682821253983308e-13
8,0.25,599,1.4004347467628237e-13
8,0.25,600,1.3357212632611716e-13
8,0.25,601,1.274000592647965e-13
8,0.25,602,1.2151335026196384e-13
8,0.25,603,1.1589807835938988e-13
8,0.25,604,1.105427533702329e-13
8,0.25,605,1.0543472489351725e-13
8,0.25,606,1.0056266893770644e-13
8,0.25,607,9.591582771084082e-14
8,0.25,608,9.14838078382111e-14
8,0.25,609,8.725656214149591e-14
8,0.25,610,8.322454580128989e-14
8,0.25,611,7.937903818385317e-14
8,0.25,612,7.571071385304729e-14
8,0.25,613,7.221210142332149e-14
8,0.25,614,6.887488877196935e-14
8,0.25,615,6.569204674415779e-14
8,0.25,616,6.265655069810017e-14
8,0.25,617,5.97610333347088e-14
8,0.25,618,5.699953655393592e-14
8,0.25,619,5.4365879743693434e-14
8,0.25,620,5.185401785015e-14
8,0.25,621,4.9458208072165866e-14
8,0.25,622,4.717282127631066e-14
8,0.25,623,4.499303020286833e-14
8,0.25,624,4.291390201041343e-14
8,0.25,625,4.093075049959179e-14
8,0.25,626,3.903947072571212e-14
8,0.25,627,3.7235642574274933e-14
8,0.25,628,3.551524040885329e-14
8,0.25,629,3.3874092930146424e-14
8,0.25,630,3.230893129320898e-14
8,0.25,631,3.0816303150647686e-14
8,0.25,632,2.939275530009133e-14
8,0.25,633,2.8034486782244475e-14
8,0.25,634,2.6739100992209625e-14
8,0.25,635,2.5503280321248588e-14
8,0.25,636,2.4324913875145662e-14
8,0.25,637,2.3200955470310346e-14
8,0.25,638,2.2128511232331656e-14
8,0.25,639,2.1106219759299946e-14
8,0.25,640,2.0131052995925077e-14
8,0.25,641,1.92010016514194e-14
8,0.25,642,1.8313636482491858e-14
8,0.25,643,1.746717012505874e-14
8,0.25,644,1.666025152793571e-14
8,0.25,645,1.589038288606448e-14
8,0.25,646,1.515605864637765e-14
8,0.25,647,1.4455675061113602e-14
8,0.25,648,1.378753509755119e-14
8,0.25,649,1.315054699164813e-14
8,0.25,650,1.254263273347866e-14
8,0.25,651,1.1962859047698893e-14
8,0.25,652,1.141016585038454e-14
8,0.25,653,1.0882852172417134e-14
8,0.25,654,1.0379822510176927e-14
8,0.25,655,9.900209607572753e-15
8,0.25,656,9.44301609897041e-15
8,0.25,657,9.006774069974609e-15
8,0.25,658,8.59078289130022e-15
8,0.25,659,8.193683075735975e-15
8,0.25,660,7.815223944516759e-15
8,0.25,661,7.453953046382526e-15
8,0.25,662,7.109878331417017e-15
8,0.25,663,6.781099156376209e-15
8,0.25,664,6.467891578349453e-15
8,0.25,665,6.168956600443253e-15
8,0.25,666,5.8839275373467766e-15
8,0.25,667,5.6117621486243425e-15
8,0.25,668,5.35251113994764e-15
8,0.25,669,5.105008375271588e-15
8,0.25,670,4.869186859438948e-15
8,0.25,671,4.6441155853123544e-15
8,0.25,672,4.4296039855017e-15
8,0.25,673,4.2247771315959915e-15
8,0.25,674,4.029497730995178e-15
8,0.25,675,3.843288411034015e-15
8,0.25,676,3.665695667680519e-15
8,0.25,677,3.4962886721043075e-15
8,0.25,678,3.334484664568918e-15
8,0.25,679,3.180250440367505e-15
8,0.25,680,3.0332075103333698e-15
8,0.25,681,2.893169782105746e-15
8,0.25,682,2.75961352324671e-15
8,0.25,683,2.632214660287833e-15
8,0.25,684,2.5108387957817046e-15
8,0.25,685,2.3948378351104915e-15
8,0.25,686,2.284289977777644e-15
8,0.25,687,2.1787490962686456e-15
8,0.25,688,2.078138314139902e-15
8,0.25,689,1.9820376540748024e-15
8,0.25,690,1.8905685546653602e-15
8,0.25,691,1.8034994378787924e-15
8,0.25,692,1.7200898875411621e-15
8,0.25,693,1.6406773423728157e-15
8,0.25,694,1.5647150074200935e-15
8,0.25,695,1.49237731686741e-15
8,0.25,696,1.4234830384947627e-15
8,0.25,697,1.357513056997955e-15
8,0.25,698,1.2946681022283898e-15
8,0.25,699,1.234965395197303e-15
8,0.25,700,1.1779008788225753e-15
8,0.25,701,1.1233426435713884e-15
8,0.25,702,1.0715123200827609e-15
8,0.25,703,1.0222735127685648e-15
8,0.25,704,9.75149701124883e-16
8,0.25,705,9.3003513536819e-16
8,0.25,706,8.868293532041364e-16
8,0.25,707,8.457838601482854e-16
8,0.25,708,8.06790641745227e-16
8,0.25,709,7.695736119147238e-16
8,0.25,710,7.336970165329528e-16
8,0.25,711,6.996142509202703e-16
8,0.25,712,6.670621512406242e-16
8,0.25,713,6.361376565449605e-16
8,0.25,714,6.067593865840799e-16
8,0.25,715,5.786765577736457e-16
8,0.25,716,5.519978704037333e-16
8,0.25,717,5.263061727071211e-16
8,0.25,718,5.018990598953396e-16
8,0.25,719,4.787123027241471e-16
8,0.25,720,4.565114110639165e-16
8,0.25,721,4.354205639866975e-16
8,0.25,722,4.1538425926333943e-16
8,0.25,723,3.9634976977614924e-16
8,0.25,724,3.782670047633186e-16
8,0.25,725,3.6091490565353175e-16
8,0.25,726,3.4443041149923428e-16
8,0.25,727,3.2877014205265166e-16
8,0.25,728,3.135459413832028e-16
8,0.25,729,2.990829507472264e-16
8,0.25,730,2.853431096430488e-16
8,0.25,731,2.722902605940801e-16
8,0.25,732,2.5971658164996212e-16
8,0.25,733,2.477715866530501e-16
8,0.25,734,2.3642384140598364e-16
8,0.25,735,2.2564348342127054e-16
8,0.25,736,2.1540214333579307e-16
8,0.25,737,2.0567287025458947e-16
8,0.25,738,1.9643006082744607e-16
8,0.25,739,1.8764939187165983e-16
8,0.25,740,1.793077563636629e-16
8,0.25,741,1.7138320263106584e-16
8,0.25,742,1.6385487658509862e-16
8,0.25,743,1.5652949449383208e-16
8,0.25,744,1.4957038150712888e-16
8,0.25,745,1.4295922416976083e-16
8,0.25,746,1.3667862469926119e-16
8,0.25,747,1.3071205520228652e-16
8,0.25,748,1.2504381418016059e-16
8,0.25,749,1.1965898520914095e-16
8,0.25,750,1.1454339768667229e-16
8,0.25,751,1.0968358954032707e-16
8,0.25,752,1.0471982710610375e-16
8,0.25,753,1.0000425279359159e-16
8,0.25,754,9.552445719670504e-17
8,0.25,755,9.126865137966282e-17
8,0.25,756,8.722563585347272e-17
8,0.25,757,8.338477110359211e-17
8,0.25,758,7.973594959120554e-17
8,0.25,759,7.62695691544383e-17
8,0.25,760,7.297650773950942e-17
8,0.25,761,6.984809939532697e-17
8,0.25,762,6.687611146835365e-17
8,0.25,763,6.405272293772901e-17
8,0.25,764,6.13705038336356e-17
8,0.25,765,5.882239568474685e-17
8,0.25,766,5.640169294330254e-17
8,0.25,767,5.410202533893045e-17
8,0.25,768,5.1396924071983926e-17
8,0.25,769,4.882707786838473e-17
8,0.25,770,4.638572397496549e-17
8,0.25,771,4.406643777621721e-17
8,0.25,772,4.186311588740635e-17
8,0.25,773,3.976996009303603e-17
8,0.25,774,3.778146208838423e-17
8,0.25,775,3.589238898396501e-17
8,0.25,776,3.409776953476676e-17
8,0.25,777,3.239288105802842e-17
8,0.25,778,3.0773237005126996e-17
8,0.25,779,2.9234575154870644e-17
8,0.25,780,2.777284639712711e-17
8,0.25,781,2.6384204077270756e-17
8,0.25,782,2.5064993873407217e-17
8,0.25,783,2.3811744179736855e-17
8,0.25,784,2.262115697075001e-17
8,0.25,785,2.1490099122212508e-17
8,0.25,786,2.041559416610188e-17
8,0.25,787,1.9394814457796787e-17
8,0.25,788,1.8425073734906947e-17
8,0.25,789,1.7503820048161598e-17
8,0.25,790,1.6628629045753517e-17
8,0.25,791,1.579719759346584e-17
8,0.25,792,1.5007337713792548e-17
8,0.25,793,1.425697082810292e-17
8,0.25,794,1.3544122286697773e-17
8,0.25,795,1.2866916172362883e-17
8,0.25,796,1.2223570363744738e-17
8,0.25,797,1.16123918455575e-17
8,0.25,798,1.1031772253279625e-17
8,0.25,799,1.0480183640615643e-17
8,0.25,800,9.95617445858486e-18
8,0.25,801,9.458365735655617e-18
8,0.25,802,8.985447448872836e-18
8,0.25,803,8.536175076429193e-18
8,0.25,804,8.109366322607734e-18
8,0.25,805,7.703898006477347e-18
8,0.25,806,7.318703106153479e-18
8,0.25,807,6.952767950845805e-18
8,0.25,808,6.6051295533035146e-18
8,0.25,809,6.274873075638338e-18
8,0.25,810,5.961129421856421e-18
8,0.25,811,5.6630729507636e-18
8,0.25,812,5.3799193032254194e-18
8,0.25,813,5.110923338064148e-18
8,0.25,814,4.855377171160941e-18
8,0.25,815,4.6126083126028935e-18
8,0.25,816,4.3819778969727484e-18
8,0.25,817,4.162879002124111e-18
8,0.25,818,3.954735052017906e-18
8,0.25,819,3.75699829941701e-18
8,0.25,820,3.569148384446159e-18
8,0.25,821,3.390690965223851e-18
8,0.25,822,3.2211564169626583e-18
8,0.25,823,3.0600985961145253e-18
8,0.25,824,2.9070936663087987e-18
8,0.25,825,2.7617389829933587e-18
8,0.25,826,2.6236520338436906e-18
8,0.25,827,2.492469432151506e-18
8,0.25,828,2.3678459605439305e-18
8,0.25,829,2.249453662516734e-18
8,0.25,830,2.136980979390897e-18
8,0.25,831,2.030131930421352e-18
8,0.25,832,1.9286253339002845e-18
8,0.25,833,1.8321940672052703e-18
8,0.25,834,1.7405843638450068e-18
8,0.25,835,1.6535551456527563e-18
8,0.25,836,1.5708773883701184e-18
8,0.25,837,1.4923335189516125e-18
8,0.25,838,1.4177168430040319e-18
8,0.25,839,1.3468310008538301e-18
8,0.25,840,1.2794894508111386e-18
8,0.25,841,1.2155149782705816e-18
8,0.25,842,1.1547392293570524e-18
8,0.25,843,1.0970022678891997e-18
8,0.25,844,1.0421521544947396e-18
8,0.25,845,9.900445467700027e-19
8,0.25,846,9.405423194315025e-19
8,0.25,847,8.935152034599273e-19
8,0.25,848,8.488394432869309e-19
8,0.25,849,8.063974711225843e-19
8,0.25,850,7.660775975664551e-19
8,0.25,851,7.277737176881322e-19
8,0.25,852,6.913850318037256e-19
8,0.25,853,6.568157802135393e-19
8,0.25,854,6.239749912028623e-19
8,0.25,855,5.927762416427191e-19
8,0.25,856,5.631374295605831e-19
8,0.25,857,5.349805580825539e-19
8,0.25,858,5.082315301784261e-19
8,0.25,859,4.828199536695048e-19
8,0.25,860,4.586789559860296e-19
8,0.25,861,4.357450081867281e-19
8,0.25,862,4.1395775777739165e-19
8,0.25,863,3.9325986988852203e-19
8,0.25,864,3.735968763940959e-19
8,0.25,865,3.549170325743911e-19
8,0.25,866,3.3717118094567154e-19
8,0.25,867,3.2031262189838794e-19
8,0.25,868,3.0429699080346853e-19
8,0.25,869,2.890821412632951e-19
8,0.25,870,2.7462803420013035e-19
8,0.25,871,2.608966324901238e-19
8,0.25,872,2.478518008656176e-19
8,0.25,873,2.3545921082233674e-19
8,0.25,874,2.236862502812199e-19
8,0.25,875,2.1250193776715888e-19
8,0.25,876,2.0187684087880094e-19
8,0.25,877,1.9178299883486087e-19
8,0.25,878,1.8219384889311782e-19
8,0.25,879,1.7308415644846193e-19
8,0.25,880,1.6442994862603883e-19
8,0.25,881,1.5620845119473688e-19
8,0.25,882,1.4839802863500002e-19
8,0.25,883,1.4097812720325001e-19
8,0.25,884,1.339292208430875e-19
8,0.25,885,1.2723275980093313e-19
8,0.25,886,1.2087112181088646e-19
8,0.25,887,1.1482756572034212e-19
8,0.25,888,1.09086187434325e-19
8,0.25,889,1.0363187806260875e-19
8,0.25,890,9.845028415947831e-20
8,0.25,891,9.352776995150438e-20
8,0.25,892,8.885138145392916e-20
8,0.25,893,8.44088123812327e-20
8,0.25,894,8.018837176217106e-20
8,0.25,895,7.617895317406251e-20
8,0.25,896,7.237000551535939e-20
8,0.25,897,6.875150523959142e-20
8,0.25,898,6.531392997761185e-20
8,0.25,899,6.204823347873125e-20
8,0.25,900,5.894582180479469e-20
8,0.25,901,5.599853071455494e-20
8,0.25,902,5.319860417882719e-20
8,0.25,903,5.053867396988583e-20
8,0.25,904,4.8011740271391536e-20
8,0.25,905,4.5611153257821954e-20
8,0.25,906,4.333059559493085e-20
8,0.25,907,4.116406581518431e-20
8,0.25,908,3.910586252442509e-20
8,0.25,909,3.7150569398203835e-20
8,0.25,910,3.5293040928293645e-20
8,0.25,911,3.352838888187896e-20
8,0.25,912,3.185196943778501e-20
8,0.25,913,3.0259370965895755e-20
8,0.25,914,2.8746402417600966e-20
8,0.25,915,2.730908229672092e-20
8,0.25,916,2.594362818188487e-20
8,0.25,917,2.4646446772790626e-20
8,0.25,918,2.3414124434151092e-20
8,0.25,919,2.2243418212443538e-20
8,0.25,920,2.113124730182136e-20
8,0.25,921,2.007468493673029e-20
8,0.25,922,1.9070950689893774e-20
8,0.25,923,1.8117403155399085e-20
8,0.25,924,1.721153299762913e-20
8,0.25,925,1.635095634774767e-20
8,0.25,926,1.5533408530360287e-20
8,0.25,927,1.4756738103842273e-20
8,0.25,928,1.4018901198650158e-20
8,0.25,929,1.331795613871765e-20
8,0.25,930,1.2652058331781767e-20
8,0.25,931,1.2019455415192679e-20
8,0.25,932,1.1418482644433045e-20
8,0.25,933,1.0847558512211392e-20
8,0.25,934,1.0305180586600822e-20
8,0.25,935,9.78992155727078e-21
8,0.25,936,9.300425479407241e-21
8,0.25,937,8.835404205436878e-21
8,0.25,938,8.393633995165034e-21
8,0.25,939,7.973952295406782e-21
8,0.25,940,7.575254680636443e-21
8,0.25,941,7.196491946604621e-21
8,0.25,942,6.83666734927439e-21
8,0.25,943,6.4948339818106695e-21
8,0.25,944,6.170092282720136e-21
8,0.25,945,5.861587668584129e-21
8,0.25,946,5.568508285154922e-21
8,0.25,947,5.290082870897176e-21
8,0.25,948,5.025578727352317e-21
8,0.25,949,4.7742997909847e-21
8,0.25,950,4.535584801435465e-21
8,0.25,951,4.3088055613636915e-21
8,0.25,952,4.093365283295507e-21
8,0.25,953,3.8886970191307316e-21
8,0.25,954,3.694262168174195e-21
8,0.25,955,3.509549059765485e-21
8,0.25,956,3.3340716067772108e-21
8,0.25,957,3.16736802643835e-21
8,0.25,958,3.0089996251164323e-21
8,0.25,959,2.8585496438606106e-21
8,0.25,960,2.71562216166758e-21
8,0.25,961,2.5798410535842008e-21
8,0.25,962,2.4508490009049905e-21
8,0.25,963,2.3283065508597408e-21
8,0.25,964,2.2118912233167535e-21
8,0.25,965,2.1012966621509156e-21
8,0.25,966,1.9962318290433696e-21
8,0.25,967,1.896420237591201e-21
8,0.25,968,1.8015992257116407e-21
8,0.25,969,1.7115192644260587e-21
8,0.25,970,1.6259433012047557e-21
8,0.25,971,1.5446461361445178e-21
8,0.25,972,1.4674138293372918e-21
8,0.25,973,1.3940431378704271e-21
8,0.25,974,1.3243409809769057e-21
8,0.25,975,1.2581239319280603e-21
8,0.25,976,1.1952177353316572e-21
8,0.25,977,1.1354568485650743e-21
8,0.25,978,1.0786840061368206e-21
8,0.25,979,1.0247498058299796e-21
8,0.25,980,9.735123155384807e-22
8,0.25,981,9.248366997615565e-22
8,0.25,982,8.785948647734787e-22
8,0.25,983,8.346651215348047e-22
8,0.25,984,7.929318654580644e-22
8,0.25,985,7.532852721851612e-22
8,0.25,986,7.156210085759031e-22
8,0.25,987,6.798399581471079e-22
8,0.25,988,6.458479602397525e-22
8,0.25,989,6.135555622277649e-22
8,0.25,990,5.828777841163766e-22
8,0.25,991,5.537338949105577e-22
8,0.25,992,5.260472001650298e-22
8,0.25,993,4.9974484015677825e-22
8,0.25,994,4.747575981489393e-22
8,0.25,995,4.510197182414924e-22
8,0.25,996,4.284687323294177e-22
8,0.25,997,4.070452957129468e-22
8,0.25,998,3.8669303092729946e-22
8,0.25,999,3.673583793809345e-22
8,0.25,1000,3.4899046041188774e-22
8,0.75,0,0.75
8,0.75,1,0.7554633300943421
8,0.75,2,0.7608680724884437
8,0.75,3,0.7662051281337265
8,0.75,4,0.7714660763990608
8,0.75,5,0.7766432179920991
8,0.75,6,0.7817296029356658
8,0.75,7,0.7867190444726697
8,0.75,8,0.7916061201353575
8,0.75,9,0.7963861614660732
8,0.75,10,0.8010552340224831
8,0.75,11,0.805610109352242
8,0.75,12,0.8100482305960103
8,0.75,13,0.8143676732909292
8,0.75,14,0.8185671028163698
8,0.75,15,0.8226457297658267
8,0.75,16,0.826603264356828
8,0.75,17,0.8304398708157056
8,0.75,18,0.8341561225043828
8,0.75,19,0.837752958397891
8,0.75,20,0.8412316413779115
8,0.75,21,0.8445937186812387
8,0.75,22,0.847840984733343
8,0.75,23,0.850975446505808
8,0.75,24,0.8539992914612861
8,0.75,25,0.8569148580893039
8,0.75,26,0.8597246089890597
8,0.75,27,0.862431106419535
8,0.75,28,0.8650369902110839
8,0.75,29,0.8675449579145387
8,0.75,30,0.8699577470523302
8,0.75,31,0.8722781193298638
8,0.75,32,0.8745088466632882
8,0.75,33,0.8766526988809066
8,0.75,34,0.8787124329589826
8,0.75,35,0.880690783657956
8,0.75,36,0.8825904554315444
8,0.75,37,0.8844141154884562
8,0.75,38,0.8861643878941299
8,0.75,39,0.8878438486077882
8,0.75,40,0.8894550213579502
8,0.75,41,0.8910003742672362
8,0.75,42,0.8924823171447199
8,0.75,43,0.8939031993711599
8,0.75,44,0.895265308309128
8,0.75,45,0.8965708681763183
8,0.75,46,0.8978220393261617
8,0.75,47,0.8990209178852777
8,0.75,48,0.9001695357022828
8,0.75,49,0.9012698605670579
8,0.75,50,0.9023237966637708
8,0.75,51,0.9033331852247746
8,0.75,52,0.9042998053559925
8,0.75,53,0.9052253750075588
8,0.75,54,0.9061115520663551
8,0.75,55,0.9069599355496771
8,0.75,56,0.9077720668816082
8,0.75,57,0.9085494312357884
8,0.75,58,0.9092934589301723
8,0.75,59,0.9100055268610778
8,0.75,60,0.9106869599653645
8,0.75,61,0.9113390327009615
8,0.75,62,0.9119629705371953
8,0.75,63,0.912559951447478
8,0.75,64,0.913131107397901
8,0.75,65,0.913677525826164
8,0.75,66,0.9142002511060554
8,0.75,67,0.9147002859934006
8,0.75,68,0.9151785930500195
8,0.75,69,0.9156360960427885
8,0.75,70,0.9160736813153936
8,0.75,71,0.9164921991307955
8,0.75,72,0.916892464982816
8,0.75,73,0.9172752608755903
8,0.75,74,0.9176413365699341
8,0.75,75,0.9179914107959316
8,0.75,76,0.9183261724312876
8,0.75,77,0.9186462816451821
8,0.75,78,0.9189523710075466
8,0.75,79,0.9192450465638291
8,0.75,80,0.9195248888754508
8,0.75,81,0.9197924540262667
8,0.75,82,0.9200482745954417
8,0.75,83,0.9202928605972349
8,0.75,84,0.9205267003882555
8,0.75,85,0.9207502615428074
8,0.75,86,0.9209639916969923
8,0.75,87,0.921168319362276
8,0.75,88,0.9213636547092533
8,0.75,89,0.9215503903223726
8,0.75,90,0.921728901926395
8,0.75,91,0.9218995490853774
8,0.75,92,0.9220626758749753
8,0.75,93,0.9222186115288622
8,0.75,94,0.9223676710600651
8,0.75,95,0.9225101558580076
8,0.75,96,0.9226463542620493
8,0.75,97,0.9227765421122991
8,0.75,98,0.9229009832784694
8,0.75,99,0.9230199301675265
8,0.75,100,0.9231336242108777
8,0.75,101,0.9232422963318222
8,0.75,102,0.9233461673939729
8,0.75,103,0.9234454486313455
8,0.75,104,0.9235403420607886
8,0.75,105,0.9236310408774133
8,0.75,106,0.9237177298336626
8,0.75,107,0.9238005856026418
8,0.75,108,0.9238797771263138
8,0.75,109,0.9239554659491438
8,0.75,110,0.9240278065377605
8,0.75,111,0.9240969465871814
8,0.75,112,0.9241630273141341
8,0.75,113,0.9242261837379854
8,0.75,114,0.9242865449497731
8,0.75,115,0.9243442343698203
8,0.75,116,0.9243993699943914
8,0.75,117,0.924452064631836
8,0.75,118,0.9245024261286489
8,0.75,119,0.924550557585859
8,0.75,120,0.9245965575661458
8,0.75,121,0.9246405202920641
8,0.75,122,0.9246825358357484
8,0.75,123,0.9247226903004485
8,0.75,124,0.9247610659942378
8,0.75,125,0.9247977415962225
8,0.75,126,0.9248327923155658
8,0.75,127,0.9248662900436287
8,0.75,128,0.9248983034995188
8,0.75,129,0.9249288983693256
8,0.75,130,0.9249581374393088
8,0.75,131,0.9249860807232984
8,0.75,132,0.9250127855845508
8,0.75,133,0.9250383068522994
8,0.75,134,0.9250626969332242
8,0.75,135,0.9250860059180598
8,0.75,136,0.9251082816835499
8,0.75,137,0.9251295699899462
8,0.75,138,0.9251499145742471
8,0.75,139,0.925169357239355
8,0.75,140,0.9251879379393331
8,0.75,141,0.9252056948609256
8,0.75,142,0.9252226645015074
8,0.75,143,0.9252388817436132
8,0.75,144,0.9252543799261989
8,0.75,145,0.9252691909127723
8,0.75,146,0.9252833451565342
8,0.75,147,0.9252968717626558
8,0.75,148,0.9253097985478187
8,0.75,149,0.9253221520971365
8,0.75,150,0.9253339578185729
8,0.75,151,0.9253452399949638
8,0.75,152,0.9253560218337498
8,0.75,153,0.9253663255145181
8,0.75,154,0.9253761722344502
8,0.75,155,0.9253855822517661
8,0.75,156,0.9253945749272537
8,0.75,157,0.9254031687639672
8,0.75,158,0.9254113814451737
8,0.75,159,0.9254192298706261
8,0.75,160,0.9254267301912354
8,0.75,161,0.9254338978422126
8,0.75,162,0.9254407475747461
8,0.75,163,0.9254472934862821
8,0.75,164,0.9254535490494654
8,0.75,165,0.9254595271398041
8,0.75,166,0.9254652400621092
8,0.75,167,0.9254706995757679
8,0.75,168,0.9254759169188985
8,0.75,169,0.9254809028314375
8,0.75,170,0.9254856675772062
8,0.75,171,0.9254902209650018
8,0.75,172,0.9254945723687543
8,0.75,173,0.9254987307467931
8,0.75,174,0.9255027046602603
8,0.75,175,0.9255065022907101
8,0.75,176,0.9255101314569283
8,0.75,177,0.9255135996310084
8,0.75,178,0.9255169139537155
8,0.75,179,0.9255200812491701
8,0.75,180,0.9255231080388824
8,0.75,181,0.9255260005551644
8,0.75,182,0.925528764753949
8,0.75,183,0.9255314063270401
8,0.75,184,0.9255339307138218
8,0.75,185,0.9255363431124478
8,0.75,186,0.9255386484905355
8,0.75,187,0.9255408515953866
8,0.75,188,0.9255429569637545
8,0.75,189,0.9255449689311795
8,0.75,190,0.92554689164091
8,0.75,191,0.9255487290524278
8,0.75,192,0.9255504849495977
8,0.75,193,0.9255521629484533
8,0.75,194,0.9255537665046397
8,0.75,195,0.9255552989205253
8,0.75,196,0.9255567633519992
8,0.75,197,0.9255581628149665
8,0.75,198,0.9255595001915564
8,0.75,199,0.9255607782360545
8,0.75,200,0.9255619995805727
8,0.75,201,0.9255631667404676
8,0.75,202,0.9255642821195177
8,0.75,203,0.9255653480148732
8,0.75,204,0.9255663666217844
8,0.75,205,0.9255673400381208
8,0.75,206,0.9255682702686914
8,0.75,207,0.9255691592293709
8,0.75,208,0.9255700087510452
8,0.75,209,0.9255708205833805
8,0.75,210,0.9255715963984261
8,0.75,211,0.9255723377940571
8,0.75,212,0.9255730462972643
8,0.75,213,0.9255737233672985
8,0.75,214,0.9255743703986753
8,0.75,215,0.9255749887240464
8,0.75,216,0.9255755796169441
8,0.75,217,0.9255761442944033
8,0.75,218,0.9255766839194677
8,0.75,219,0.9255771996035851
8,0.75,220,0.9255776924088961
8,0.75,221,0.9255781633504211
8,0.75,222,0.9255786133981506
8,0.75,223,0.9255790434790431
8,0.75,224,0.9255794544789334
8,0.75,225,0.9255798472443575
8,0.75,226,0.9255802225842956
8,0.75,227,0.9255805812718381
8,0.75,228,0.9255809240457777
8,0.75,229,0.9255812516121315
8,0.75,230,0.9255815646455939
8,0.75,231,0.9255818637909274
8,0.75,232,0.9255821496642894
8,0.75,233,0.9255824228545017
8,0.75,234,0.925582683924263
8,0.75,235,0.9255829334113082
8,0.75,236,0.9255831718295153
8,0.75,237,0.9255833996699643
8,0.75,238,0.925583617401948
8,0.75,239,0.925583825473939
8,0.75,240,0.9255840243145137
8,0.75,241,0.9255842143332339
8,0.75,242,0.9255843959214913
8,0.75,243,0.9255845694533135
8,0.75,244,0.9255847352861337
8,0.75,245,0.9255848937615279
8,0.75,246,0.9255850452059172
8,0.75,247,0.9255851899312414
8,0.75,248,0.9255853282356006
8,0.75,249,0.9255854604038694
8,0.75,250,0.9255855867082835
8,0.75,251,0.9255857074090011
8,0.75,252,0.925585822754638
8,0.75,253,0.9255859329827796
8,0.75,254,0.9255860383204711
8,0.75,255,0.9255861389846844
8,0.75,256,0.9255862351827652
8,0.75,257,0.9255863271128598
8,0.75,258,0.9255864149643239
8,0.75,259,0.9255864989181122
8,0.75,260,0.9255865791471507
8,0.75,261,0.925586655816694
8,0.75,262,0.9255867290846643
8,0.75,263,0.9255867991019778
8,0.75,264,0.925586866012855
8,0.75,265,0.9255869299551177
8,0.75,266,0.9255869910604733
8,0.75,267,0.9255870494547855
8,0.75,268,0.9255871052583344
8,0.75,269,0.9255871585860633
8,0.75,270,0.9255872095478159
8,0.75,271,0.9255872582485627
8,0.75,272,0.9255873047886167
8,0.75,273,0.9255873492638408
8,0.75,274,0.9255873917658446
8,0.75,275,0.9255874323821731
8,0.75,276,0.9255874711964877
8,0.75,277,0.9255875082887375
8,0.75,278,0.9255875437353249
8,0.75,279,0.9255875776092626
8,0.75,280,0.9255876099803236
8,0.75,281,0.9255876409151859
8,0.75,282,0.9255876704775686
8,0.75,283,0.9255876987283643
8,0.75,284,0.9255877257257638
8,0.75,285,0.925587751525376
8,0.75,286,0.9255877761803429
8,0.75,287,0.9255877997414488
8,0.75,288,0.9255878222572245
8,0.75,289,0.9255878437740479
8,0.75,290,0.9255878643362393
8,0.75,291,0.9255878839861528
8,0.75,292,0.9255879027642628
8,0.75,293,0.9255879207092487
8,0.75,294,0.9255879378580734
8,0.75,295,0.92558795424606
8,0.75,296,0.9255879699069643
8,0.75,297,0.9255879848730448
8,0.75,298,0.9255879991751285
8,0.75,299,0.9255880128426746
8,0.75,300,0.9255880259038357
8,0.75,301,0.9255880383855151
8,0.75,302,0.9255880503134224
8,0.75,303,0.9255880617121268
8,0.75,304,0.9255880726051073
8,0.75,305,0.9255880830148013
8,0.75,306,0.9255880929626507
8,0.75,307,0.9255881024691457
8,0.75,308,0.9255881115538681
8,0.75,309,0.9255881202355305
8,0.75,310,0.9255881285320153
8,0.75,311,0.9255881364604118
8,0.75,312,0.9255881440370507
8,0.75,313,0.9255881512775385
8,0.75,314,0.925588158196789
8,0.75,315,0.9255881648090545
8,0.75,316,0.925588171127955
8,0.75,317,0.9255881771665061
8,0.75,318,0.9255881829371461
8,0.75,319,0.9255881884517612
8,0.75,320,0.9255881937217104
8,0.75,321,0.9255881987578489
8,0.75,322,0.9255882035705502
8,0.75,323,0.9255882081697272
8,0.75,324,0.9255882125648535
8,0.75,325,0.925588216764982
8,0.75,326,0.9255882207787643
8,0.75,327,0.925588224614468
8,0.75,328,0.9255882282799938
8,0.75,329,0.9255882317828918
8,0.75,330,0.9255882351303776
8,0.75,331,0.925588238329346
8,0.75,332,0.9255882413863865
8,0.75,333,0.9255882443077958
8,0.75,334,0.9255882470995916
8,0.75,335,0.9255882497675243
8,0.75,336,0.9255882523170893
8,0.75,337,0.9255882547535382
8,0.75,338,0.9255882570818897
8,0.75,339,0.9255882593069398
8,0.75,340,0.9255882614332716
8,0.75,341,0.9255882634652647
8,0.75,342,0.9255882654071048
8,0.75,343,0.9255882672627918
8,0.75,344,0.9255882690361477
8,0.75,345,0.9255882707308255
8,0.75,346,0.9255882723503159
8,0.75,347,0.9255882738979546
8,0.75,348,0.9255882753769297
8,0.75,349,0.9255882767902873
8,0.75,350,0.9255882781409388
8,0.75,351,0.9255882794316662
8,0.75,352,0.9255882806651281
8,0.75,353,0.9255882818438652
8,0.75,354,0.9255882829703056
8,0.75,355,0.9255882840467693
8,0.75,356,0.9255882850754737
8,0.75,357,0.9255882860585379
8,0.75,358,0.9255882869979867
8,0.75,359,0.9255882878957551
8,0.75,360,0.9255882887536924
8,0.75,361,0.9255882895735656
8,0.75,362,0.9255882903570638
8,0.75,363,0.9255882911058007
8,0.75,364,0.9255882918213185
8,0.75,365,0.9255882925050911
8,0.75,366,0.9255882931585269
8,0.75,367,0.9255882937829718
8,0.75,368,0.925588294379712
8,0.75,369,0.9255882949499769
8,0.75,370,0.9255882954949408
8,0.75,371,0.9255882960157265
8,0.75,372,0.9255882965134066
8,0.75,373,0.9255882969890062
8,0.75,374,0.925588297443505
8,0.75,375,0.9255882978778391
8,0.75,376,0.9255882982929032
8,0.75,377,0.9255882986895523
8,0.75,378,0.9255882990686033
8,0.75,379,0.925588299430837
8,0.75,380,0.9255882997769995
8,0.75,381,0.9255883001078039
8,0.75,382,0.9255883004239316
8,0.75,383,0.9255883007260337
8,0.75,384,0.9255883010147326
8,0.75,385,0.9255883012906228
8,0.75,386,0.9255883015542725
8,0.75,387,0.925588301806225
8,0.75,388,0.9255883020469992
8,0.75,389,0.9255883022770909
8,0.75,390,0.9255883024969742
8,0.75,391,0.925588302707102
8,0.75,392,0.9255883029079071
8,0.75,393,0.9255883030998031
8,0.75,394,0.9255883032831853
8,0.75,395,0.9255883034584315
8,0.75,396,0.9255883036259024
8,0.75,397,0.9255883037859433
8,0.75,398,0.9255883039388836
8,0.75,399,0.9255883040850384
8,0.75,400,0.925588304224709
8,0.75,401,0.9255883043581827
8,0.75,402,0.9255883044857347
8,0.75,403,0.9255883046076275
8,0.75,404,0.9255883047241125
8,0.75,405,0.9255883048354292
8,0.75,406,0.9255883049418072
8,0.75,407,0.9255883050434656
8,0.75,408,0.9255883051406137
8,0.75,409,0.9255883052334517
8,0.75,410,0.9255883053221707
8,0.75,411,0.9255883054069536
8,0.75,412,0.9255883054879749
8,0.75,413,0.9255883055654015
8,0.75,414,0.9255883056393931
8,0.75,415,0.9255883057101019
8,0.75,416,0.9255883057776735
8,0.75,417,0.9255883058422472
8,0.75,418,0.9255883059039558
8,0.75,419,0.9255883059629267
8,0.75,420,0.9255883060192813
8,0.75,421,0.9255883060731356
8,0.75,422,0.9255883061246005
8,0.75,423,0.9255883061737822
8,0.75,424,0.9255883062207817
8,0.75,425,0.9255883062656961
8,0.75,426,0.9255883063086178
8,0.75,427,0.9255883063496352
8,0.75,428,0.9255883063888327
8,0.75,429,0.9255883064262912
8,0.75,430,0.9255883064620878
8,0.75,431,0.9255883064962962
8,0.75,432,0.9255883065289869
8,0.75,433,0.9255883065602272
8,0.75,434,0.9255883065900814
8,0.75,435,0.9255883066186111
8,0.75,436,0.9255883066458751
8,0.75,437,0.9255883066719294
8,0.75,438,0.9255883066968278
8,0.75,439,0.9255883067206214
8,0.75,440,0.9255883067433596
8,0.75,441,0.9255883067650887
8,0.75,442,0.9255883067858539
8,0.75,443,0.9255883068056978
8,0.75,444,0.9255883068246613
8,0.75,445,0.9255883068427835
8,0.75,446,0.9255883068601016
8,0.75,447,0.9255883068766514
8,0.75,448,0.9255883068924668
8,0.75,449,0.9255883069075806
8,0.75,450,0.925588306922024
8,0.75,451,0.9255883069358265
8,0.75,452,0.9255883069490166
8,0.75,453,0.9255883069616215
8,0.75,454,0.9255883069736672
8,0.75,455,0.9255883069851785
8,0.75,456,0.925588306996179
8,0.75,457,0.9255883070066915
8,0.75,458,0.9255883070167376
8,0.75,459,0.9255883070263379
8,0.75,460,0.9255883070355122
8,0.75,461,0.9255883070442796
8,0.75,462,0.925588307052658
8,0.75,463,0.9255883070606648
8,0.75,464,0.9255883070683162
8,0.75,465,0.9255883070756281
8,0.75,466,0.9255883070826156
8,0.75,467,0.9255883070892932
8,0.75,468,0.9255883070956745
8,0.75,469,0.9255883071017728
8,0.75,470,0.9255883071076003
8,0.75,471,0.9255883071131694
8,0.75,472,0.9255883071184914
8,0.75,473,0.9255883071235772
8,0.75,474,0.9255883071284374
8,0.75,475,0.925588307133082
8,0.75,476,0.9255883071375206
8,0.75,477,0.9255883071417622
8,0.75,478,0.9255883071458156
8,0.75,479,0.9255883071496892
8,0.75,480,0.9255883071533909
8,0.75,481,0.9255883071569284
8,0.75,482,0.925588307160309
8,0.75,483,0.9255883071635396
8,0.75,484,0.9255883071666268
8,0.75,485,0.9255883071695771
8,0.75,486,0.9255883071723964
8,0.75,487,0.9255883071750906
8,0.75,488,0.9255883071776653
8,0.75,489,0.9255883071801257
8,0.75,490,0.9255883071824771
8,0.75,491,0.9255883071847241
8,0.75,492,0.9255883071868714
8,0.75,493,0.9255883071889234
8,0.75,494,0.9255883071908844
8,0.75,495,0.9255883071927583
8,0.75,496,0.9255883071945492
8,0.75,497,0.9255883071962606
8,0.75,498,0.9255883071978961
8,0.75,499,0.925588307199459
8,0.75,500,0.9255883072009524
8,0.75,501,0.9255883072023797
8,0.75,502,0.9255883072037437
8,0.75,503,0.9255883072050473
8,0.75,504,0.9255883072062929
8,0.75,505,0.9255883072074833
8,0.75,506,0.925588307208621
8,0.75,507,0.925588307209708
8,0.75,508,0.9255883072107469
8,0.75,509,0.9255883072117397
8,0.75,510,0.9255883072126885
8,0.75,511,0.9255883072135951
8,0.75,512,0.9255883072144615
8,0.75,513,0.9255883072152895
8,0.75,514,0.9255883072160808
8,0.75,515,0.9255883072168369
8,0.75,516,0.9255883072175595
8,0.75,517,0.92558830721825
8,0.75,518,0.92558830721891
8,0.75,519,0.9255883072195406
8,0.75,520,0.9255883072201432
8,0.75,521,0.925588307220719
8,0.75,522,0.9255883072212694
8,0.75,523,0.9255883072217953
8,0.75,524,0.9255883072222979
8,0.75,525,0.9255883072227782
8,0.75,526,0.9255883072232372
8,0.75,527,0.9255883072236758
8,0.75,528,0.9255883072240949
8,0.75,529,0.9255883072244955
8,0.75,530,0.9255883072248783
8,0.75,531,0.9255883072252441
8,0.75,532,0.9255883072255937
8,0.75,533,0.9255883072259277
8,0.75,534,0.925588307226247
8,0.75,535,0.925588307226552
8,0.75,536,0.9255883072268436
8,0.75,537,0.9255883072271223
8,0.75,538,0.9255883072273885
8,0.75,539,0.925588307227643
8,0.75,540,0.9255883072278861
8,0.75,541,0.9255883072281185
8,0.75,542,0.9255883072283405
8,0.75,543,0.9255883072285527
8,0.75,544,0.9255883072287555
8,0.75,545,0.9255883072289492
8,0.75,546,0.9255883072291344
8,0.75,547,0.9255883072293114
8,0.75,548,0.9255883072294805
8,0.75,549,0.9255883072296421
8,0.75,550,0.9255883072297966
8,0.75,551,0.9255883072299442
8,0.75,552,0.9255883072300852
8,0.75,553,0.92558830723022
8,0.75,554,0.9255883072303488
8,0.75,555,0.9255883072304719
8,0.75,556,0.9255883072305895
8,0.75,557,0.925588307230702
8,0.75,558,0.9255883072308094
8,0.75,559,0.925588307230912
8,0.75,560,0.92558830723101
8,0.75,561,0.9255883072311037
8,0.75,562,0.9255883072311933
8,0.75,563,0.925588307231279
8,0.75,564,0.9255883072313609
8,0.75,565,0.925588307231439
8,0.75,566,0.9255883072315138
8,0.75,567,0.9255883072315851
8,0.75,568,0.9255883072316533
8,0.75,569,0.9255883072317185
8,0.75,570,0.9255883072317808
8,0.75,571,0.9255883072318403
8,0.75,572,0.9255883072318971
8,0.75,573,0.9255883072319515
8,0.75,574,0.9255883072320035
8,0.75,575,0.9255883072320532
8,0.75,576,0.9255883072321006
8,0.75,577,0.925588307232146
8,0.75,578,0.9255883072321894
8,0.75,579,0.9255883072322308
8,0.75,580,0.9255883072322704
8,0.75,581,0.9255883072323082
8,0.75,582,0.9255883072323443
8,0.75,583,0.9255883072323788
8,0.75,584,0.9255883072324119
8,0.75,585,0.9255883072324436
8,0.75,586,0.9255883072324738
8,0.75,587,0.9255883072325026
8,0.75,588,0.9255883072325302
8,0.75,589,0.9255883072325566
8,0.75,590,0.9255883072325818
8,0.75,591,0.9255883072326058
8,0.75,592,0.9255883072326286
8,0.75,593,0.9255883072326505
8,0.75,594,0.9255883072326715
8,0.75,595,0.9255883072326916
8,0.75,596,0.9255883072327108
8,0.75,597,0.9255883072327291
8,0.75,598,0.9255883072327467
8,0.75,599,0.9255883072327633
8,0.75,600,0.9255883072327793
8,0.75,601,0.9255883072327945
8,0.75,602,0.925588307232809
8,0.75,603,0.925588307232823
8,0.75,604,0.9255883072328364
8,0.75,605,0.9255883072328491
8,0.75,606,0.9255883072328613
8,0.75,607,0.9255883072328729
8,0.75,608,0.925588307232884
8,0.75,609,0.9255883072328945
8,0.75,610,0.9255883072329046
8,0.75,611,0.9255883072329143
8,0.75,612,0.9255883072329236
8,0.75,613,0.9255883072329325
8,0.75,614,0.9255883072329409
8,0.75,615,0.925588307232949
8,0.75,616,0.9255883072329568
8,0.75,617,0.9255883072329641
8,0.75,618,0.9255883072329711
8,0.75,619,0.9255883072329779
8,0.75,620,0.9255883072329844
8,0.75,621,0.9255883072329905
8,0.75,622,0.9255883072329963
8,0.75,623,0.925588307233002
8,0.75,624,0.9255883072330073
8,0.75,625,0.9255883072330126
8,0.75,626,0.9255883072330174
8,0.75,627,0.9255883072330221
8,0.75,628,0.9255883072330267
8,0.75,629,0.925588307233031
8,0.75,630,0.9255883072330351
8,0.75,631,0.925588307233039
8,0.75,632,0.9255883072330426
8,0.75,633,0.9255883072330462
8,0.75,634,0.9255883072330496
8,0.75,635,0.925588307233053
8,0.75,636,0.9255883072330561
8,0.75,637,0.9255883072330591
8,0.75,638,0.9255883072330618
8,0.75,639,0.9255883072330646
8,0.75,640,0.9255883072330673
8,0.75,641,0.9255883072330698
8,0.75,642,0.9255883072330722
8,0.75,643,0.9255883072330744
8,0.75,644,0.9255883072330765
8,0.75,645,0.9255883072330785
8,0.75,646,0.9255883072330805
8,0.75,647,0.9255883072330824
8,0.75,648,0.9255883072330842
8,0.75,649,0.9255883072330859
8,0.75,650,0.9255883072330876
8,0.75,651,0.9255883072330892
8,0.75,652,0.9255883072330907
8,0.75,653,0.9255883072330922
8,0.75,654,0.9255883072330935
8,0.75,655,0.9255883072330948
8,0.75,656,0.925588307233096
8,0.75,657,0.9255883072330973
8,0.75,658,0.9255883072330984
8,0.75,659,0.9255883072330995
8,0.75,660,0.9255883072331005
8,0.75,661,0.9255883072331015
8,0.75,662,0.9255883072331024
8,0.75,663,0.9255883072331033
8,0.75,664,0.9255883072331041
8,0.75,665,0.925588307233105
8,0.75,666,0.9255883072331059
8,0.75,667,0.9255883072331067
8,0.75,668,0.9255883072331075
8,0.75,669,0.9255883072331083
8,0.75,670,0.9255883072331089
8,0.75,671,0.9255883072331096
8,0.75,672,0.9255883072331103
8,0.75,673,0.9255883072331108
8,0.75,674,0.9255883072331114
8,0.75,675,0.9255883072331119
8,0.75,676,0.9255883072331125
8,0.75,677,0.9255883072331129
8,0.75,678,0.9255883072331134
8,0.75,679,0.9255883072331138
8,0.75,680,0.9255883072331142
8,0.75,681,0.9255883072331146
8,0.75,682,0.9255883072331149
8,0.75,683,0.9255883072331152
8,0.75,684,0.9255883072331156
8,0.75,685,0.9255883072331159
8,0.75,686,0.9255883072331162
8,0.75,687,0.9255883072331166
8,0.75,688,0.9255883072331168
8,0.75,689,0.925588307233117
8,0.75,690,0.9255883072331172
8,0.75,691,0.9255883072331175
8,0.75,692,0.9255883072331177
8,0.75,693,0.9255883072331179
8,0.75,694,0.9255883072331181
8,0.75,695,0.9255883072331184
8,0.75,696,0.9255883072331186
8,0.75,697,0.9255883072331188
8,0.75,698,0.9255883072331189
8,0.75,699,0.925588307233119
8,0.75,700,0.9255883072331191
8,0.75,701,0.9255883072331192
8,0.75,702,0.9255883072331194
8,0.75,703,0.9255883072331195
8,0.75,704,0.9255883072331196
8,0.75,705,0.9255883072331197
8,0.75,706,0.9255883072331198
8,0.75,707,0.9255883072331199
8,0.75,708,0.92558830723312
8,0.75,709,0.9255883072331201
8,0.75,710,0.9255883072331202
8,0.75,711,0.9255883072331204
8,0.75,712,0.9255883072331205
8,0.75,713,0.9255883072331206
8,0.75,714,0.9255883072331208
8,0.75,715,0.925588307233121
8,0.75,716,0.925588307233121
8,0.75,717,0.925588307233121
8,0.75,718,0.925588307233121
8,0.75,719,0.925588307233121
8,0.75,720,0.925588307233121
8,0.75,721,0.925588307233121
8,0.75,722,0.925588307233121
8,0.75,723,0.925588307233121
8,0.75,724,0.925588307233121
8,0.75,725,0.925588307233121
8,0.75,726,0.925588307233121
8,0.75,727,0.925588307233121
8,0.75,728,0.925588307233121
8,0.75,729,0.925588307233121
8,0.75,730,0.925588307233121
8,0.75,731,0.925588307233121
8,0.75,732,0.925588307233121
8,0.75,733,0.925588307233121
8,0.75,734,0.925588307233121
8,0.75,735,0.925588307233121
8,0.75,736,0.925588307233121
8,0.75,737,0.925588307233121
8,0.75,738,0.925588307233121
8,0.75,739,0.925588307233121
8,0.75,740,0.925588307233121
8,0.75,741,0.925588307233121
8,0.75,742,0.925588307233121
8,0.75,743,0.925588307233121
8,0.75,744,0.925588307233121
8,0.75,745,0.925588307233121
8,0.75,746,0.925588307233121
8,0.75,747,0.925588307233121
8,0.75,748,0.925588307233121
8,0.75,749,0.925588307233121
8,0.75,750,0.925588307233121
8,0.75,751,0.925588307233121
8,0.75,752,0.925588307233121
8,0.75,753,0.925588307233121
8,0.75,754,0.925588307233121
8,0.75,755,0.925588307233121
8,0.75,756,0.925588307233121
8,0.75,757,0.925588307233121
8,0.75,758,0.925588307233121
8,0.75,759,0.925588307233121
8,0.75,760,0.925588307233121
8,0.75,761,0.925588307233121
8,0.75,762,0.925588307233121
8,0.75,763,0.925588307233121
8,0.75,764,0.925588307233121
8,0.75,765,0.925588307233121
8,0.75,766,0.925588307233121
8,0.75,767,0.925588307233121
8,0.75,768,0.925588307233121
8,0.75,769,0.925588307233121
8,0.75,770,0.925588307233121
8,0.75,771,0.925588307233121
8,0.75,772,0.925588307233121
8,0.75,773,0.925588307233121
8,0.75,774,0.925588307233121
8,0.75,775,0.925588307233121
8,0.75,776,0.925588307233121
8,0.75,777,0.925588307233121
8,0.75,778,0.925588307233121
8,0.75,779,0.925588307233121
8,0.75,780,0.925588307233121
8,0.75,781,0.925588307233121
8,0.75,782,0.925588307233121
8,0.75,783,0.925588307233121
8,0.75,784,0.925588307233121
8,0.75,785,0.925588307233121
8,0.75,786,0.925588307233121
8,0.75,787,0.925588307233121
8,0.75,788,0.925588307233121
8,0.75,789,0.925588307233121
8,0.75,790,0.925588307233121
8,0.75,791,0.925588307233121
8,0.75,792,0.925588307233121
8,0.75,793,0.925588307233121
8,0.75,794,0.925588307233121
8,0.75,795,0.925588307233121
8,0.75,796,0.925588307233121
8,0.75,797,0.925588307233121
8,0.75,798,0.925588307233121
8,0.75,799,0.925588307233121
8,0.75,800,0.925588307233121
8,0.75,801,0.925588307233121
8,0.75,802,0.925588307233121
8,0.75,803,0.925588307233121
8,0.75,804,0.925588307233121
8,0.75,805,0.925588307233121
8,0.75,806,0.925588307233121
8,0.75,807,0.925588307233121
8,0.75,808,0.925588307233121
8,0.75,809,0.925588307233121
8,0.75,810,0.925588307233121
8,0.75,811,0.925588307233121
8,0.75,812,0.925588307233121
8,0.75,813,0.925588307233121
8,0.75,814,0.925588307233121
8,0.75,815,0.925588307233121
8,0.75,816,0.925588307233121
8,0.75,817,0.925588307233121
8,0.75,818,0.925588307233121
8,0.75,819,0.925588307233121
8,0.75,820,0.925588307233121
8,0.75,821,0.925588307233121
8,0.75,822,0.925588307233121
8,0.75,823,0.925588307233121
8,0.75,824,0.925588307233121
8,0.75,825,0.925588307233121
8,0.75,826,0.925588307233121
8,0.75,827,0.925588307233121
8,0.75,828,0.925588307233121
8,0.75,829,0.925588307233121
8,0.75,830,0.925588307233121
8,0.75,831,0.925588307233121
8,0.75,832,0.925588307233121
8,0.75,833,0.925588307233121
8,0.75,834,0.925588307233121
8,0.75,835,0.925588307233121
8,0.75,836,0.925588307233121
8,0.75,837,0.925588307233121
8,0.75,838,0.925588307233121
8,0.75,839,0.925588307233121
8,0.75,840,0.925588307233121
8,0.75,841,0.925588307233121
8,0.75,842,0.925588307233121
8,0.75,843,0.925588307233121
8,0.75,844,0.925588307233121
8,0.75,845,0.925588307233121
8,0.75,846,0.925588307233121
8,0.75,847,0.925588307233121
8,0.75,848,0.925588307233121
8,0.75,849,0.925588307233121
8,0.75,850,0.925588307233121
8,0.75,851,0.925588307233121
8,0.75,852,0.925588307233121
8,0.75,853,0.925588307233121
8,0.75,854,0.925588307233121
8,0.75,855,0.925588307233121
8,0.75,856,0.925588307233121
8,0.75,857,0.925588307233121
8,0.75,858,0.925588307233121
8,0.75,859,0.925588307233121
8,0.75,860,0.925588307233121
8,0.75,861,0.925588307233121
8,0.75,862,0.925588307233121
8,0.75,863,0.925588307233121
8,0.75,864,0.925588307233121
8,0.75,865,0.925588307233121
8,0.75,866,0.925588307233121
8,0.75,867,0.925588307233121
8,0.75,868,0.925588307233121
8,0.75,869,0.925588307233121
8,0.75,870,0.925588307233121
8,0.75,871,0.925588307233121
8,0.75,872,0.925588307233121
8,0.75,873,0.925588307233121
8,0.75,874,0.925588307233121
8,0.75,875,0.925588307233121
8,0.75,876,0.925588307233121
8,0.75,877,0.925588307233121
8,0.75,878,0.925588307233121
8,0.75,879,0.925588307233121
8,0.75,880,0.925588307233121
8,0.75,881,0.925588307233121
8,0.75,882,0.925588307233121
8,0.75,883,0.925588307233121
8,0.75,884,0.925588307233121
8,0.75,885,0.925588307233121
8,0.75,886,0.925588307233121
8,0.75,887,0.925588307233121
8,0.75,888,0.925588307233121
8,0.75,889,0.925588307233121
8,0.75,890,0.925588307233121
8,0.75,891,0.925588307233121
8,0.75,892,0.925588307233121
8,0.75,893,0.925588307233121
8,0.75,894,0.925588307233121
8,0.75,895,0.925588307233121
8,0.75,896,0.925588307233121
8,0.75,897,0.925588307233121
8,0.75,898,0.925588307233121
8,0.75,899,0.925588307233121
8,0.75,900,0.925588307233121
8,0.75,901,0.925588307233121
8,0.75,902,0.925588307233121
8,0.75,903,0.925588307233121
8,0.75,904,0.925588307233121
8,0.75,905,0.925588307233121
8,0.75,906,0.925588307233121
8,0.75,907,0.925588307233121
8,0.75,908,0.925588307233121
8,0.75,909,0.925588307233121
8,0.75,910,0.925588307233121
8,0.75,911,0.925588307233121
8,0.75,912,0.925588307233121
8,0.75,913,0.925588307233121
8,0.75,914,0.925588307233121
8,0.75,915,0.925588307233121
8,0.75,916,0.925588307233121
8,0.75,917,0.925588307233121
8,0.75,918,0.925588307233121
8,0.75,919,0.925588307233121
8,0.75,920,0.925588307233121
8,0.75,921,0.925588307233121
8,0.75,922,0.925588307233121
8,0.75,923,0.925588307233121
8,0.75,924,0.925588307233121
8,0.75,925,0.925588307233121
8,0.75,926,0.925588307233121
8,0.75,927,0.925588307233121
8,0.75,928,0.925588307233121
8,0.75,929,0.925588307233121
8,0.75,930,0.925588307233121
8,0.75,931,0.925588307233121
8,0.75,932,0.925588307233121
8,0.75,933,0.925588307233121
8,0.75,934,0.925588307233121
8,0.75,935,0.925588307233121
8,0.75,936,0.925588307233121
8,0.75,937,0.925588307233121
8,0.75,938,0.925588307233121
8,0.75,939,0.925588307233121
8,0.75,940,0.925588307233121
8,0.75,941,0.925588307233121
8,0.75,942,0.925588307233121
8,0.75,943,0.925588307233121
8,0.75,944,0.925588307233121
8,0.75,945,0.925588307233121
8,0.75,946,0.925588307233121
8,0.75,947,0.925588307233121
8,0.75,948,0.925588307233121
8,0.75,949,0.925588307233121
8,0.75,950,0.925588307233121
8,0.75,951,0.925588307233121
8,0.75,952,0.925588307233121
8,0.75,953,0.925588307233121
8,0.75,954,0.925588307233121
8,0.75,955,0.925588307233121
8,0.75,956,0.925588307233121
8,0.75,957,0.925588307233121
8,0.75,958,0.925588307233121
8,0.75,959,0.925588307233121
8,0.75,960,0.925588307233121
8,0.75,961,0.925588307233121
8,0.75,962,0.925588307233121
8,0.75,963,0.925588307233121
8,0.75,964,0.925588307233121
8,0.75,965,0.925588307233121
8,0.75,966,0.925588307233121
8,0.75,967,0.925588307233121
8,0.75,968,0.925588307233121
8,0.75,969,0.925588307233121
8,0.75,970,0.925588307233121
8,0.75,971,0.925588307233121
8,0.75,972,0.925588307233121
8,0.75,973,0.925588307233121
8,0.75,974,0.925588307233121
8,0.75,975,0.925588307233121
8,0.75,976,0.925588307233121
8,0.75,977,0.925588307233121
8,0.75,978,0.925588307233121
8,0.75,979,0.925588307233121
8,0.75,980,0.925588307233121
8,0.75,981,0.925588307233121
8,0.75,982,0.925588307233121
8,0.75,983,0.925588307233121
8,0.75,984,0.925588307233121
8,0.75,985,0.925588307233121
8,0.75,986,0.925588307233121
8,0.75,987,0.925588307233121
8,0.75,988,0.925588307233121
8,0.75,989,0.925588307233121
8,0.75,990,0.925588307233121
8,0.75,991,0.925588307233121
8,0.75,992,0.925588307233121
8,0.75,993,0.925588307233121
8,0.75,994,0.925588307233121
8,0.75,995,0.925588307233121
8,0.75,996,0.925588307233121
8,0.75,997,0.925588307233121
8,0.75,998,0.925588307233121
8,0.75,999,0.925588307233121
8,0.75,1000,0.925588307233121
