scenario,beta,condition,world,g0_risk,g1_risk,g2_risk,population_risk,population_regret,feedback_weighted_risk,monitoring_gap,sample_monitoring_gap,g0_feedback_share,g0_expected_feedback_share,expected_invitations_per_accepted,action
main,0.0,endogenous,0,1.4062811583997572,0.01364377452881405,0.9021346920355479,0.7740198749880397,0.007092648762436827,0.7260300396236096,0.04798983536443012,0.045902939508315796,0.28202083333333333,0.2827320638650378,1.243005045250227,0.041834062670911734
main,0.0,endogenous,1,1.4775239654708794,0.020506418431153983,1.0598481589768338,0.8526261809596225,0.008379450954147735,0.8051952491833297,0.04743093177629257,0.045892911360548176,0.2815624999999999,0.2827320638650378,1.243005045250227,0.12066738812829567
main,0.0,endogenous,2,1.1126827975969937,0.022661744127889915,0.8767271782925008,0.6706905733391281,0.0053108378331121545,0.6371425218752826,0.033548051463845416,0.036878370005358256,0.2823541666666666,0.2827320638650378,1.243005045250227,0.045989544177389666
main,0.0,endogenous,3,1.4632862542536027,0.017486157524814264,1.0745930238854586,0.8517884785546255,0.006452766890199348,0.8053746329635143,0.04641384559111103,0.04533390359590115,0.28712499999999996,0.2827320638650378,1.243005045250227,0.10325887057872489
main,0.0,endogenous,4,1.0867944138190853,0.016696866862251112,0.7869516730227668,0.630147651234701,0.005204488108077525,0.5954872924066652,0.03466035882803586,0.03324525486929016,0.284875,0.2827320638650378,1.243005045250227,0.09320202294008698
main,0.0,endogenous,5,1.1750991766814312,0.016699498679307843,0.842555858973166,0.6781181781113016,0.005729106724370425,0.640396373967397,0.03772180414390465,0.036031706371723864,0.2848958333333333,0.2827320638650378,1.243005045250227,0.04394005722310451
main,0.0,endogenous,6,1.0894039888432956,0.030093276961367717,0.8971508092198104,0.6722160250081579,0.0058129118132220076,0.6405506641427308,0.03166536086542707,0.0340193958151067,0.27993750000000006,0.2827320638650378,1.243005045250227,-0.0015463576308133169
main,0.0,endogenous,7,0.9789989103015475,0.018523513835786348,0.7195817442272668,0.5723680561215336,0.005180933646506589,0.5415039999818043,0.030864056139729163,0.03031771035120708,0.2836875,0.2827320638650378,1.243005045250227,0.08021392326724268
main,0.0,endogenous,8,1.1590584365704566,0.018834594342448913,0.8482204894428351,0.6753711734519134,0.006032442016388339,0.6386583891427478,0.036712784309165705,0.03470164350518896,0.2827083333333333,0.2827320638650378,1.243005045250227,-0.041130686944124695
main,0.0,endogenous,9,1.2971680108561825,0.015245451093624185,0.8961759643758098,0.7361964754418722,0.006308566649968811,0.6936176677005575,0.04257880774131457,0.04014276004850722,0.2842083333333333,0.2827320638650378,1.243005045250227,0.06150582105307608
main,0.0,endogenous,10,1.219549630178589,0.04706259904493894,1.1196152985536751,0.7954091759257345,0.006002293589873985,0.7632161077986532,0.032193068127081045,0.030151583333529408,0.28477083333333336,0.2827320638650378,1.243005045250227,0.07705906074101063
main,0.0,endogenous,11,1.1078427997064995,0.051791611607938215,1.056536945858189,0.7387237857242089,0.00557130665501935,0.7107069496856248,0.0280168360385842,0.0255419847033193,0.28545833333333337,0.2827320638650378,1.243005045250227,0.06654343781011246
main,0.0,endogenous,12,1.1759574809048599,0.013523458490730087,0.7318646082571839,0.6404485158842579,0.005970855172019675,0.5998023657217146,0.04064615016254335,0.040121813175297644,0.28224999999999995,0.2827320638650378,1.243005045250227,0.1308241322214671
main,0.0,endogenous,13,1.1091749947679426,0.014082369209459053,0.7383656963678288,0.6205410201150767,0.005519137338674882,0.5834527709809159,0.03708824913416099,0.03260990873586127,0.28391666666666665,0.2827320638650378,1.243005045250227,0.1044773930417671
main,0.0,endogenous,14,1.393230537488522,0.0196639028198813,0.7100524737680549,0.7076489713588194,0.0077675444408241996,0.6556120250034815,0.0520369463553378,0.05964130907389061,0.2785833333333333,0.2827320638650378,1.243005045250227,0.06062267113136073
main,0.0,endogenous,15,1.1924138376737494,0.015562346957766104,0.8206406743488379,0.6762056196601179,0.006233800260912985,0.6370244329479332,0.03918118671218469,0.0415544332056704,0.28012499999999996,0.2827320638650378,1.243005045250227,0.16430743921002844
main,0.0,endogenous,16,1.4558324651699566,0.017091243305041727,1.0260017785256392,0.8329751623335457,0.007393829709174479,0.7856991070018642,0.047276055331681534,0.04208527964589837,0.283,0.2827320638650378,1.243005045250227,0.08016136928423193
main,0.0,endogenous,17,1.184884973481303,0.018402196234911003,0.8536359757177164,0.6856410484779769,0.006379353790520197,0.6477474839087225,0.03789356456925433,0.039671541362066146,0.27977083333333325,0.2827320638650378,1.243005045250227,-0.05571358397566386
main,0.0,endogenous,18,1.1953089691212082,0.02167926774591769,0.9325623991371088,0.7165168786680784,0.00553541695090933,0.6801756472856173,0.036341231382461106,0.03969958582896298,0.28260416666666666,0.2827320638650378,1.243005045250227,0.1059605124734734
main,0.0,endogenous,19,1.0882853318303496,0.022556385127623327,0.8469776725387552,0.652606463165576,0.005484446237505778,0.6195376074131533,0.03306885575242257,0.03172658689674214,0.28235416666666663,0.2827320638650378,1.243005045250227,0.16506700028838353
main,0.0,static,0,1.4062811583997572,0.01364377452881405,0.9021346920355479,0.7740198749880397,0.007092648762436827,0.7260300396236096,0.04798983536443012,0.045902939508315796,0.28202083333333333,0.2827320638650378,1.243005045250227,0.041834062670911734
main,0.0,static,1,1.4775239654708794,0.020506418431153983,1.0598481589768338,0.8526261809596225,0.008379450954147735,0.8051952491833297,0.04743093177629257,0.045892911360548176,0.2815624999999999,0.2827320638650378,1.243005045250227,0.12066738812829567
main,0.0,static,2,1.1126827975969937,0.022661744127889915,0.8767271782925008,0.6706905733391281,0.0053108378331121545,0.6371425218752826,0.033548051463845416,0.036878370005358256,0.2823541666666666,0.2827320638650378,1.243005045250227,0.045989544177389666
main,0.0,static,3,1.4632862542536027,0.017486157524814264,1.0745930238854586,0.8517884785546255,0.006452766890199348,0.8053746329635143,0.04641384559111103,0.04533390359590115,0.28712499999999996,0.2827320638650378,1.243005045250227,0.10325887057872489
main,0.0,static,4,1.0867944138190853,0.016696866862251112,0.7869516730227668,0.630147651234701,0.005204488108077525,0.5954872924066652,0.03466035882803586,0.03324525486929016,0.284875,0.2827320638650378,1.243005045250227,0.09320202294008698
main,0.0,static,5,1.1750991766814312,0.016699498679307843,0.842555858973166,0.6781181781113016,0.005729106724370425,0.640396373967397,0.03772180414390465,0.036031706371723864,0.2848958333333333,0.2827320638650378,1.243005045250227,0.04394005722310451
main,0.0,static,6,1.0894039888432956,0.030093276961367717,0.8971508092198104,0.6722160250081579,0.0058129118132220076,0.6405506641427308,0.03166536086542707,0.0340193958151067,0.27993750000000006,0.2827320638650378,1.243005045250227,-0.0015463576308133169
main,0.0,static,7,0.9789989103015475,0.018523513835786348,0.7195817442272668,0.5723680561215336,0.005180933646506589,0.5415039999818043,0.030864056139729163,0.03031771035120708,0.2836875,0.2827320638650378,1.243005045250227,0.08021392326724268
main,0.0,static,8,1.1590584365704566,0.018834594342448913,0.8482204894428351,0.6753711734519134,0.006032442016388339,0.6386583891427478,0.036712784309165705,0.03470164350518896,0.2827083333333333,0.2827320638650378,1.243005045250227,-0.041130686944124695
main,0.0,static,9,1.2971680108561825,0.015245451093624185,0.8961759643758098,0.7361964754418722,0.006308566649968811,0.6936176677005575,0.04257880774131457,0.04014276004850722,0.2842083333333333,0.2827320638650378,1.243005045250227,0.06150582105307608
main,0.0,static,10,1.219549630178589,0.04706259904493894,1.1196152985536751,0.7954091759257345,0.006002293589873985,0.7632161077986532,0.032193068127081045,0.030151583333529408,0.28477083333333336,0.2827320638650378,1.243005045250227,0.07705906074101063
main,0.0,static,11,1.1078427997064995,0.051791611607938215,1.056536945858189,0.7387237857242089,0.00557130665501935,0.7107069496856248,0.0280168360385842,0.0255419847033193,0.28545833333333337,0.2827320638650378,1.243005045250227,0.06654343781011246
main,0.0,static,12,1.1759574809048599,0.013523458490730087,0.7318646082571839,0.6404485158842579,0.005970855172019675,0.5998023657217146,0.04064615016254335,0.040121813175297644,0.28224999999999995,0.2827320638650378,1.243005045250227,0.1308241322214671
main,0.0,static,13,1.1091749947679426,0.014082369209459053,0.7383656963678288,0.6205410201150767,0.005519137338674882,0.5834527709809159,0.03708824913416099,0.03260990873586127,0.28391666666666665,0.2827320638650378,1.243005045250227,0.1044773930417671
main,0.0,static,14,1.393230537488522,0.0196639028198813,0.7100524737680549,0.7076489713588194,0.0077675444408241996,0.6556120250034815,0.0520369463553378,0.05964130907389061,0.2785833333333333,0.2827320638650378,1.243005045250227,0.06062267113136073
main,0.0,static,15,1.1924138376737494,0.015562346957766104,0.8206406743488379,0.6762056196601179,0.006233800260912985,0.6370244329479332,0.03918118671218469,0.0415544332056704,0.28012499999999996,0.2827320638650378,1.243005045250227,0.16430743921002844
main,0.0,static,16,1.4558324651699566,0.017091243305041727,1.0260017785256392,0.8329751623335457,0.007393829709174479,0.7856991070018642,0.047276055331681534,0.04208527964589837,0.283,0.2827320638650378,1.243005045250227,0.08016136928423193
main,0.0,static,17,1.184884973481303,0.018402196234911003,0.8536359757177164,0.6856410484779769,0.006379353790520197,0.6477474839087225,0.03789356456925433,0.039671541362066146,0.27977083333333325,0.2827320638650378,1.243005045250227,-0.05571358397566386
main,0.0,static,18,1.1953089691212082,0.02167926774591769,0.9325623991371088,0.7165168786680784,0.00553541695090933,0.6801756472856173,0.036341231382461106,0.03969958582896298,0.28260416666666666,0.2827320638650378,1.243005045250227,0.1059605124734734
main,0.0,static,19,1.0882853318303496,0.022556385127623327,0.8469776725387552,0.652606463165576,0.005484446237505778,0.6195376074131533,0.03306885575242257,0.03172658689674214,0.28235416666666663,0.2827320638650378,1.243005045250227,0.16506700028838353
main,0.0,quota,0,1.21722343275521,0.018324726819646274,1.065247250875132,0.7669318034833295,4.57725772651554e-06,0.7669318034833295,3.663735981263016e-17,0.00033873047376562404,0.333333333333333,0.333333333333333,1.2586992471636236,-0.04111370762759462
main,0.0,quota,1,1.2690737672983832,0.013376006603326848,1.2503028550510709,0.8442508763175937,4.146312118918326e-06,0.8442508763175935,4.0856207306205766e-17,0.0003106339590368626,0.333333333333333,0.333333333333333,1.2586992471636236,0.03133844251673599
main,0.0,quota,2,0.9678083780869136,0.013926908237518987,1.0144239685201657,0.6653864182815329,6.682775516838827e-06,0.6653864182815327,3.5971225997855067e-17,-0.0013824658493607552,0.333333333333333,0.333333333333333,1.2586992471636236,-0.025456640444747124
main,0.0,quota,3,1.279976529187272,0.013592175654510647,1.2424483300009828,0.8453390116142551,3.299949829269988e-06,0.8453390116142551,3.5971225997855067e-17,-0.0006750518327287929,0.333333333333333,0.333333333333333,1.2586992471636236,0.02466695874706725
main,0.0,quota,4,0.9455537366821213,0.013527490490552335,0.915756629357198,0.6249459521766239,2.7890500004124767e-06,0.6249459521766239,3.6415315207705136e-17,-8.244249979039529e-05,0.333333333333333,0.333333333333333,1.2586992471636236,0.022711423532628984
main,0.0,quota,5,1.01879224317896,0.013677162361422671,0.9847101472332003,0.6723931842578611,4.112870929747729e-06,0.6723931842578609,3.8857805861880476e-17,-0.00037617403667509493,0.333333333333333,0.333333333333333,1.2586992471636236,-0.031114078720817707
main,0.0,quota,6,0.9366450392083477,0.016100420602898437,1.0464748017873302,0.6664067538661922,3.6406712563407847e-06,0.6664067538661922,3.486100297322991e-17,0.0017996827833710392,0.333333333333333,0.333333333333333,1.2586992471636236,-0.07793316399550206
main,0.0,quota,7,0.8455620476300704,0.013336159659229949,0.8426713049890491,0.5671898374261166,2.7149510895285737e-06,0.5671898374261165,3.6193270602780105e-17,0.0003569323739423166,0.333333333333333,0.333333333333333,1.2586992471636236,0.009853422703975058
main,0.0,quota,8,1.0002388635659147,0.013351942405049323,0.9944367043407599,0.6693425034372411,3.7720017161806085e-06,0.6693425034372411,3.7303493627405256e-17,-0.00014215107058335942,0.333333333333333,0.333333333333333,1.2586992471636236,-0.1180071785361462
main,0.0,quota,9,1.1257428800469407,0.014653189158766145,1.0492810288571661,0.7298923660209578,4.457229054503403e-06,0.7298923660209578,3.7525538232330294e-17,0.0011874764522749259,0.333333333333333,0.333333333333333,1.2586992471636236,-0.016787832287837166
main,0.0,quota,10,1.0578684552459463,0.024804380289174234,1.28555639892542,0.78940974482018,2.8624843196553546e-06,0.78940974482018,3.463895836830488e-17,0.0008113132556621895,0.333333333333333,0.333333333333333,1.2586992471636236,0.0008661026998794666
main,0.0,quota,11,0.9601093136407932,0.02836474399995955,1.2109925411789084,0.7331555329398871,3.0538706975591857e-06,0.7331555329398871,3.8635761256955445e-17,0.0008202330188617395,0.333333333333333,0.333333333333333,1.2586992471636236,-0.006540978493416073
main,0.0,quota,12,1.0174967584459735,0.019498771691960792,0.8664508463752971,0.6344821255044106,4.464792172223297e-06,0.6344821255044104,3.530509218307997e-17,-0.0005798880754052174,0.333333333333333,0.333333333333333,1.2586992471636236,0.05473643856725382
main,0.0,quota,13,0.9612102445926215,0.01567609765289888,0.8681929514047944,0.6150264312167717,4.548440369699929e-06,0.6150264312167716,3.97459842815806e-17,0.0005426672515566317,0.333333333333333,0.333333333333333,1.2586992471636236,0.03130380014056976
main,0.0,quota,14,1.1955064168752079,0.04083997355476382,0.863306575360556,0.6998843219301758,2.8950121806172744e-06,0.6998843219301757,3.552713678800501e-17,0.0002941910974422076,0.333333333333333,0.333333333333333,1.2586992471636236,-0.026719460229822013
main,0.0,quota,15,1.0308867113511262,0.014410588130124408,0.9646258733258545,0.6699743909357018,2.571536496864038e-06,0.6699743909357018,3.730349362740526e-17,-0.0006012698187553086,0.333333333333333,0.333333333333333,1.2586992471636236,0.08731644123497648
main,0.0,quota,16,1.2579958419719985,0.013998329476273563,1.2047616937225072,0.8255852883902598,3.955765888461286e-06,0.8255852883902597,3.774758283725532e-17,-0.0011425427178291595,0.333333333333333,0.333333333333333,1.2586992471636236,-0.00515083648585642
main,0.0,quota,17,1.021236888856408,0.013411762785742942,1.003141832305382,0.6792634946491776,1.7999617209495974e-06,0.6792634946491776,3.5305092183079985e-17,5.643925126606801e-05,0.333333333333333,0.333333333333333,1.2586992471636236,-0.13404776126718326
main,0.0,quota,18,1.0407661073253314,0.013613961761058368,1.0785774352992856,0.7109858347952251,4.373078056084877e-06,0.7109858347952251,3.7081449022480224e-17,-0.0014280882059461487,0.333333333333333,0.333333333333333,1.2586992471636236,0.03250056436246807
main,0.0,quota,19,0.9403701587966482,0.013792439283812161,0.9872192416131018,0.6471272798978541,5.262969783832569e-06,0.6471272798978541,3.930189507173054e-17,-0.0004283063675428208,0.333333333333333,0.333333333333333,1.2586992471636236,0.09116851144216977
main,0.0,ipw,0,1.218782582807653,0.018405586616735675,1.064119225060959,0.7671024648284493,0.0001752386028464026,0.7328190837834435,0.03428338104500588,0.03162792346424244,0.28202083333333333,0.2827320638650378,1.243005045250227,-0.04048078867799544
main,0.0,ipw,1,1.2810095862735462,0.013624603263449409,1.239081038772054,0.8445717427696833,0.0003250127642084841,0.8114452793817319,0.03312646338795123,0.030482674055993437,0.2815624999999999,0.2827320638650378,1.243005045250227,0.036524257907693494
main,0.0,ipw,2,0.9645882868821317,0.014036912556296554,1.0181158208928147,0.6655803401104146,0.00020060460439858666,0.6428850675787783,0.02269527253163623,0.026441629354104636,0.2823541666666666,0.2827320638650378,1.243005045250227,-0.027204277783275787
main,0.0,ipw,3,1.2658491898346553,0.014088028399747012,1.2569425241746086,0.8456265808030036,0.0002908691385777979,0.8137308845885824,0.031895696214421294,0.03252568218484931,0.28712499999999996,0.2827320638650378,1.243005045250227,0.01826136354355059
main,0.0,ipw,4,0.942069134394079,0.013750324988295148,0.9195231872293295,0.6251142155372345,0.00017105241061115273,0.601056733649669,0.02405748188756545,0.02317948163940752,0.284875,0.2827320638650378,1.243005045250227,0.02081863741526227
main,0.0,ipw,5,1.0180513328187948,0.013867506288449452,0.9857824868500836,0.6725671086524427,0.0001780372655114879,0.6463441981663127,0.026222910486129975,0.02516054459787148,0.2848958333333333,0.2827320638650378,1.243005045250227,-0.03157005725455837
main,0.0,ipw,6,0.9453208154851607,0.016720637052990484,1.0376142537641182,0.6665519021007565,0.00014878890582064062,0.645392810742434,0.021159091358322314,0.023010891507980115,0.27993750000000006,0.2827320638650378,1.243005045250227,-0.07349880633568895
main,0.0,ipw,7,0.8496588055723301,0.013471125233876982,0.8388436315757758,0.5673245207939942,0.00013739831896729713,0.5458948109576836,0.02142970983631063,0.02118722044620293,0.2836875,0.2827320638650378,1.243005045250227,0.012026949116545952
main,0.0,ipw,8,1.0053064399989,0.013526342113936312,0.9897701997253341,0.6695343272793901,0.00019559584386509435,0.6440485845459019,0.025485742733488297,0.023051832779843667,0.2827083333333333,0.2827320638650378,1.243005045250227,-0.11555395163768953
main,0.0,ipw,9,1.1237146231307382,0.014890675712179146,1.0515569914715357,0.7300540967714844,0.0001661879795810703,0.7001745132114808,0.02987958356000355,0.027815961947929003,0.2842083333333333,0.2827320638650378,1.243005045250227,-0.017826235113583534
main,0.0,ipw,10,1.0568439750517078,0.02483078596157156,1.287001337169531,0.7895586993942701,0.000151817058409745,0.7692712380065954,0.02028746138767455,0.018572636963107243,0.28477083333333336,0.2827320638650378,1.243005045250227,0.00029180629318874014
main,0.0,ipw,11,0.9595604732903139,0.028452022799890102,1.2119901049065036,0.733334200332236,0.0001817212630463272,0.716163195434096,0.017171004898139875,0.015016170011998276,0.28545833333333337,0.2827320638650378,1.243005045250227,-0.006914976253020527
main,0.0,ipw,12,1.0193029079071159,0.019569836069943548,0.8651648426601529,0.6346791955457374,0.00020153483349916144,0.6054855233760958,0.02919367216964151,0.028428347118928287,0.28224999999999995,0.2827320638650378,1.243005045250227,0.05553929556718973
main,0.0,ipw,13,0.9609900816884058,0.015839568697878427,0.8686853555512648,0.6151716686458496,0.0001497858694477521,0.5889233925876525,0.02624827605819711,0.021454106398578508,0.28391666666666665,0.2827320638650378,1.243005045250227,0.03111610182563133
main,0.0,ipw,14,1.210212003246165,0.03886405122608426,0.8512655141792672,0.7001138562171724,0.00023242929917701767,0.6613964355275337,0.038717420689638515,0.04580631578997903,0.2785833333333333,0.2827320638650378,1.243005045250227,-0.020063465480923907
main,0.0,ipw,15,1.033560250536976,0.014640004006099255,0.9626433995130602,0.670281218018712,0.00030939861950699915,0.6427076476937542,0.027573570324957636,0.029397480560077887,0.28012499999999996,0.2827320638650378,1.243005045250227,0.08848978534473984
main,0.0,ipw,16,1.2610257042229853,0.014154143713761294,1.2022337049056973,0.8258045176141477,0.00022318498977660136,0.7927704008012902,0.033034116812857735,0.02719376461589685,0.283,0.2827320638650378,1.243005045250227,-0.003891790038015119
main,0.0,ipw,17,1.0279402231219894,0.013613435381289788,0.9970123724301573,0.6795220103111455,0.0002603156236887276,0.6530764044999902,0.02644560581115522,0.02770044958999055,0.27977083333333325,0.2827320638650378,1.243005045250227,-0.13083769031141296
main,0.0,ipw,18,1.0355709070297043,0.013766578779990966,1.0843554433005083,0.7112309763700677,0.0002495146528988338,0.6866129580241129,0.024618018345954885,0.02849322799411958,0.28260416666666666,0.2827320638650378,1.243005045250227,0.029818580899134334
main,0.0,ipw,19,0.9432796170883714,0.014028003011270829,0.9845915532914684,0.6472997244637038,0.00017770753563338832,0.6248342870078565,0.02246543745584705,0.020993365229442312,0.28235416666666663,0.2827320638650378,1.243005045250227,0.0925885259948522
main,1.5,endogenous,0,2.4808484154928223,0.1758474233447283,0.31824451097523015,0.9916467832709269,0.22471955704532406,0.33591740595276554,0.6557293773181613,0.6578990319835339,0.03916666666666667,0.04034791009153964,1.7509108880007123,0.4324557382938443
main,1.5,endogenous,1,2.607122695609161,0.24740750214587023,0.4007975182734686,1.0851092386761665,0.24086250867069176,0.4057469989378662,0.6793622397383003,0.6807262470916001,0.0359375,0.03647322322497168,1.7926688335310927,0.5212093836527647
main,1.5,endogenous,2,1.753833617970494,0.1478598300891829,0.44696692009525485,0.7828867893849775,0.11750705387896143,0.41741805145624866,0.3654687379287287,0.36778412690849405,0.08527083333333334,0.08615632059217192,1.6919453528939996,0.3167620361961928
main,1.5,endogenous,3,2.6109936178514714,0.2346042052460097,0.400885943544111,1.0821612555471973,0.23682554388277155,0.39909688508413643,0.683064370463061,0.681854102438916,0.03720833333333333,0.036278371616128194,1.7902534744063137,0.5108975323931115
main,1.5,endogenous,4,1.7094887959103366,0.11778669235216555,0.3894700147039609,0.7389151676554875,0.1139720045288642,0.3792562153735995,0.3596589522818882,0.35716026336141765,0.09054166666666667,0.08919293338708476,1.667137218613179,0.35950079498540355
main,1.5,endogenous,5,1.9284643298685644,0.14500386085147882,0.37886195476843554,0.8174433818294929,0.1450543104425617,0.37739180306637465,0.4400515787631183,0.4365569888986932,0.07320833333333335,0.07121936301021461,1.7024981859205952,0.3499942756098303
main,1.5,endogenous,6,1.6693173282481362,0.15678475681257503,0.4904355740804817,0.7721792197137309,0.10577610651879513,0.4439260894235987,0.3282531302901322,0.33068879561369124,0.0929166666666667,0.09454231637364227,1.6890844239295784,0.24793944692369055
main,1.5,endogenous,7,1.4288032737861178,0.09090159303991845,0.41445288455644436,0.6447192504608269,0.07753212798579982,0.38554657027552813,0.2591726801852987,0.25407307482791514,0.12149999999999998,0.11782591148505864,1.6158534346777258,0.28727828241648296
main,1.5,endogenous,8,1.87273933549305,0.14762690000500173,0.3983723984875112,0.806246211328521,0.13690747989299584,0.39032801329372874,0.41591819803479224,0.41398088323792265,0.07614583333333333,0.07568459960130405,1.6993828124466686,0.2521071236829465
main,1.5,endogenous,9,2.2173780234465825,0.1684003472510551,0.35921588800816034,0.9149980862352661,0.18511017744336306,0.3646484608610475,0.5503496253742188,0.5483230208452566,0.0536875,0.0527666349069288,1.7361619755071245,0.41305144441632224
main,1.5,endogenous,10,1.9315877998021427,0.2344263604190941,0.5987501634547456,0.9215881078919942,0.13218122555613393,0.5193592505704248,0.4022288573215695,0.40131147734118955,0.07464583333333334,0.07398282659477937,1.7743711958168216,0.36378727443837133
main,1.5,endogenous,11,1.6369371834417432,0.19307905105839626,0.6428736091865435,0.8242966145622278,0.09114413549303813,0.5264211061674346,0.29787550839479293,0.2953779918925241,0.10202083333333331,0.10031659438396008,1.7285664480976208,0.2945493518407235
main,1.5,endogenous,12,1.9405540622099118,0.10812304456138755,0.30243712871105977,0.7837047451607863,0.14922708444854801,0.3236301397594502,0.4600746054013361,0.45943341963014417,0.06991666666666667,0.06942909587571568,1.6821899543549457,0.4408445357053403
main,1.5,endogenous,13,1.7706927611514232,0.10571272486784958,0.34136663353088914,0.7392573731833872,0.12423549040698527,0.34911111425673436,0.390146258926653,0.3882842530856255,0.08395833333333333,0.08318400956397201,1.6652157695095475,0.38330283829261325
main,1.5,endogenous,14,2.4398566435913613,0.10618485816315579,0.21727380882515987,0.921105103526559,0.22122367660856387,0.25489338807560474,0.6662117154509544,0.6672177971755495,0.04089583333333333,0.04119343717709514,1.7152791419453215,0.4437088150114306
main,1.5,endogenous,15,1.9747539211060547,0.1423714852427404,0.35420554693650624,0.8237769844284338,0.15380516502922897,0.36240509074801247,0.4613718936804213,0.4610109480281673,0.0675,0.06766185649918421,1.7028625023430037,0.4790065258512574
main,1.5,endogenous,16,2.5706877267583086,0.2230192783509899,0.38316818701857064,1.0589583973759562,0.23337706475158507,0.38651722399468114,0.6724411733812752,0.6704011059107112,0.03797916666666667,0.03752826829564922,1.781018276795979,0.478338988638387
main,1.5,endogenous,17,1.929056270020181,0.15135706406648605,0.39140573936386,0.8239396911501755,0.14467799646271887,0.38620252950552714,0.43773716164464843,0.4385465676456697,0.07025,0.07132918695556198,1.7064219296598027,0.24606282412719485
main,1.5,endogenous,18,1.9567353162351602,0.17118100872401237,0.43837813539207515,0.8554314867837493,0.14445002506658022,0.41576410993427226,0.4396673768494769,0.4408448747524961,0.07006250000000001,0.06992103352606084,1.72431457906766,0.41284677614504606
main,1.5,endogenous,19,1.6804968120288806,0.13577243506384656,0.44727722025626715,0.7545154891163315,0.10739347218826109,0.41451018738177936,0.3400053017345519,0.34147550975322855,0.091625,0.09273283139507804,1.6776251002910676,0.41944519856559015
main,1.5,static,0,1.7299908347693915,0.03372934328549464,0.673928821681159,0.8125496665786816,0.045622440353078816,0.5217505938945077,0.290799072684174,0.2902396503284374,0.15695833333333337,0.15799523843864574,1.7328032362282557,0.17182846029846538
main,1.5,static,1,1.7265798415959068,0.04667297346306163,0.8672602072708694,0.8801710074432793,0.03592427743780463,0.5733903635821069,0.30678064386117243,0.3073802017170967,0.15539583333333332,0.15707200116915193,1.81560385268178,0.21956709591577103
main,1.5,static,2,1.2517659017414289,0.03908362952573573,0.7612147559370877,0.684021429068084,0.018641693562068195,0.5133805789198853,0.17064085014819888,0.1744014503930042,0.19014583333333332,0.19125407635530542,1.643830082200401,0.11036226993087425
main,1.5,static,3,1.7335084347815286,0.042460820642529484,0.8647996240385176,0.8802562931541917,0.03492058148976589,0.5698153844200641,0.31044090873412766,0.3099181290121343,0.15760416666666666,0.1551425981593289,1.8156637903541966,0.21068796750126834
main,1.5,static,4,1.25373783495696,0.03149981286780659,0.6563323801423637,0.6471900093223766,0.02224684619575325,0.4812582248374726,0.16593178448490403,0.16335898723644127,0.1934375,0.19113463204045036,1.608352225376208,0.1708754657683351
main,1.5,static,5,1.3716500269595109,0.034274406414558437,0.690621737776236,0.6988487237167686,0.026459652329837307,0.5034408477679303,0.19540787594883813,0.19557689365050496,0.18310416666666668,0.18270196119915827,1.6494498129074895,0.13157368101196568
main,1.5,static,6,1.193257487870558,0.04509187643790431,0.8075741348407437,0.6819744997164021,0.015571386521466285,0.5225639789507727,0.15941052076562928,0.16323819741969073,0.1928541666666667,0.19652753923843452,1.6447870462467429,0.047365749399627094
main,1.5,static,7,1.103468869727284,0.03103388156474086,0.6201085949107112,0.5848704487342454,0.017683326259218427,0.45357701244698684,0.1312934362872586,0.12899081774114945,0.20510416666666664,0.20295010807035124,1.5606657499482903,0.1416374172602559
main,1.5,static,8,1.3338771951321207,0.036498358786186416,0.7104081013768807,0.6935945517650627,0.02425582032953749,0.5066999585938567,0.1868945931712057,0.1843739561890264,0.1857083333333333,0.1857123939617604,1.647039104777281,0.03766002112455236
main,1.5,static,9,1.5461932968965462,0.03509499733628026,0.7098374467028127,0.7637085803118796,0.033820671519976434,0.5217627439021295,0.24194583640975006,0.239494508830552,0.17110416666666667,0.17001499245821264,1.7008765147842548,0.16653833642377375
main,1.5,static,10,1.258867514559952,0.05388364705560539,1.082570668727155,0.7984406101142374,0.009033727778377023,0.5941303092027805,0.2043103009114568,0.202506407235692,0.1900833333333333,0.1886681627296109,1.7654950826513836,0.09481818849125541
main,1.5,static,11,1.1302918360899032,0.056058443635151126,1.0347850885148753,0.7403784560799768,0.007225977010787142,0.5740262894609922,0.16635216661898455,0.16397132818822419,0.20218750000000002,0.20020876687949735,1.7079571180528164,0.07723342205206639
main,1.5,static,12,1.4257784908649511,0.025097596211626067,0.5570978963326209,0.6693246611363992,0.034847000424160966,0.46574408000491097,0.20358058113148822,0.20637229383880187,0.17691666666666667,0.17929514297644292,1.6154262759058096,0.2410655094003693
main,1.5,static,13,1.311653263453323,0.0272191050221314,0.5891583597138158,0.6426769093964234,0.027655026620021377,0.46579905626169965,0.17687785313472368,0.17249497185052304,0.18839583333333335,0.18727673433909472,1.5998302161546631,0.19711540576877146
main,1.5,static,14,1.8040940979090017,0.0206580734826102,0.46374333430298564,0.7628318352315328,0.06295040831353738,0.46025165832750387,0.3025801769040287,0.30533527322988746,0.15402083333333333,0.15509024777962735,1.6655182264539241,0.22416234581444644
main,1.5,static,15,1.4056066968163519,0.0326748438939324,0.6603038054603673,0.6995284487235505,0.029556629324345544,0.4973932160662641,0.20213523265728636,0.20190909951693303,0.17997916666666666,0.1805510778347383,1.646928075155499,0.2584392438966526
main,1.5,static,16,1.7324908970416655,0.04228858152963755,0.8163832584217058,0.8637209123310029,0.038139579706631566,0.5600282896365577,0.30369262269444514,0.2996411116003078,0.15691666666666665,0.15658592885333428,1.7945041746129315,0.19032000102583324
main,1.5,static,17,1.3683536572910735,0.03638819418703274,0.7104796597575993,0.7050738370785685,0.025812142391111896,0.5097023807935976,0.19537145628497085,0.1969230474941856,0.1810625,0.18316457468646277,1.6558005602484962,0.025990323504299317
main,1.5,static,18,1.3527754996914358,0.03918726134364936,0.8028474332601254,0.7316033980984036,0.02062193638123466,0.5328554955311591,0.19874790256724448,0.19926990762550637,0.18487500000000004,0.18275572303168,1.6855684096728658,0.17615110793204708
main,1.5,static,19,1.219265190017163,0.03797485010309956,0.7386510204365573,0.6652970201856065,0.018175003257536328,0.5035800173082552,0.16171700287735138,0.16154016204099336,0.19341666666666668,0.19383794791880954,1.627585928301181,0.22643772981581503
main,1.5,quota,0,1.21722343275521,0.018324726819646274,1.065247250875132,0.7669318034833295,4.57725772651554e-06,0.7669318034833295,3.663735981263016e-17,0.00033873047376562404,0.333333333333333,0.333333333333333,2.165880896712536,-0.04111370762759462
main,1.5,quota,1,1.2690737672983832,0.013376006603326848,1.2503028550510709,0.8442508763175937,4.146312118918326e-06,0.8442508763175935,4.0856207306205766e-17,0.0003106339590368626,0.333333333333333,0.333333333333333,2.3016388506092054,0.03133844251673599
main,1.5,quota,2,0.9678083780869136,0.013926908237518987,1.0144239685201657,0.6653864182815329,6.682775516838827e-06,0.6653864182815327,3.5971225997855067e-17,-0.0013824658493607552,0.333333333333333,0.333333333333333,1.8855270230171677,-0.025456640444747124
main,1.5,quota,3,1.279976529187272,0.013592175654510647,1.2424483300009828,0.8453390116142551,3.299949829269988e-06,0.8453390116142551,3.5971225997855067e-17,-0.0006750518327287929,0.333333333333333,0.333333333333333,2.3130117849035305,0.02466695874706725
main,1.5,quota,4,0.9455537366821213,0.013527490490552335,0.915756629357198,0.6249459521766239,2.7890500004124767e-06,0.6249459521766239,3.6415315207705136e-17,-8.244249979039529e-05,0.333333333333333,0.333333333333333,1.8382709269001762,0.022711423532628984
main,1.5,quota,5,1.01879224317896,0.013677162361422671,0.9847101472332003,0.6723931842578611,4.112870929747729e-06,0.6723931842578609,3.8857805861880476e-17,-0.00037617403667509493,0.333333333333333,0.333333333333333,1.9236327382729095,-0.031114078720817707
main,1.5,quota,6,0.9366450392083477,0.016100420602898437,1.0464748017873302,0.6664067538661922,3.6406712563407847e-06,0.6664067538661922,3.486100297322991e-17,0.0017996827833710392,0.333333333333333,0.333333333333333,1.868489967509753,-0.07793316399550206
main,1.5,quota,7,0.8455620476300704,0.013336159659229949,0.8426713049890491,0.5671898374261166,2.7149510895285737e-06,0.5671898374261165,3.6193270602780105e-17,0.0003569323739423166,0.333333333333333,0.333333333333333,1.7397768932323743,0.009853422703975058
main,1.5,quota,8,1.0002388635659147,0.013351942405049323,0.9944367043407599,0.6693425034372411,3.7720017161806085e-06,0.6693425034372411,3.7303493627405256e-17,-0.00014215107058335942,0.333333333333333,0.333333333333333,1.9089861936738477,-0.1180071785361462
main,1.5,quota,9,1.1257428800469407,0.014653189158766145,1.0492810288571661,0.7298923660209578,4.457229054503403e-06,0.7298923660209578,3.7525538232330294e-17,0.0011874764522749259,0.333333333333333,0.333333333333333,2.053066906834077,-0.016787832287837166
main,1.5,quota,10,1.0578684552459463,0.024804380289174234,1.28555639892542,0.78940974482018,2.8624843196553546e-06,0.78940974482018,3.463895836830488e-17,0.0008113132556621895,0.333333333333333,0.333333333333333,2.0718789863827363,0.0008661026998794666
main,1.5,quota,11,0.9601093136407932,0.02836474399995955,1.2109925411789084,0.7331555329398871,3.0538706975591857e-06,0.7331555329398871,3.8635761256955445e-17,0.0008202330188617395,0.333333333333333,0.333333333333333,1.9484839147088153,-0.006540978493416073
main,1.5,quota,12,1.0174967584459735,0.019498771691960792,0.8664508463752971,0.6344821255044106,4.464792172223297e-06,0.6344821255044104,3.530509218307997e-17,-0.0005798880754052174,0.333333333333333,0.333333333333333,1.891398952880269,0.05473643856725382
main,1.5,quota,13,0.9612102445926215,0.01567609765289888,0.8681929514047944,0.6150264312167717,4.548440369699929e-06,0.6150264312167716,3.97459842815806e-17,0.0005426672515566317,0.333333333333333,0.333333333333333,1.8400438595944142,0.03130380014056976
main,1.5,quota,14,1.1955064168752079,0.04083997355476382,0.863306575360556,0.6998843219301758,2.8950121806172744e-06,0.6998843219301757,3.552713678800501e-17,0.0002941910974422076,0.333333333333333,0.333333333333333,2.0838556592869693,-0.026719460229822013
main,1.5,quota,15,1.0308867113511262,0.014410588130124408,0.9646258733258545,0.6699743909357018,2.571536496864038e-06,0.6699743909357018,3.730349362740526e-17,-0.0006012698187553086,0.333333333333333,0.333333333333333,1.9295762089142232,0.08731644123497648
main,1.5,quota,16,1.2579958419719985,0.013998329476273563,1.2047616937225072,0.8255852883902598,3.955765888461286e-06,0.8255852883902597,3.774758283725532e-17,-0.0011425427178291595,0.333333333333333,0.333333333333333,2.26821014790693,-0.00515083648585642
main,1.5,quota,17,1.021236888856408,0.013411762785742942,1.003141832305382,0.6792634946491776,1.7999617209495974e-06,0.6792634946491776,3.5305092183079985e-17,5.643925126606801e-05,0.333333333333333,0.333333333333333,1.9313442973946366,-0.13404776126718326
main,1.5,quota,18,1.0407661073253314,0.013613961761058368,1.0785774352992856,0.7109858347952251,4.373078056084877e-06,0.7109858347952251,3.7081449022480224e-17,-0.0014280882059461487,0.333333333333333,0.333333333333333,1.973990737887269,0.03250056436246807
main,1.5,quota,19,0.9403701587966482,0.013792439283812161,0.9872192416131018,0.6471272798978541,5.262969783832569e-06,0.6471272798978541,3.930189507173054e-17,-0.0004283063675428208,0.333333333333333,0.333333333333333,1.8535437738994152,0.09116851144216977
main,1.5,ipw,0,1.2194477720888803,0.018506679102833563,1.0637590221441269,0.7672378244452803,0.000310598219677368,0.5669315596866563,0.20030626475862387,0.19786050416444134,0.15685416666666666,0.1576151417668878,1.7328263475004237,-0.040239274841485616
main,1.5,ipw,1,1.2910293444000556,0.013836738944244226,1.2296674929717375,0.8448445254386788,0.0005977954332043037,0.6035037260628817,0.24134079937579728,0.2389344274275922,0.15208333333333332,0.1532674541070183,1.8136367885973368,0.040876063499877144
main,1.5,ipw,2,0.9689895445080827,0.01421563481426287,1.013752787521485,0.6656526556146101,0.00027292010859424846,0.5318937310761138,0.13375892453849636,0.13857675029800492,0.18991666666666668,0.19103216778909338,1.6439935394252352,-0.02498828715473645
main,1.5,ipw,3,1.2688444884364851,0.014234957719874467,1.25436279535795,0.8458140805047698,0.000478368840343796,0.6073223120758215,0.23849176842894826,0.24121975099879486,0.15985416666666663,0.1571200483074469,1.816927617067816,0.019509073379174895
main,1.5,ipw,4,0.9434620653115295,0.013765593482469436,0.9182216282727703,0.6251497623555898,0.00020659922896633056,0.5040582639900753,0.12109149836551458,0.1198498783904474,0.193625,0.1913549541461718,1.6084920566668377,0.021521985971114443
main,1.5,ipw,5,1.0244466672739647,0.013887203100790382,0.9797637847005036,0.6726992183584197,0.0003101469714885159,0.5288888276137416,0.1438103907446782,0.14418705288323305,0.18277083333333333,0.1819435397838664,1.649582506264108,-0.028448295621862525
main,1.5,ipw,6,0.9518766823322748,0.017172829563339202,1.0308828985070384,0.6666441368008844,0.00024102360594848585,0.535697714437769,0.13094642236311535,0.13347001708040526,0.1908125,0.19414765956665056,1.6446556872173133,-0.07013890638702722
main,1.5,ipw,7,0.8486805684568435,0.013514203256138729,0.8399082429870358,0.5673676715666727,0.0001805490916456931,0.47020077531786386,0.09716689624880885,0.09559958152970079,0.20464583333333333,0.20217508402352807,1.5608888481879517,0.011466633173287121
main,1.5,ipw,8,1.0098706331231537,0.013556654643772476,0.98531506580331,0.6695807845234121,0.00024205308788697682,0.5288349852350367,0.14074579928837544,0.13699863692741515,0.18410416666666668,0.18418005982868854,1.647058078016181,-0.11328086025845589
main,1.5,ipw,9,1.126911269952827,0.014916792652582615,1.0487306013426112,0.7301862213160071,0.0002983125241036654,0.5555127574126476,0.1746734639033593,0.17326321080623827,0.17089583333333333,0.16983103015081552,1.7010004668755427,-0.01637316364613543
main,1.5,ipw,10,1.0556674089112321,0.024842068058496865,1.2886160297494622,0.7897085022397305,0.0003016199038700191,0.603015445133725,0.1866930571060054,0.1856464025317835,0.1901458333333333,0.18902629520745862,1.7657850701963813,-0.00035733839139754124
main,1.5,ipw,11,0.9625294903193821,0.028900966445825925,1.2088328297869837,0.7334210955173972,0.0002686164482076186,0.580742115130118,0.15267898038727926,0.15035840267299933,0.201375,0.19966298786042902,1.707971802344402,-0.005433332761037772
main,1.5,ipw,12,1.0267940920533936,0.01904680136971322,0.8583736192736777,0.6347381708989281,0.00026051018668986115,0.49807042561415465,0.1366677452847734,0.1380388144323968,0.1755,0.177790046115828,1.6156696603472926,0.05924762766132574
main,1.5,ipw,13,0.9648396259902402,0.015664158432780156,0.8650588930739268,0.6151875591656489,0.00016567638924710516,0.49245438914252715,0.12273317002312192,0.11737321665170293,0.18791666666666668,0.18661648662179947,1.5999871093152895,0.03308536755798287
main,1.5,ipw,14,1.2108521065904547,0.038789896994528075,0.8507603976284834,0.700134133737822,0.00025270681982681505,0.5180262959057238,0.1821078378320982,0.18510970293023252,0.15199999999999997,0.15279498681070708,1.6655105504082333,-0.019778473592013162
main,1.5,ipw,15,1.0390728560016402,0.01458569572456428,0.9575511297409023,0.6704032271557023,0.000431407756497306,0.5246150690682991,0.1457881580874031,0.1447423445615784,0.17877083333333335,0.17917182271368867,1.6471007354811278,0.09116227957908236
main,1.5,ipw,16,1.2676493355436236,0.014085693841080823,1.1959161499861,0.825883726456935,0.0003023938325635028,0.5963568674296775,0.2295268590272573,0.2262457388881606,0.15452083333333333,0.15526531953578454,1.7939328158852397,-0.0009601615420608643
main,1.5,ipw,17,1.031792620356637,0.013648010390394838,0.9933292611789686,0.6795899639753333,0.0003282692878766885,0.5329689253738509,0.1466210386014824,0.14733130062874897,0.1793958333333333,0.18135500423125525,1.6558099066383813,-0.1289527136912062
main,1.5,ipw,18,1.032370259197156,0.01375308358227455,1.0876945270404366,0.711272623273289,0.00029116155612009123,0.5558841396040313,0.15538848366925778,0.15836221500820574,0.18625,0.18456788507749133,1.6861138767438828,0.028220192218491175
main,1.5,ipw,19,0.9429880390924208,0.014098852019678764,0.9850504953371804,0.6473791288164267,0.00025711188835644285,0.5216828117277938,0.12569631708863277,0.12580077816886784,0.19310416666666666,0.19374095283644793,1.6277578635859342,0.0923960533269497
main,3.0,endogenous,0,2.615408211638567,0.21167834866891083,0.27333898354927283,1.0334751812855836,0.2665479550599807,0.27353827228806604,0.7599369089975176,0.7590205950187896,0.013437499999999995,0.013360718363810259,1.9233287184780052,0.47472576814028206
main,3.0,endogenous,1,2.6936452147661507,0.2739089311227362,0.3683913068491288,1.1119818175793386,0.26773508757386383,0.35248024743686485,0.7595015701424737,0.7600410055571241,0.013937499999999992,0.014002700627268022,2.0325242766566136,0.5478417420393739
main,3.0,endogenous,2,2.0464119765880535,0.23729016617171647,0.3178914073163507,0.8671978500253736,0.20181811451935766,0.304848075384776,0.5623497746405974,0.562746842753657,0.016333333333333328,0.016115180198494367,1.9641125756611248,0.4233743141079801
main,3.0,endogenous,3,2.6978190436975718,0.2604471659847698,0.3683522268785763,1.1088728121869729,0.2635371005225469,0.3452985421708827,0.76357427001609,0.7628935291141995,0.014479166666666658,0.013929475060702304,2.0229531279335236,0.5376105088332938
main,3.0,endogenous,4,2.0096771668677915,0.20136326603247473,0.2659999592623506,0.8256801307208722,0.20073696759424883,0.26136812100840184,0.5643120097124704,0.5629231259854829,0.016374999999999994,0.01598008072845632,1.907582711103797,0.47008927603949163
main,3.0,endogenous,5,2.1836629536097023,0.2177333408228676,0.2787739770913189,0.8933900905079633,0.221001019121032,0.27627168343204855,0.6171184070759145,0.618027118820581,0.014416666666666656,0.014811737228992188,1.927561155103195,0.43933830738866747
main,3.0,endogenous,6,1.9767713273804641,0.25636551222771997,0.3453657643732521,0.8595008679938122,0.1930977547988764,0.32795521276770767,0.5315456552261046,0.5323832078574071,0.016666666666666663,0.017069854142943503,1.99529943125473,0.36236778342363984
main,3.0,endogenous,7,1.7959588088362843,0.19296321678925876,0.2513639474211448,0.7467619910155626,0.17957486854053567,0.25102665083594183,0.49573534017962084,0.49691885341852443,0.01766666666666666,0.01869023862212245,1.888618184080718,0.4327146315635001
main,3.0,endogenous,8,2.1424576877201367,0.2267084925371367,0.2888537490060529,0.8860066430877757,0.21666791165225038,0.2856565772353742,0.6003500658524015,0.5999478316378946,0.015229166666666658,0.01515897672560092,1.9390013177475691,0.34768413900205514
main,3.0,endogenous,9,2.407205652036967,0.22154917608214109,0.2893956053374773,0.972716811152195,0.2428289023602918,0.28465074849675054,0.6880660626554443,0.6861226075719349,0.014666666666666658,0.013935185248633186,1.9386407079320755,0.4756920980441392
main,3.0,endogenous,10,0.5218406666934964,0.05448244755958104,2.078849439021676,0.8850575177582514,0.0956506354223909,0.23664903067195944,0.6484084870862918,0.6450479003752316,0.27120833333333333,0.26918118939121316,2.486043614190942,-0.30828530047113695
main,3.0,endogenous,11,0.3866368239644692,0.07082203368904397,2.1348438186057193,0.8641008920864108,0.13094841301722115,0.22298877529028674,0.6411121167961238,0.6387785242256513,0.32464583333333336,0.3217072444709264,2.328230491070972,-0.36866866700575407
main,3.0,endogenous,12,2.1875267659206834,0.16860970158852143,0.21706680948725796,0.8577344256654877,0.2232567649532496,0.22099396406310312,0.6367404616023846,0.6351535823816128,0.014937499999999992,0.014306358850873894,1.8643212489181942,0.527135190511558
main,3.0,endogenous,13,2.0536594734258076,0.17859720757236405,0.23412368099285352,0.8221267873303418,0.2071049045539398,0.23419309774609715,0.5879336895842445,0.5858152521906401,0.016270833333333328,0.01533048959013138,1.8771631615828575,0.486088529109297
main,3.0,endogenous,14,2.5902846095244896,0.13740332446305212,0.1765647182138139,0.9680842174004518,0.26820279048245677,0.18780947189330943,0.7802747455071424,0.7809304047120985,0.01235416666666666,0.01275699510033335,1.8308900808029367,0.49127392544984305
main,3.0,endogenous,15,2.2145687606218187,0.20891030652738948,0.263932542693426,0.8958038699475448,0.22583205054833985,0.26462289415377516,0.6311809757937696,0.6327321604324576,0.01366666666666666,0.01453460732413164,1.9134322463012723,0.5621907066711349
main,3.0,endogenous,16,2.67942874356259,0.2549610225183702,0.3433943156142309,1.092594693898397,0.26701336127402586,0.330487121928709,0.7621075719696879,0.7618587045692341,0.013520833333333326,0.013792528624923778,1.999505388024168,0.5119827729301379
main,3.0,endogenous,17,2.179277084311859,0.22410420958008764,0.2913340942156122,0.8982384627025196,0.21897676801506308,0.2855988563926931,0.6126396063098265,0.611573368688919,0.015124999999999991,0.014932042704282533,1.9395587090553081,0.3336870498207944
main,3.0,endogenous,18,2.196486154583228,0.24440667531707322,0.33643529034496816,0.9257760400817568,0.2147945783645878,0.31769993279335235,0.6080761072884044,0.6097913259221548,0.014854166666666658,0.015181411965143322,1.9843765558669357,0.49636080263577903
main,3.0,endogenous,19,1.9909216950350246,0.22940881549198391,0.3087727629259921,0.8430344244843335,0.1959124075562632,0.2964441687476244,0.546590255736709,0.5464815364131652,0.01629166666666666,0.01654451138168601,1.9516940997939431,0.5345742065037404
main,3.0,static,0,1.6856909129104338,0.029118199657628407,0.7017735457412427,0.8055275527697681,0.03860032654416527,0.27023862461521614,0.5352889281545521,0.5370353047610602,0.060583333333333336,0.06171634988485565,2.553154631847206,0.15483600584784185
main,3.0,static,1,1.5190299122909348,0.0234515867199585,1.0249478887957175,0.8558097959355372,0.01156306593006224,0.2619181602464541,0.593891635689083,0.5921917072847388,0.059250000000000004,0.06011653366754009,2.756544870992173,0.1377774484492429
main,3.0,static,2,1.1746669669788683,0.029010251798869884,0.8232340131900682,0.6756370773226021,0.010257341816586194,0.3133194247469594,0.36231765257564275,0.36595949480178425,0.09810416666666669,0.09917650052091284,2.3891312485515934,0.07518719303515994
main,3.0,static,3,1.5466224467345926,0.022779336130714638,1.0051779755178216,0.8581932527943763,0.012857541129950415,0.2605422529770679,0.5976509998173085,0.5975752486305304,0.05950000000000001,0.05863013272780322,2.752382505614922,0.13744511062816384
main,3.0,static,4,1.2565630485578818,0.03179189031365437,0.6542031799449448,0.6475193729388269,0.022576209812203523,0.30796770178515737,0.33955167115366963,0.33663463895785933,0.10047916666666667,0.0992996804122166,2.2720327215623017,0.1721687271844454
main,3.0,static,5,1.3391662556501136,0.030371022122307974,0.7137869839432057,0.6944414205718757,0.02205234918494458,0.3014437916002316,0.3929976289716442,0.39183088112564274,0.08954166666666669,0.08796167883498388,2.3817204118590896,0.11757960533891057
main,3.0,static,6,1.0784791491688097,0.028704316620692488,0.9069848337435535,0.6713894331776851,0.004986319982749427,0.31925452193621695,0.35213491124146823,0.3515186918880735,0.10520833333333335,0.10653026369858778,2.405314989409686,-0.0067955892765981536
main,3.0,static,7,1.1110903106386953,0.03198949738426028,0.6143969611762856,0.5858255897330803,0.018638467258053376,0.31450344114997286,0.27132214858310755,0.267167419241035,0.12097916666666668,0.1172804674592133,2.1414768487025095,0.1452944354869672
main,3.0,static,8,1.280317911681878,0.029863985554263717,0.7501973530418703,0.686793083426004,0.017454351990478942,0.30585761333186456,0.38093547009413947,0.37832825697729944,0.09252083333333334,0.09179153731700905,2.3833944485695118,0.014133903339290262
main,3.0,static,9,1.493103244847078,0.02915720376918421,0.7463222625022774,0.7561942370395132,0.02630632824760996,0.2863954691586416,0.46979876788087155,0.46807505357113666,0.07385416666666668,0.07323362386326715,2.5000811219145302,0.14492819427616074
main,3.0,static,10,1.0070491223728415,0.020150719505410253,1.3432192195341126,0.7901396871374547,0.0007328048015944242,0.2890692174016519,0.5010704697358029,0.4990012327411633,0.09252083333333334,0.09193760534754337,2.704534306773712,-0.024362878329480493
main,3.0,static,11,0.9004472555996734,0.021770709182227076,1.2803387160688648,0.7341855602835884,0.0010330812143988807,0.30933936195604805,0.4248461983275404,0.42242894589256574,0.11170833333333333,0.10931284834005675,2.5860206137000357,-0.037741614065224124
main,3.0,static,12,1.4963999163024735,0.03222806209892506,0.5145699585808738,0.6810659789940908,0.04658831828185254,0.2852329379644315,0.39583304102965927,0.3957304269997077,0.08397916666666669,0.08362494389353693,2.2536092078165417,0.27044398876273196
main,3.0,static,13,1.3604657207782238,0.03264977601487919,0.5573928817307544,0.6501694595079524,0.03514757673155045,0.2972475276755156,0.35292193183243675,0.34968047658083184,0.09479166666666669,0.09389885956972935,2.228776266659602,0.21834055596896546
main,3.0,static,14,1.949342836006408,0.03249347705620244,0.3950809986762268,0.7923057705796125,0.0924243436616173,0.2467087061397316,0.5455970644398809,0.547857309713037,0.05804166666666667,0.05862302905308843,2.3239248479896433,0.2773948483423999
main,3.0,static,15,1.4045931276040062,0.032475847469746646,0.6608419834428912,0.6993036528388814,0.029331833439676446,0.29747614165898373,0.40182751117989757,0.3986369099074664,0.08514583333333332,0.08531832886203895,2.366382586102642,0.2580481939937696
main,3.0,static,16,1.561938807594241,0.024005727482827074,0.9402903180869581,0.842078284388009,0.016496951763637503,0.26511896556722314,0.5769593188207857,0.576947209772844,0.0599375,0.06005092024441584,2.7085425561478536,0.12361476887723377
main,3.0,static,17,1.3194473384550152,0.030355345000387567,0.7461957710071877,0.69866615148753,0.01940445680007339,0.30288606998181716,0.39578008150571287,0.3963651194257077,0.08689583333333334,0.0884920963441254,2.4034587199676105,0.004822368806041878
main,3.0,static,18,1.2509670683711085,0.026749443911349802,0.8844189313814257,0.7207118145546278,0.009730352837459055,0.3027309106315735,0.4179809039230545,0.4194716004240656,0.0880625,0.08759356382649794,2.4924739387965444,0.13133085801380392
main,3.0,static,19,1.1588258890213516,0.02998548363496074,0.7868259412661109,0.6585457713074745,0.011423754379404249,0.3157195031466274,0.3428262681608472,0.3435857226929858,0.10206250000000001,0.10300489404919935,2.34440810128261,0.19858335166945082
main,3.0,quota,0,1.21722343275521,0.018324726819646274,1.065247250875132,0.7669318034833295,4.57725772651554e-06,0.7669318034833295,3.663735981263016e-17,0.00033873047376562404,0.333333333333333,0.333333333333333,6.36324985006964,-0.04111370762759462
main,3.0,quota,1,1.2690737672983832,0.013376006603326848,1.2503028550510709,0.8442508763175937,4.146312118918326e-06,0.8442508763175935,4.0856207306205766e-17,0.0003106339590368626,0.333333333333333,0.333333333333333,7.55573980417096,0.03133844251673599
main,3.0,quota,2,0.9678083780869136,0.013926908237518987,1.0144239685201657,0.6653864182815329,6.682775516838827e-06,0.6653864182815327,3.5971225997855067e-17,-0.0013824658493607552,0.333333333333333,0.333333333333333,4.300620552002542,-0.025456640444747124
main,3.0,quota,3,1.279976529187272,0.013592175654510647,1.2424483300009828,0.8453390116142551,3.299949829269988e-06,0.8453390116142551,3.5971225997855067e-17,-0.0006750518327287929,0.333333333333333,0.333333333333333,7.631065381849444,0.02466695874706725
main,3.0,quota,4,0.9455537366821213,0.013527490490552335,0.915756629357198,0.6249459521766239,2.7890500004124767e-06,0.6249459521766239,3.6415315207705136e-17,-8.244249979039529e-05,0.333333333333333,0.333333333333333,3.950169982483408,0.022711423532628984
main,3.0,quota,5,1.01879224317896,0.013677162361422671,0.9847101472332003,0.6723931842578611,4.112870929747729e-06,0.6723931842578609,3.8857805861880476e-17,-0.00037617403667509493,0.333333333333333,0.333333333333333,4.551615076381418,-0.031114078720817707
main,3.0,quota,6,0.9366450392083477,0.016100420602898437,1.0464748017873302,0.6664067538661922,3.6406712563407847e-06,0.6664067538661922,3.486100297322991e-17,0.0017996827833710392,0.333333333333333,0.333333333333333,4.204414803865347,-0.07793316399550206
main,3.0,quota,7,0.8455620476300704,0.013336159659229949,0.8426713049890491,0.5671898374261166,2.7149510895285737e-06,0.5671898374261165,3.6193270602780105e-17,0.0003569323739423166,0.333333333333333,0.333333333333333,3.308865173039797,0.009853422703975058
main,3.0,quota,8,1.0002388635659147,0.013351942405049323,0.9944367043407599,0.6693425034372411,3.7720017161806085e-06,0.6693425034372411,3.7303493627405256e-17,-0.00014215107058335942,0.333333333333333,0.333333333333333,4.452907096115358,-0.1180071785361462
main,3.0,quota,9,1.1257428800469407,0.014653189158766145,1.0492810288571661,0.7298923660209578,4.457229054503403e-06,0.7298923660209578,3.7525538232330294e-17,0.0011874764522749259,0.333333333333333,0.333333333333333,5.510817608997119,-0.016787832287837166
main,3.0,quota,10,1.0578684552459463,0.024804380289174234,1.28555639892542,0.78940974482018,2.8624843196553546e-06,0.78940974482018,3.463895836830488e-17,0.0008113132556621895,0.333333333333333,0.333333333333333,5.8899933122403105,0.0008661026998794666
main,3.0,quota,11,0.9601093136407932,0.02836474399995955,1.2109925411789084,0.7331555329398871,3.0538706975591857e-06,0.7331555329398871,3.8635761256955445e-17,0.0008202330188617395,0.333333333333333,0.333333333333333,4.907006103873449,-0.006540978493416073
main,3.0,quota,12,1.0174967584459735,0.019498771691960792,0.8664508463752971,0.6344821255044106,4.464792172223297e-06,0.6344821255044104,3.530509218307997e-17,-0.0005798880754052174,0.333333333333333,0.333333333333333,4.307202126429396,0.05473643856725382
main,3.0,quota,13,0.9612102445926215,0.01567609765289888,0.8681929514047944,0.6150264312167717,4.548440369699929e-06,0.6150264312167716,3.97459842815806e-17,0.0005426672515566317,0.333333333333333,0.333333333333333,3.9553314575101153,0.03130380014056976
main,3.0,quota,14,1.1955064168752079,0.04083997355476382,0.863306575360556,0.6998843219301758,2.8950121806172744e-06,0.6998843219301757,3.552713678800501e-17,0.0002941910974422076,0.333333333333333,0.333333333333333,5.712218054116888,-0.026719460229822013
main,3.0,quota,15,1.0308867113511262,0.014410588130124408,0.9646258733258545,0.6699743909357018,2.571536496864038e-06,0.6699743909357018,3.730349362740526e-17,-0.0006012698187553086,0.333333333333333,0.333333333333333,4.587749854657984,0.08731644123497648
main,3.0,quota,16,1.2579958419719985,0.013998329476273563,1.2047616937225072,0.8255852883902598,3.955765888461286e-06,0.8255852883902597,3.774758283725532e-17,-0.0011425427178291595,0.333333333333333,0.333333333333333,7.245470807311795,-0.00515083648585642
main,3.0,quota,17,1.021236888856408,0.013411762785742942,1.003141832305382,0.6792634946491776,1.7999617209495974e-06,0.6792634946491776,3.5305092183079985e-17,5.643925126606801e-05,0.333333333333333,0.333333333333333,4.612110209443232,-0.13404776126718326
main,3.0,quota,18,1.0407661073253314,0.013613961761058368,1.0785774352992856,0.7109858347952251,4.373078056084877e-06,0.7109858347952251,3.7081449022480224e-17,-0.0014280882059461487,0.333333333333333,0.333333333333333,4.9514959314493945,0.03250056436246807
main,3.0,quota,19,0.9403701587966482,0.013792439283812161,0.9872192416131018,0.6471272798978541,5.262969783832569e-06,0.6471272798978541,3.930189507173054e-17,-0.0004283063675428208,0.333333333333333,0.333333333333333,4.073830905500007,0.09116851144216977
main,3.0,ipw,0,1.2668043953447388,0.01678301698719476,1.0218994999919542,0.7684956374412958,0.0015684112156930184,0.30898206643480647,0.4595135710064895,0.4598546769829451,0.05493750000000001,0.05584662602399759,2.512786356909486,-0.01922591663875236
main,3.0,ipw,1,1.3315824887594745,0.014723979512413294,1.1916246709617102,0.8459770464111995,0.0017303164057246938,0.28050336781536334,0.5654736785958361,0.5625548316164273,0.05208333333333333,0.053065861770761315,2.7132600502227033,0.05847648632337251
main,3.0,ipw,2,0.9797633358707701,0.014614911535172807,1.0029932446780243,0.6657904973613223,0.0004107618553065521,0.3241695482756302,0.3416209490856922,0.3462310450707089,0.09508333333333334,0.09659425574647884,2.38162714238553,-0.019543731877323535
main,3.0,ipw,3,1.3015041416999413,0.014482866104085742,1.2235839164255844,0.8465236414098705,0.0011879297454445953,0.2765065552122211,0.5700170861976496,0.5693063386487045,0.05797916666666667,0.05676910599449778,2.734882103996602,0.03370682966568234
main,3.0,ipw,4,0.9617021223823109,0.013764665355802657,0.9007852024286718,0.6254173300555952,0.0004741669289716766,0.3296227461315239,0.2957945839240712,0.2936345143641094,0.09610416666666668,0.0955546590779089,2.2618710185841007,0.030834695949393733
main,3.0,ipw,5,1.0323589368739536,0.013991338894394186,0.9724727971021684,0.6729410242901721,0.0005519529032409061,0.3233983349190482,0.34954268937112387,0.3494109710584931,0.08743750000000002,0.08579003386208764,2.373049449623837,-0.024625127821988578
main,3.0,ipw,6,0.9586317713914216,0.017669556560273407,1.0240140223706338,0.6667717834407763,0.0003686702458403921,0.3256851111788992,0.34108667226187694,0.34108747161520847,0.1003125,0.1016998304784456,2.394951233681443,-0.0666938552241769
main,3.0,ipw,7,0.8420938051195124,0.013574655008792477,0.8466173303148393,0.5674285968143815,0.0002414743393544823,0.3330976359133538,0.2343309609010277,0.23202180584668103,0.12162500000000001,0.11810426208516414,2.1422733871247894,0.007819824802855457
main,3.0,ipw,8,1.0063479380265687,0.013748171674113501,0.9891811171005415,0.6697590756004079,0.0004203441648828304,0.3233567319623657,0.3464023436380422,0.3445104873970793,0.0915625,0.09100324540746911,2.3794157181901303,-0.11514300536584055
main,3.0,ipw,9,1.1370303359449347,0.015195303463184082,1.0401556225887374,0.7307937539989521,0.0009058452070487664,0.3126942372618195,0.4180995167371326,0.4170191693967875,0.07372916666666667,0.07207873039001053,2.4901093246858377,-0.01186318250995544
main,3.0,ipw,10,1.0570606363606523,0.025431003088846188,1.2881192950321663,0.7902036448272215,0.0007967624913611358,0.2898861774162989,0.5003174674109225,0.4980440126642107,0.09383333333333334,0.09270776767176683,2.7007022620686074,8.21976808493983e-05
main,3.0,ipw,11,0.9556474916160221,0.028350427691313285,1.2173425945272391,0.7337801712781917,0.0006276922090019434,0.30929100801064113,0.4244891632675504,0.42264043441706134,0.11320833333333333,0.11086410266478959,2.584210289487286,-0.009155830086214633
main,3.0,ipw,12,1.0372330844854736,0.018546661924509406,0.8493176188039889,0.6350324550713238,0.0005547943590856451,0.32984120784409865,0.3051912472272253,0.30480745078318344,0.08008333333333335,0.08009352531815421,2.240796399901373,0.0643093728668731
main,3.0,ipw,13,0.9761909890216316,0.015412406323301694,0.8548584681260645,0.6154872878236659,0.00046540504726397605,0.3303497284906143,0.2851375593330516,0.28166087879036106,0.0915,0.09079004857950468,2.219548512103226,0.038762355125287654
main,3.0,ipw,14,1.2473433834945449,0.035098678121226315,0.8228242254523295,0.7017554290226999,0.0018740021047048282,0.3305807158812591,0.3711747131414409,0.373387110673155,0.05256250000000001,0.05299664336785881,2.2844437610561004,-0.0037454824694678436
main,3.0,ipw,15,1.0717778301978533,0.014096065468657725,0.9270209516068411,0.6709649490911176,0.0009931296919124752,0.32392963391091045,0.3470353151802069,0.34218367374754155,0.07768749999999999,0.07762428758078385,2.33888707791506,0.10709792957368496
main,3.0,ipw,16,1.2880836635895834,0.014290990776641976,1.1772314578802199,0.8265353707488152,0.0009540381244438175,0.28484920190021645,0.5416861688485987,0.5408478078819854,0.05687500000000001,0.05698806283853756,2.6869236738304054,0.007901656229665798
main,3.0,ipw,17,1.0454787164118147,0.013829517708351535,0.9803603856259284,0.6798895399153648,0.0006278452279081515,0.3221097391425661,0.3577798007727987,0.3562858670457179,0.08241666666666668,0.083818727728719,2.3875854464943815,-0.1222850815880507
main,3.0,ipw,18,1.046929242032478,0.014472537499890645,1.0738561236877888,0.7117526344067191,0.0007711726895501578,0.3131605918753258,0.39859204253139335,0.40041486528117953,0.08741666666666667,0.08735951499448048,2.4876610461349786,0.0351608533357964
main,3.0,ipw,19,0.9603290310275637,0.014872668096920134,0.9680838960454823,0.6477618650566555,0.000639848128585224,0.32749424502304614,0.3202676200336093,0.3223240430922375,0.09775,0.09907202203030527,2.3337884578316115,0.10119431752535082
symmetric,0.0,endogenous,0,1.2167161588578792,0.01855565317865302,1.0660818473624405,0.7671178864663242,0.00019066024072132855,0.7671178864663243,3.2196467714129544e-17,-0.0018151161783124905,0.3326666666666666,0.333333333333333,1.1553144765290246,-0.04142976256277596
symmetric,0.0,endogenous,1,1.2783500592055104,0.013635899546778772,1.2417136120279477,0.8445665235934123,0.00031979358793754486,0.8445665235934123,3.441691376337986e-17,-0.0017594351426757214,0.3320208333333333,0.333333333333333,1.1553144765290246,0.035339169058633615
symmetric,0.0,endogenous,2,0.9627729474625484,0.013976506505076636,1.01994301975433,0.6655641579073184,0.0001844224013025247,0.6655641579073184,3.7303493627405256e-17,0.004616695373166291,0.33274999999999993,0.333333333333333,1.1553144765290246,-0.028125268505459128
symmetric,0.0,endogenous,3,1.2690173156566886,0.01403326202229356,1.2538025801496613,0.8456177192762147,0.0002820076117885515,0.8456177192762147,3.7081449022480224e-17,0.001726717615636191,0.3365208333333334,0.333333333333333,1.1553144765290246,0.019673130733390904
symmetric,0.0,endogenous,4,0.9418739566299831,0.013739018412143682,0.919687632436484,0.6251002024928702,0.00015703936624681707,0.62510020249287,4.1744385725905886e-17,-0.0020714865455652544,0.33547916666666666,0.333333333333333,1.1553144765290246,0.020724764248426494
symmetric,0.0,endogenous,5,1.014034515300415,0.013940303379943456,0.9897285788178463,0.6725677991660685,0.00017872777913724964,0.6725677991660685,3.5527136788005004e-17,-0.0022298860520131953,0.3372708333333333,0.333333333333333,1.1553144765290246,-0.03357249257112231
symmetric,0.0,endogenous,6,0.9431563983187969,0.016604811194708746,1.0399094598032792,0.6665568897722617,0.0001537765773258492,0.6665568897722616,3.3084646133829663e-17,0.003119800793097821,0.3295416666666666,0.333333333333333,1.1553144765290246,-0.0746264978623146
symmetric,0.0,endogenous,7,0.8475270758637384,0.013450907790597927,0.8409353776201346,0.567304453758157,0.00011733128312996705,0.567304453758157,3.3084646133829663e-17,-0.00032621379491224475,0.33408333333333334,0.333333333333333,1.1553144765290246,0.010868527055702308
symmetric,0.0,endogenous,8,1.0041890990587934,0.013491432618377791,0.9908061583704825,0.6694955633492179,0.00015683191369279356,0.6694955633492179,4.4630965589931296e-17,-0.002890315022503792,0.33233333333333337,0.333333333333333,1.1553144765290246,-0.11609663588664036
symmetric,0.0,endogenous,9,1.1207103557825078,0.01497274194973056,1.0544158138666626,0.730032970532967,0.00014506174106371683,0.730032970532967,3.397282455352979e-17,-0.0022828725209727133,0.3358125,0.333333333333333,1.1553144765290246,-0.01924071895063305
symmetric,0.0,endogenous,10,1.0556439264280484,0.024714956058940685,1.2883490340108321,0.7895693054992735,0.00016242316341324783,0.7895693054992735,3.530509218307997e-17,-0.0029808711301160364,0.33543749999999994,0.333333333333333,1.1553144765290246,-0.00030070611498271484
symmetric,0.0,endogenous,11,0.9602583005015856,0.028501027071804807,1.211110645160256,0.7332899909112154,0.00013751184202584726,0.7332899909112154,3.819167204710538e-17,-0.0035748450137306105,0.33643750000000006,0.333333333333333,1.1553144765290246,-0.006533509470353797
symmetric,0.0,endogenous,12,1.0184926263701644,0.01963643581334936,0.8659172805901596,0.6346821142578912,0.00020445354565302572,0.6346821142578912,4.1744385725905886e-17,-0.0022898939739319723,0.33422916666666663,0.333333333333333,1.1553144765290246,0.055133545854463575
symmetric,0.0,endogenous,13,0.9628768305751063,0.015736139923893253,0.8668755206789136,0.6151628303926377,0.00014094761623584175,0.6151628303926376,4.130029651605582e-17,-0.005407649000980877,0.33425,0.333333333333333,1.1553144765290246,0.032089824287166224
symmetric,0.0,endogenous,14,1.2023189401127121,0.04000100077934686,0.8578509116618586,0.7000569508513059,0.0001755239333106556,0.7000569508513059,4.3298697960381107e-17,0.005641979022353328,0.33029166666666665,0.333333333333333,1.1553144765290246,-0.023666479938876887
symmetric,0.0,endogenous,15,1.0309163056056967,0.0146879718188925,0.9651275022040016,0.6702439265428636,0.0002721071436586178,0.6702439265428634,3.5527136788005004e-17,-0.0023433990432165756,0.3330416666666666,0.333333333333333,1.1553144765290246,0.08719748558658387
symmetric,0.0,endogenous,16,1.2598086207080619,0.014165204028670126,1.2033916132016207,0.8257884793127843,0.00020714668841292577,0.8257884793127843,3.486100297322992e-17,-0.005968530171297908,0.33399999999999996,0.333333333333333,1.1553144765290246,-0.004429808233649234
symmetric,0.0,endogenous,17,1.026302864492245,0.013648376890028222,0.9986757520590178,0.6795423311470972,0.00028063645964044903,0.6795423311470972,3.752553823233029e-17,0.0011614953288051877,0.33035416666666667,0.333333333333333,1.1553144765290246,-0.13166335648358785
symmetric,0.0,endogenous,18,1.0310731974205265,0.013705868995137985,1.0889620318416893,0.711247032752451,0.00026557103528222504,0.711247032752451,3.974598428158061e-17,0.0042873338762994834,0.3330208333333334,0.333333333333333,1.1553144765290246,0.027593381447527193
symmetric,0.0,endogenous,19,0.9387502886805226,0.013907990105714012,0.9891931108680684,0.6472837965514351,0.00016177962336473103,0.6472837965514351,3.3528735343679726e-17,-0.0028578485403048743,0.33539583333333334,0.333333333333333,1.1553144765290246,0.09024688834604502
symmetric,0.0,static,0,1.2167161588578792,0.01855565317865302,1.0660818473624405,0.7671178864663242,0.00019066024072132855,0.7671178864663243,3.2196467714129544e-17,-0.0018151161783124905,0.3326666666666666,0.333333333333333,1.1553144765290246,-0.04142976256277596
symmetric,0.0,static,1,1.2783500592055104,0.013635899546778772,1.2417136120279477,0.8445665235934123,0.00031979358793754486,0.8445665235934123,3.441691376337986e-17,-0.0017594351426757214,0.3320208333333333,0.333333333333333,1.1553144765290246,0.035339169058633615
symmetric,0.0,static,2,0.9627729474625484,0.013976506505076636,1.01994301975433,0.6655641579073184,0.0001844224013025247,0.6655641579073184,3.7303493627405256e-17,0.004616695373166291,0.33274999999999993,0.333333333333333,1.1553144765290246,-0.028125268505459128
symmetric,0.0,static,3,1.2690173156566886,0.01403326202229356,1.2538025801496613,0.8456177192762147,0.0002820076117885515,0.8456177192762147,3.7081449022480224e-17,0.001726717615636191,0.3365208333333334,0.333333333333333,1.1553144765290246,0.019673130733390904
symmetric,0.0,static,4,0.9418739566299831,0.013739018412143682,0.919687632436484,0.6251002024928702,0.00015703936624681707,0.62510020249287,4.1744385725905886e-17,-0.0020714865455652544,0.33547916666666666,0.333333333333333,1.1553144765290246,0.020724764248426494
symmetric,0.0,static,5,1.014034515300415,0.013940303379943456,0.9897285788178463,0.6725677991660685,0.00017872777913724964,0.6725677991660685,3.5527136788005004e-17,-0.0022298860520131953,0.3372708333333333,0.333333333333333,1.1553144765290246,-0.03357249257112231
symmetric,0.0,static,6,0.9431563983187969,0.016604811194708746,1.0399094598032792,0.6665568897722617,0.0001537765773258492,0.6665568897722616,3.3084646133829663e-17,0.003119800793097821,0.3295416666666666,0.333333333333333,1.1553144765290246,-0.0746264978623146
symmetric,0.0,static,7,0.8475270758637384,0.013450907790597927,0.8409353776201346,0.567304453758157,0.00011733128312996705,0.567304453758157,3.3084646133829663e-17,-0.00032621379491224475,0.33408333333333334,0.333333333333333,1.1553144765290246,0.010868527055702308
symmetric,0.0,static,8,1.0041890990587934,0.013491432618377791,0.9908061583704825,0.6694955633492179,0.00015683191369279356,0.6694955633492179,4.4630965589931296e-17,-0.002890315022503792,0.33233333333333337,0.333333333333333,1.1553144765290246,-0.11609663588664036
symmetric,0.0,static,9,1.1207103557825078,0.01497274194973056,1.0544158138666626,0.730032970532967,0.00014506174106371683,0.730032970532967,3.397282455352979e-17,-0.0022828725209727133,0.3358125,0.333333333333333,1.1553144765290246,-0.01924071895063305
symmetric,0.0,static,10,1.0556439264280484,0.024714956058940685,1.2883490340108321,0.7895693054992735,0.00016242316341324783,0.7895693054992735,3.530509218307997e-17,-0.0029808711301160364,0.33543749999999994,0.333333333333333,1.1553144765290246,-0.00030070611498271484
symmetric,0.0,static,11,0.9602583005015856,0.028501027071804807,1.211110645160256,0.7332899909112154,0.00013751184202584726,0.7332899909112154,3.819167204710538e-17,-0.0035748450137306105,0.33643750000000006,0.333333333333333,1.1553144765290246,-0.006533509470353797
symmetric,0.0,static,12,1.0184926263701644,0.01963643581334936,0.8659172805901596,0.6346821142578912,0.00020445354565302572,0.6346821142578912,4.1744385725905886e-17,-0.0022898939739319723,0.33422916666666663,0.333333333333333,1.1553144765290246,0.055133545854463575
symmetric,0.0,static,13,0.9628768305751063,0.015736139923893253,0.8668755206789136,0.6151628303926377,0.00014094761623584175,0.6151628303926376,4.130029651605582e-17,-0.005407649000980877,0.33425,0.333333333333333,1.1553144765290246,0.032089824287166224
symmetric,0.0,static,14,1.2023189401127121,0.04000100077934686,0.8578509116618586,0.7000569508513059,0.0001755239333106556,0.7000569508513059,4.3298697960381107e-17,0.005641979022353328,0.33029166666666665,0.333333333333333,1.1553144765290246,-0.023666479938876887
symmetric,0.0,static,15,1.0309163056056967,0.0146879718188925,0.9651275022040016,0.6702439265428636,0.0002721071436586178,0.6702439265428634,3.5527136788005004e-17,-0.0023433990432165756,0.3330416666666666,0.333333333333333,1.1553144765290246,0.08719748558658387
symmetric,0.0,static,16,1.2598086207080619,0.014165204028670126,1.2033916132016207,0.8257884793127843,0.00020714668841292577,0.8257884793127843,3.486100297322992e-17,-0.005968530171297908,0.33399999999999996,0.333333333333333,1.1553144765290246,-0.004429808233649234
symmetric,0.0,static,17,1.026302864492245,0.013648376890028222,0.9986757520590178,0.6795423311470972,0.00028063645964044903,0.6795423311470972,3.752553823233029e-17,0.0011614953288051877,0.33035416666666667,0.333333333333333,1.1553144765290246,-0.13166335648358785
symmetric,0.0,static,18,1.0310731974205265,0.013705868995137985,1.0889620318416893,0.711247032752451,0.00026557103528222504,0.711247032752451,3.974598428158061e-17,0.0042873338762994834,0.3330208333333334,0.333333333333333,1.1553144765290246,0.027593381447527193
symmetric,0.0,static,19,0.9387502886805226,0.013907990105714012,0.9891931108680684,0.6472837965514351,0.00016177962336473103,0.6472837965514351,3.3528735343679726e-17,-0.0028578485403048743,0.33539583333333334,0.333333333333333,1.1553144765290246,0.09024688834604502
symmetric,0.0,quota,0,1.21722343275521,0.018324726819646274,1.065247250875132,0.7669318034833295,4.57725772651554e-06,0.7669318034833295,3.663735981263016e-17,0.00033873047376562404,0.333333333333333,0.333333333333333,1.1553144765290246,-0.04111370762759462
symmetric,0.0,quota,1,1.2690737672983832,0.013376006603326848,1.2503028550510709,0.8442508763175937,4.146312118918326e-06,0.8442508763175935,4.0856207306205766e-17,0.0003106339590368626,0.333333333333333,0.333333333333333,1.1553144765290246,0.03133844251673599
symmetric,0.0,quota,2,0.9678083780869136,0.013926908237518987,1.0144239685201657,0.6653864182815329,6.682775516838827e-06,0.6653864182815327,3.5971225997855067e-17,-0.0013824658493607552,0.333333333333333,0.333333333333333,1.1553144765290246,-0.025456640444747124
symmetric,0.0,quota,3,1.279976529187272,0.013592175654510647,1.2424483300009828,0.8453390116142551,3.299949829269988e-06,0.8453390116142551,3.5971225997855067e-17,-0.0006750518327287929,0.333333333333333,0.333333333333333,1.1553144765290246,0.02466695874706725
symmetric,0.0,quota,4,0.9455537366821213,0.013527490490552335,0.915756629357198,0.6249459521766239,2.7890500004124767e-06,0.6249459521766239,3.6415315207705136e-17,-8.244249979039529e-05,0.333333333333333,0.333333333333333,1.1553144765290246,0.022711423532628984
symmetric,0.0,quota,5,1.01879224317896,0.013677162361422671,0.9847101472332003,0.6723931842578611,4.112870929747729e-06,0.6723931842578609,3.8857805861880476e-17,-0.00037617403667509493,0.333333333333333,0.333333333333333,1.1553144765290246,-0.031114078720817707
symmetric,0.0,quota,6,0.9366450392083477,0.016100420602898437,1.0464748017873302,0.6664067538661922,3.6406712563407847e-06,0.6664067538661922,3.486100297322991e-17,0.0017996827833710392,0.333333333333333,0.333333333333333,1.1553144765290246,-0.07793316399550206
symmetric,0.0,quota,7,0.8455620476300704,0.013336159659229949,0.8426713049890491,0.5671898374261166,2.7149510895285737e-06,0.5671898374261165,3.6193270602780105e-17,0.0003569323739423166,0.333333333333333,0.333333333333333,1.1553144765290246,0.009853422703975058
symmetric,0.0,quota,8,1.0002388635659147,0.013351942405049323,0.9944367043407599,0.6693425034372411,3.7720017161806085e-06,0.6693425034372411,3.7303493627405256e-17,-0.00014215107058335942,0.333333333333333,0.333333333333333,1.1553144765290246,-0.1180071785361462
symmetric,0.0,quota,9,1.1257428800469407,0.014653189158766145,1.0492810288571661,0.7298923660209578,4.457229054503403e-06,0.7298923660209578,3.7525538232330294e-17,0.0011874764522749259,0.333333333333333,0.333333333333333,1.1553144765290246,-0.016787832287837166
symmetric,0.0,quota,10,1.0578684552459463,0.024804380289174234,1.28555639892542,0.78940974482018,2.8624843196553546e-06,0.78940974482018,3.463895836830488e-17,0.0008113132556621895,0.333333333333333,0.333333333333333,1.1553144765290246,0.0008661026998794666
symmetric,0.0,quota,11,0.9601093136407932,0.02836474399995955,1.2109925411789084,0.7331555329398871,3.0538706975591857e-06,0.7331555329398871,3.8635761256955445e-17,0.0008202330188617395,0.333333333333333,0.333333333333333,1.1553144765290246,-0.006540978493416073
symmetric,0.0,quota,12,1.0174967584459735,0.019498771691960792,0.8664508463752971,0.6344821255044106,4.464792172223297e-06,0.6344821255044104,3.530509218307997e-17,-0.0005798880754052174,0.333333333333333,0.333333333333333,1.1553144765290246,0.05473643856725382
symmetric,0.0,quota,13,0.9612102445926215,0.01567609765289888,0.8681929514047944,0.6150264312167717,4.548440369699929e-06,0.6150264312167716,3.97459842815806e-17,0.0005426672515566317,0.333333333333333,0.333333333333333,1.1553144765290246,0.03130380014056976
symmetric,0.0,quota,14,1.1955064168752079,0.04083997355476382,0.863306575360556,0.6998843219301758,2.8950121806172744e-06,0.6998843219301757,3.552713678800501e-17,0.0002941910974422076,0.333333333333333,0.333333333333333,1.1553144765290246,-0.026719460229822013
symmetric,0.0,quota,15,1.0308867113511262,0.014410588130124408,0.9646258733258545,0.6699743909357018,2.571536496864038e-06,0.6699743909357018,3.730349362740526e-17,-0.0006012698187553086,0.333333333333333,0.333333333333333,1.1553144765290246,0.08731644123497648
symmetric,0.0,quota,16,1.2579958419719985,0.013998329476273563,1.2047616937225072,0.8255852883902598,3.955765888461286e-06,0.8255852883902597,3.774758283725532e-17,-0.0011425427178291595,0.333333333333333,0.333333333333333,1.1553144765290246,-0.00515083648585642
symmetric,0.0,quota,17,1.021236888856408,0.013411762785742942,1.003141832305382,0.6792634946491776,1.7999617209495974e-06,0.6792634946491776,3.5305092183079985e-17,5.643925126606801e-05,0.333333333333333,0.333333333333333,1.1553144765290246,-0.13404776126718326
symmetric,0.0,quota,18,1.0407661073253314,0.013613961761058368,1.0785774352992856,0.7109858347952251,4.373078056084877e-06,0.7109858347952251,3.7081449022480224e-17,-0.0014280882059461487,0.333333333333333,0.333333333333333,1.1553144765290246,0.03250056436246807
symmetric,0.0,quota,19,0.9403701587966482,0.013792439283812161,0.9872192416131018,0.6471272798978541,5.262969783832569e-06,0.6471272798978541,3.930189507173054e-17,-0.0004283063675428208,0.333333333333333,0.333333333333333,1.1553144765290246,0.09116851144216977
symmetric,0.0,ipw,0,1.2167161588578792,0.01855565317865302,1.0660818473624405,0.7671178864663242,0.00019066024072132855,0.7671178864663243,3.2196467714129544e-17,-0.0018151161783124905,0.3326666666666666,0.333333333333333,1.1553144765290246,-0.04142976256277596
symmetric,0.0,ipw,1,1.2783500592055104,0.013635899546778772,1.2417136120279477,0.8445665235934123,0.00031979358793754486,0.8445665235934123,3.441691376337986e-17,-0.0017594351426757214,0.3320208333333333,0.333333333333333,1.1553144765290246,0.035339169058633615
symmetric,0.0,ipw,2,0.9627729474625484,0.013976506505076636,1.01994301975433,0.6655641579073184,0.0001844224013025247,0.6655641579073184,3.7303493627405256e-17,0.004616695373166291,0.33274999999999993,0.333333333333333,1.1553144765290246,-0.028125268505459128
symmetric,0.0,ipw,3,1.2690173156566886,0.01403326202229356,1.2538025801496613,0.8456177192762147,0.0002820076117885515,0.8456177192762147,3.7081449022480224e-17,0.001726717615636191,0.3365208333333334,0.333333333333333,1.1553144765290246,0.019673130733390904
symmetric,0.0,ipw,4,0.9418739566299831,0.013739018412143682,0.919687632436484,0.6251002024928702,0.00015703936624681707,0.62510020249287,4.1744385725905886e-17,-0.0020714865455652544,0.33547916666666666,0.333333333333333,1.1553144765290246,0.020724764248426494
symmetric,0.0,ipw,5,1.014034515300415,0.013940303379943456,0.9897285788178463,0.6725677991660685,0.00017872777913724964,0.6725677991660685,3.5527136788005004e-17,-0.0022298860520131953,0.3372708333333333,0.333333333333333,1.1553144765290246,-0.03357249257112231
symmetric,0.0,ipw,6,0.9431563983187969,0.016604811194708746,1.0399094598032792,0.6665568897722617,0.0001537765773258492,0.6665568897722616,3.3084646133829663e-17,0.003119800793097821,0.3295416666666666,0.333333333333333,1.1553144765290246,-0.0746264978623146
symmetric,0.0,ipw,7,0.8475270758637384,0.013450907790597927,0.8409353776201346,0.567304453758157,0.00011733128312996705,0.567304453758157,3.3084646133829663e-17,-0.00032621379491224475,0.33408333333333334,0.333333333333333,1.1553144765290246,0.010868527055702308
symmetric,0.0,ipw,8,1.0041890990587934,0.013491432618377791,0.9908061583704825,0.6694955633492179,0.00015683191369279356,0.6694955633492179,4.4630965589931296e-17,-0.002890315022503792,0.33233333333333337,0.333333333333333,1.1553144765290246,-0.11609663588664036
symmetric,0.0,ipw,9,1.1207103557825078,0.01497274194973056,1.0544158138666626,0.730032970532967,0.00014506174106371683,0.730032970532967,3.397282455352979e-17,-0.0022828725209727133,0.3358125,0.333333333333333,1.1553144765290246,-0.01924071895063305
symmetric,0.0,ipw,10,1.0556439264280484,0.024714956058940685,1.2883490340108321,0.7895693054992735,0.00016242316341324783,0.7895693054992735,3.530509218307997e-17,-0.0029808711301160364,0.33543749999999994,0.333333333333333,1.1553144765290246,-0.00030070611498271484
symmetric,0.0,ipw,11,0.9602583005015856,0.028501027071804807,1.211110645160256,0.7332899909112154,0.00013751184202584726,0.7332899909112154,3.819167204710538e-17,-0.0035748450137306105,0.33643750000000006,0.333333333333333,1.1553144765290246,-0.006533509470353797
symmetric,0.0,ipw,12,1.0184926263701644,0.01963643581334936,0.8659172805901596,0.6346821142578912,0.00020445354565302572,0.6346821142578912,4.1744385725905886e-17,-0.0022898939739319723,0.33422916666666663,0.333333333333333,1.1553144765290246,0.055133545854463575
symmetric,0.0,ipw,13,0.9628768305751063,0.015736139923893253,0.8668755206789136,0.6151628303926377,0.00014094761623584175,0.6151628303926376,4.130029651605582e-17,-0.005407649000980877,0.33425,0.333333333333333,1.1553144765290246,0.032089824287166224
symmetric,0.0,ipw,14,1.2023189401127121,0.04000100077934686,0.8578509116618586,0.7000569508513059,0.0001755239333106556,0.7000569508513059,4.3298697960381107e-17,0.005641979022353328,0.33029166666666665,0.333333333333333,1.1553144765290246,-0.023666479938876887
symmetric,0.0,ipw,15,1.0309163056056967,0.0146879718188925,0.9651275022040016,0.6702439265428636,0.0002721071436586178,0.6702439265428634,3.5527136788005004e-17,-0.0023433990432165756,0.3330416666666666,0.333333333333333,1.1553144765290246,0.08719748558658387
symmetric,0.0,ipw,16,1.2598086207080619,0.014165204028670126,1.2033916132016207,0.8257884793127843,0.00020714668841292577,0.8257884793127843,3.486100297322992e-17,-0.005968530171297908,0.33399999999999996,0.333333333333333,1.1553144765290246,-0.004429808233649234
symmetric,0.0,ipw,17,1.026302864492245,0.013648376890028222,0.9986757520590178,0.6795423311470972,0.00028063645964044903,0.6795423311470972,3.752553823233029e-17,0.0011614953288051877,0.33035416666666667,0.333333333333333,1.1553144765290246,-0.13166335648358785
symmetric,0.0,ipw,18,1.0310731974205265,0.013705868995137985,1.0889620318416893,0.711247032752451,0.00026557103528222504,0.711247032752451,3.974598428158061e-17,0.0042873338762994834,0.3330208333333334,0.333333333333333,1.1553144765290246,0.027593381447527193
symmetric,0.0,ipw,19,0.9387502886805226,0.013907990105714012,0.9891931108680684,0.6472837965514351,0.00016177962336473103,0.6472837965514351,3.3528735343679726e-17,-0.0028578485403048743,0.33539583333333334,0.333333333333333,1.1553144765290246,0.09024688834604502
symmetric,1.5,endogenous,0,1.5919231352018377,0.021729333565168533,0.7650218383468597,0.7928914357046221,0.025964209479019146,0.609558697324967,0.183332738379655,0.18151412262293484,0.20725000000000002,0.20788657579376296,1.5280225379341508,0.11785351894473597
symmetric,1.5,endogenous,1,1.3405397553837601,0.016377397275853193,1.1861097333862474,0.8476756286819537,0.003428898676478913,0.6939158427034042,0.1537597859785494,0.14974621390726786,0.2599375,0.2599736806699523,1.568278545732103,0.06171732583295014
symmetric,1.5,endogenous,2,0.9058796509601927,0.014097073459052168,1.0813876521652945,0.6671214588615132,0.0017417233554972618,0.5878473325681208,0.07927412629339228,0.08357231147815367,0.30824999999999997,0.308655950805204,1.4275266333222354,-0.05804619896680827
symmetric,1.5,endogenous,3,1.404975035533297,0.0167934996468525,1.1290568791604623,0.8502751381135372,0.004939426449111285,0.6911747284145813,0.159100409698956,0.159777284331548,0.25158333333333327,0.24832393013735046,1.5706863309606718,0.0780194307563182
symmetric,1.5,endogenous,4,0.96084306670589,0.013643268145513804,0.9013688900788368,0.625285074976747,0.0003419118501235358,0.5610820864381572,0.06420298853858968,0.06106727723305015,0.2965416666666667,0.2940954129226979,1.3990310855945942,0.03045809351900138
symmetric,1.5,endogenous,5,1.063417617363061,0.01360835013491835,0.9423112428739916,0.6731124034573236,0.0007233320703924127,0.5938168857396631,0.07929551771766061,0.07721516649462294,0.2869166666666666,0.28424279911154315,1.431232690786549,-0.009230056422575501
symmetric,1.5,endogenous,6,0.8360311765747804,0.013614873116204657,1.1594786137097357,0.6697082211335736,0.003305107938637794,0.5837098554849944,0.08599836564857902,0.08645511147772703,0.31710416666666663,0.3200655133688278,1.4307753706317918,-0.13195002381357648
symmetric,1.5,endogenous,7,0.8540903807085416,0.013555873243831887,0.8345806235586691,0.5674089591703476,0.0002218366953205298,0.5181139594086568,0.04929499976169073,0.04932491383484179,0.3027708333333333,0.3023932326699715,1.3633414190711994,0.01441171406461226
symmetric,1.5,endogenous,8,1.02542019891421,0.013876966480840419,0.9705688134268197,0.6699553262739568,0.0006165948384316083,0.5924415877127185,0.0775137385612382,0.07400931929192014,0.29025,0.2899604651422899,1.4288403030287138,-0.10564557186608033
symmetric,1.5,endogenous,9,1.2495222986331804,0.01444890012873235,0.9375293279891734,0.7338335089170289,0.003945600125125526,0.6256415134308442,0.10819199548618455,0.10604036454165185,0.26237499999999997,0.26088090150670423,1.476600256661935,0.04003459004803954
symmetric,1.5,endogenous,10,0.5501763410014656,0.04738472640409212,2.0239221417084514,0.8738277363713365,0.08442085403547625,0.5327962821464718,0.3410314542248648,0.33912626515325534,0.4015833333333333,0.399994970189288,1.5928577949958134,-0.2889213787194204
symmetric,1.5,endogenous,11,0.5718554047158496,0.024197877026209104,1.7564532793073795,0.7841688536831463,0.05101637461395671,0.5439053421876092,0.240263511495537,0.23940095058663222,0.3827083333333333,0.38106160546165446,1.5288613594160374,-0.23235982562340815
symmetric,1.5,endogenous,12,1.1631026456378342,0.013810252722522329,0.7424299105907614,0.639780936317039,0.0053032756048010206,0.5568359886007435,0.08294494771629582,0.08263864392039327,0.26316666666666666,0.26405039802684577,1.4124025604322192,0.12474324930909855
symmetric,1.5,endogenous,13,1.039852139698136,0.013734893569414361,0.7971586735733336,0.6169152356136278,0.0018933528372259505,0.550398122606195,0.06651711300743278,0.06098901749810219,0.2822083333333333,0.28080952233675205,1.3950012239099077,0.07073021681202767
symmetric,1.5,endogenous,14,1.7735277080965886,0.019074713312612086,0.47964749417525676,0.7574166385281524,0.05753521161015732,0.5053570927626863,0.2520595457654663,0.25631910085574916,0.1730833333333333,0.1752423954311815,1.5143810261055166,0.2125979905405572
symmetric,1.5,endogenous,15,1.1183732668960578,0.014074285215961371,0.8848113893072215,0.672419647139747,0.0024478277405419963,0.5894641898044978,0.08295545733524917,0.08347484476558988,0.2721874999999999,0.27514816407322196,1.4316510099811228,0.12947733927936608
symmetric,1.5,endogenous,16,1.4762254219647413,0.018812903715464423,1.0102880718062541,0.8351087991621533,0.00952746653778201,0.6730911646043511,0.16201763455780213,0.1582785137158159,0.23285416666666667,0.23310326165838116,1.5580893769506148,0.0883407835733851
symmetric,1.5,endogenous,17,1.0537127917990292,0.01400219618834588,0.9726831060014725,0.6801326979962825,0.0008710033088258467,0.5988881429612087,0.0812445550350737,0.08242840157907032,0.28329166666666666,0.2867566789330699,1.4360205419651442,-0.118304921224728
symmetric,1.5,endogenous,18,0.9634995926465552,0.01432926735461216,1.1613221376989367,0.7130503325667014,0.0020688708495323923,0.6180091094990205,0.09504122306768069,0.09910699115525723,0.30597916666666664,0.30649438416755453,1.4601488490543748,-0.006608092517347319
symmetric,1.5,endogenous,19,0.886776440289944,0.01380585841446412,1.0446361009307559,0.6484061332117212,0.0012841162836511335,0.5756463488696111,0.07275978434211025,0.07187737546006351,0.31016666666666665,0.3088308229811836,1.4146980764205606,0.06269958204231882
symmetric,1.5,static,0,1.302913422956172,0.0145158502699015,0.9882498432859805,0.7685597055040179,0.0016324792784150944,0.6534185931535165,0.11514111235050144,0.11435350155595339,0.27020833333333333,0.2710140543489642,1.500216226148961,-0.002795435198325718
symmetric,1.5,static,1,1.2875538832543456,0.013539933677528777,1.2324903764163904,0.8445280644494216,0.0002813344439469803,0.6983090683678497,0.14621899608157196,0.1435132629984588,0.27218749999999997,0.2732560794338577,1.5653520394661051,0.03946564089170668
symmetric,1.5,static,2,0.9435957719975221,0.013638948901571048,1.0398693398971461,0.6657013535987464,0.0003216180927304752,0.5900687791749972,0.07563257442374917,0.07958128018960016,0.2980208333333333,0.29866160946809833,1.4255171005533833,-0.038012318106732154
symmetric,1.5,static,3,1.2881677908923455,0.013697556973992761,1.2348133415277958,0.8455595631313779,0.00022385146695198498,0.6987736287903213,0.14678593434105663,0.14704079659045044,0.2754166666666666,0.27118462873313126,1.5662805067219616,0.028208926620262125
symmetric,1.5,static,4,0.9513925649746217,0.013593207278600597,0.9103041643492086,0.6250966455341433,0.00015348240752009905,0.5614901888520349,0.06360645668210851,0.06027084113580018,0.29954166666666665,0.29659055908461124,1.398663095813834,0.025658814396185576
symmetric,1.5,static,5,1.033397403522369,0.013594946418722938,0.9707174422244961,0.6725699307218627,0.00018085933493152084,0.594929361067232,0.07764056965463058,0.07619283161398967,0.2933958333333333,0.29126181737413903,1.430357112379525,-0.023922564656885324
symmetric,1.5,static,6,0.9004812219529728,0.01457957417546302,1.085726025103052,0.666928940410496,0.0005258272155601775,0.5900494265985904,0.07687951381190558,0.07757128169656902,0.3003958333333334,0.30334252244842735,1.4261262839819906,-0.0970031388146312
symmetric,1.5,static,7,0.8472313641495655,0.013451662252357017,0.8412326616115458,0.5673052293378229,0.00011810686279578712,0.5182523911801521,0.04905283815767078,0.04920658891572775,0.3044583333333333,0.30381964118479005,1.3631578810696445,0.010705879192303475
symmetric,1.5,static,8,1.0090720831198914,0.013484321141192527,0.9859611908393777,0.6695058650334872,0.0001671335979621245,0.5929514986351145,0.07655436639837272,0.07324247011826032,0.2933958333333333,0.2938747005841208,1.4282619216924457,-0.11364495376131323
symmetric,1.5,static,9,1.1629999378310951,0.013823105801964771,1.0141841688386304,0.7303357374905634,0.00044782869866012953,0.6323903851088668,0.09794535238169658,0.09542301243946005,0.28325,0.2817613936944254,1.4718761982155684,0.0006677161958045594
symmetric,1.5,static,10,0.9303592270244024,0.015296259505128317,1.4353314312532284,0.7936623059275865,0.004255423591726134,0.6634647699714417,0.13019753595614483,0.12905263554600976,0.3058333333333333,0.3025535792147372,1.5176752220791097,-0.06362007428510745
symmetric,1.5,static,11,0.8453098454740499,0.01726592399087966,1.3482890916694341,0.7369549537114545,0.003802474642264913,0.6293462960764076,0.10760865763504697,0.1037213578745293,0.313375,0.31002549601615476,1.4734430893375572,-0.06751038973580896
symmetric,1.5,static,12,1.0808845506513047,0.015748735564751655,0.8101900685235286,0.6356077849131948,0.001130124200956609,0.566848317328181,0.06875946758501397,0.06801659645405847,0.28579166666666667,0.2863695662524574,1.4046673954663225,0.08580239375322204
symmetric,1.5,static,13,0.9986467049303027,0.014302185422775998,0.8335424841525759,0.6154971248352182,0.00047524205881620046,0.5536919792153043,0.06180514561991372,0.05742346983977166,0.2931666666666667,0.29271730073666863,1.3922724763203986,0.05029232174661956
symmetric,1.5,static,14,1.3765123235790615,0.020795350218025022,0.7219538894447266,0.7064205210806045,0.006539094162609163,0.6046708682767937,0.10174965280381076,0.1111307258135904,0.26,0.2652147634999827,1.4484365942089874,0.05350057839549138
symmetric,1.5,static,15,1.0625557445318312,0.013892181166127837,0.9349783849131892,0.6704754368703829,0.0005036174711778706,0.593162915526399,0.07731252134398375,0.07614527796378062,0.2871458333333333,0.28915613073327134,1.428653688693781,0.1027685844020397
symmetric,1.5,static,16,1.2943535090978946,0.013585481878205043,1.170012321730703,0.8259837709022676,0.0004024382778962163,0.6882481392775099,0.1377356316247576,0.1332811651016731,0.27195833333333336,0.27194591621158964,1.5490565516959478,0.010957379428096109
symmetric,1.5,static,17,1.0333363635204873,0.013588640342217805,0.9917088252639275,0.6795446097088773,0.0002829150214207406,0.5998074546985814,0.07973715501029618,0.08080497275491814,0.2892916666666666,0.29201339262828085,1.435153991618998,-0.12816120723917748
symmetric,1.5,static,18,1.0152024741371444,0.013545803139640484,1.1053280710160058,0.7113587827642635,0.00037732104709455283,0.6207730432288714,0.0905857395353921,0.0954698603405036,0.29254166666666664,0.2931495612146508,1.4578808363147144,0.019714330810368816
symmetric,1.5,static,19,0.9207332572954231,0.0136075281005734,1.0078638544811263,0.6474015466257075,0.0002795296976372782,0.5773168480371162,0.07008469858859123,0.06916730507250127,0.3010208333333333,0.3000349702605486,1.4131814190034737,0.0808382203008006
symmetric,1.5,quota,0,1.21722343275521,0.018324726819646274,1.065247250875132,0.7669318034833295,4.57725772651554e-06,0.7669318034833295,3.663735981263016e-17,0.00033873047376562404,0.333333333333333,0.333333333333333,1.5617251511809511,-0.04111370762759462
symmetric,1.5,quota,1,1.2690737672983832,0.013376006603326848,1.2503028550510709,0.8442508763175937,4.146312118918326e-06,0.8442508763175935,4.0856207306205766e-17,0.0003106339590368626,0.333333333333333,0.333333333333333,1.652338796592781,0.03133844251673599
symmetric,1.5,quota,2,0.9678083780869136,0.013926908237518987,1.0144239685201657,0.6653864182815329,6.682775516838827e-06,0.6653864182815327,3.5971225997855067e-17,-0.0013824658493607552,0.333333333333333,0.333333333333333,1.460589153931028,-0.025456640444747124
symmetric,1.5,quota,3,1.279976529187272,0.013592175654510647,1.2424483300009828,0.8453390116142551,3.299949829269988e-06,0.8453390116142551,3.5971225997855067e-17,-0.0006750518327287929,0.333333333333333,0.333333333333333,1.6538347623114977,0.02466695874706725
symmetric,1.5,quota,4,0.9455537366821213,0.013527490490552335,0.915756629357198,0.6249459521766239,2.7890500004124767e-06,0.6249459521766239,3.6415315207705136e-17,-8.244249979039529e-05,0.333333333333333,0.333333333333333,1.42662391771458,0.022711423532628984
symmetric,1.5,quota,5,1.01879224317896,0.013677162361422671,0.9847101472332003,0.6723931842578611,4.112870929747729e-06,0.6723931842578609,3.8857805861880476e-17,-0.00037617403667509493,0.333333333333333,0.333333333333333,1.4667198490164526,-0.031114078720817707
symmetric,1.5,quota,6,0.9366450392083477,0.016100420602898437,1.0464748017873302,0.6664067538661922,3.6406712563407847e-06,0.6664067538661922,3.486100297322991e-17,0.0017996827833710392,0.333333333333333,0.333333333333333,1.4620492599106096,-0.07793316399550206
symmetric,1.5,quota,7,0.8455620476300704,0.013336159659229949,0.8426713049890491,0.5671898374261166,2.7149510895285737e-06,0.5671898374261165,3.6193270602780105e-17,0.0003569323739423166,0.333333333333333,0.333333333333333,1.3830950320980009,0.009853422703975058
symmetric,1.5,quota,8,1.0002388635659147,0.013351942405049323,0.9944367043407599,0.6693425034372411,3.7720017161806085e-06,0.6693425034372411,3.7303493627405256e-17,-0.00014215107058335942,0.333333333333333,0.333333333333333,1.4639656569009987,-0.1180071785361462
symmetric,1.5,quota,9,1.1257428800469407,0.014653189158766145,1.0492810288571661,0.7298923660209578,4.457229054503403e-06,0.7298923660209578,3.7525538232330294e-17,0.0011874764522749259,0.333333333333333,0.333333333333333,1.5215665092542607,-0.016787832287837166
symmetric,1.5,quota,10,1.0578684552459463,0.024804380289174234,1.28555639892542,0.78940974482018,2.8624843196553546e-06,0.78940974482018,3.463895836830488e-17,0.0008113132556621895,0.333333333333333,0.333333333333333,1.5889359090343151,0.0008661026998794666
symmetric,1.5,quota,11,0.9601093136407932,0.02836474399995955,1.2109925411789084,0.7331555329398871,3.0538706975591857e-06,0.7331555329398871,3.8635761256955445e-17,0.0008202330188617395,0.333333333333333,0.333333333333333,1.5281930080306076,-0.006540978493416073
symmetric,1.5,quota,12,1.0174967584459735,0.019498771691960792,0.8664508463752971,0.6344821255044106,4.464792172223297e-06,0.6344821255044104,3.530509218307997e-17,-0.0005798880754052174,0.333333333333333,0.333333333333333,1.435325104134467,0.05473643856725382
symmetric,1.5,quota,13,0.9612102445926215,0.01567609765289888,0.8681929514047944,0.6150264312167717,4.548440369699929e-06,0.6150264312167716,3.97459842815806e-17,0.0005426672515566317,0.333333333333333,0.333333333333333,1.4190897605598791,0.03130380014056976
symmetric,1.5,quota,14,1.1955064168752079,0.04083997355476382,0.863306575360556,0.6998843219301758,2.8950121806172744e-06,0.6998843219301757,3.552713678800501e-17,0.0002941910974422076,0.333333333333333,0.333333333333333,1.497739724715571,-0.026719460229822013
symmetric,1.5,quota,15,1.0308867113511262,0.014410588130124408,0.9646258733258545,0.6699743909357018,2.571536496864038e-06,0.6699743909357018,3.730349362740526e-17,-0.0006012698187553086,0.333333333333333,0.333333333333333,1.4647531102078744,0.08731644123497648
symmetric,1.5,quota,16,1.2579958419719985,0.013998329476273563,1.2047616937225072,0.8255852883902598,3.955765888461286e-06,0.8255852883902597,3.774758283725532e-17,-0.0011425427178291595,0.333333333333333,0.333333333333333,1.6288078877992114,-0.00515083648585642
symmetric,1.5,quota,17,1.021236888856408,0.013411762785742942,1.003141832305382,0.6792634946491776,1.7999617209495974e-06,0.6792634946491776,3.5305092183079985e-17,5.643925126606801e-05,0.333333333333333,0.333333333333333,1.4728460618820824,-0.13404776126718326
symmetric,1.5,quota,18,1.0407661073253314,0.013613961761058368,1.0785774352992856,0.7109858347952251,4.373078056084877e-06,0.7109858347952251,3.7081449022480224e-17,-0.0014280882059461487,0.333333333333333,0.333333333333333,1.5026059567685137,0.03250056436246807
symmetric,1.5,quota,19,0.9403701587966482,0.013792439283812161,0.9872192416131018,0.6471272798978541,5.262969783832569e-06,0.6471272798978541,3.930189507173054e-17,-0.0004283063675428208,0.333333333333333,0.333333333333333,1.4449309800673797,0.09116851144216977
symmetric,1.5,ipw,0,1.2184345312585372,0.0184312838932998,1.0644505589173183,0.7671054580230519,0.0001782317974488693,0.6545019691363196,0.11260348888673215,0.11223439336368482,0.2695833333333334,0.27069231755534073,1.5004063288233183,-0.04064080645076152
symmetric,1.5,ipw,1,1.2788643778279085,0.013614257211513495,1.2411659513336624,0.844548195457695,0.0003014654522201778,0.6976967620716075,0.14685143338608744,0.14371934678232906,0.270125,0.27115492552188686,1.5656183588123909,0.03557698387110859
symmetric,1.5,ipw,2,0.9624384515566161,0.014025608048913545,1.0204047184051288,0.6656229260035527,0.0002431904975368733,0.5897812174798757,0.07584170852367708,0.0799690524654624,0.2988958333333333,0.2994705740198948,1.4257722896902845,-0.02832658081660413
symmetric,1.5,ipw,3,1.2627472056541211,0.014202113928930196,1.2601352563872843,0.8456948586567783,0.00035914699235260376,0.6985630810050434,0.14713177765173513,0.14838320852886122,0.2779166666666667,0.2743331193399228,1.5665231185136903,0.01685258490145321
symmetric,1.5,ipw,4,0.9412155579339547,0.01376189735439905,0.9203617050822956,0.625113053456883,0.00016989033025955022,0.5613673714068488,0.06374568205003425,0.06070021362441176,0.2994583333333333,0.29709737240984924,1.3987971669526846,0.020376946354198244
symmetric,1.5,ipw,5,1.0186188342146867,0.013861849197577287,0.9852339884301745,0.6725715572808129,0.00018248589388164934,0.5947906732176992,0.07778088406311368,0.07690007343893034,0.29333333333333333,0.2914411154178199,1.4305148839402757,-0.03128941643497751
symmetric,1.5,ipw,6,0.9448598490935307,0.016720333354241577,1.038156114059777,0.6665787655025164,0.00017565230758054368,0.5906746644922338,0.07590410101028264,0.07716586761773374,0.29904166666666665,0.30234232733260125,1.426183756695481,-0.07375238810836621
symmetric,1.5,ipw,7,0.8484938128766004,0.013481382743966716,0.8400293904382868,0.567334862019618,0.00014773954459103427,0.5181206227680768,0.0492142392515412,0.04927527902665306,0.303625,0.30319185672417837,1.36328015970328,0.011382181009915743
symmetric,1.5,ipw,8,1.0060745552699912,0.013534089893254673,0.9890257028001315,0.669544782654459,0.00020605121893396743,0.5926879132988493,0.07685686935560967,0.07371936084782525,0.29287499999999994,0.2930490097198056,1.4284523487148086,-0.115172736306892
symmetric,1.5,ipw,9,1.1237876232725956,0.014892185513796003,1.0514941818349088,0.7300579968737668,0.0001700880818635528,0.632536477302845,0.09752151957092184,0.09496379854337667,0.28383333333333327,0.28203241211626073,1.4720137273933271,-0.017793470693288363
symmetric,1.5,ipw,10,1.0471047090584895,0.023881694335533336,1.2979176146066522,0.7896346726668917,0.0002277903310313251,0.6655484675567342,0.12408620511015767,0.12268223419171687,0.3076041666666667,0.30436362912744525,1.5181532901297197,-0.004511917606361217
symmetric,1.5,ipw,11,0.9582198543178644,0.028286512500306348,1.2135061722053755,0.7333375130078487,0.00018503393865908007,0.6326362851304829,0.10070122787736571,0.09700742917279663,0.3135208333333333,0.31022613083289796,1.4736531495710343,-0.007605865704565068
symmetric,1.5,ipw,12,1.0201000114114873,0.019523297992402718,0.8644584642762428,0.6346939245600443,0.0002162638478060861,0.567410352126206,0.0672835724338384,0.06680928470613678,0.28508333333333336,0.28598267316808124,1.404909700584501,0.0559296646367237
symmetric,1.5,ipw,13,0.9629018527444677,0.015732966888334178,0.8668481726812038,0.6151609974380019,0.0001391146615998942,0.5538013417073426,0.0613596557306592,0.056991263334104855,0.2927916666666667,0.29240363486577514,1.3924210987843155,0.03210361918843601
symmetric,1.5,ipw,14,1.2119925527614457,0.03857454961062932,0.8497270037098765,0.7000980353606505,0.00021660844265537042,0.6077770495737193,0.0923209857869313,0.10054947473109568,0.25768749999999996,0.26258404597763796,1.449315156707888,-0.01923750604858381
symmetric,1.5,ipw,15,1.0352455920006958,0.014658432404610872,0.9611533001682657,0.6703524415245241,0.0003806221253191735,0.5928050623160888,0.07754737920843544,0.07617651081121508,0.28610416666666666,0.2884114703646361,1.429036862348946,0.08929001609359236
symmetric,1.5,ipw,16,1.2592488242829591,0.014213192302543328,1.2040071544265252,0.825823057004009,0.00024172437963792515,0.6880938086405196,0.1377292483634895,0.13431219944513248,0.27181249999999996,0.27195928220754395,1.5492618265533165,-0.004696063064015237
symmetric,1.5,ipw,17,1.0268983734267167,0.01368886439742667,0.9981757755501002,0.6795876711247478,0.0003259764372911651,0.59936805750831,0.08021961361643762,0.08107528644799016,0.28791666666666665,0.2910822193189953,1.4354622927054723,-0.13138932528152006
symmetric,1.5,ipw,18,1.03056526901336,0.01372723103687901,1.0895401566790084,0.7112775522430824,0.0002960905259135361,0.6202410358612365,0.09103651638184604,0.09586270690449276,0.2944375,0.2950937724435253,1.458207610087228,0.027327937033895904
symmetric,1.5,ipw,19,0.9371591711520878,0.013920522708013097,0.9909228594684159,0.647334184442839,0.00021216751476871868,0.5770611486685184,0.07027303577432044,0.06931511140235849,0.3021041666666667,0.3008270076068598,1.4134044237704253,0.0893952442485226
symmetric,3.0,endogenous,0,2.605104560774623,0.2088499052435417,0.2766234605608526,1.0301926421930057,0.2632654159674028,0.27652974603404945,0.7536628961589564,0.7531061630814796,0.01460416666666666,0.014647883793622269,1.9213152331872974,0.47152531381615664
symmetric,3.0,endogenous,1,2.231389452890151,0.23647885647527928,0.7479059884757128,1.0719247659470477,0.2276780359415731,0.3570224159299403,0.7149023500171073,0.7149129624906367,0.08975,0.08915657298696239,2.0654195274045697,0.359339501907542
symmetric,3.0,endogenous,2,0.2842438130737318,0.20046171941471452,2.136836965543379,0.8738474993439418,0.20846776383792592,0.2792507080641078,0.594596791279834,0.5941908245926552,0.4776458333333333,0.4767990275459315,1.910818061144068,-0.4820856312058437
symmetric,3.0,endogenous,3,2.6594095490250185,0.24891991827186782,0.3825585446406663,1.0969626706458508,0.25162695898142506,0.34773039001303013,0.7492322806328209,0.7490326436036131,0.015583333333333328,0.015146815710035016,2.024256673014863,0.5258349135301466
symmetric,3.0,endogenous,4,1.9154718774834592,0.17375449289506872,0.30204692590234633,0.7970910987602913,0.17214793563366787,0.2798886994275537,0.5172023993327376,0.5157607262396791,0.027645833333333324,0.0270218521724434,1.8949818812154948,0.43608924618045986
symmetric,3.0,endogenous,5,2.1404052377174674,0.2046245389976705,0.29421936570230567,0.8797497141391478,0.20736064275221663,0.2861129655727269,0.5936367485664208,0.5950214828716256,0.019562499999999993,0.020122112876224493,1.9197590882250695,0.4245762195043625
symmetric,3.0,endogenous,6,0.2573073668665676,0.1852212396089002,2.214164968532592,0.8855645250026868,0.219161411807751,0.2570522706358028,0.628512254366884,0.6281955969395381,0.4790416666666667,0.4800346203311741,1.8886575672905974,-0.5449855465824287
symmetric,3.0,endogenous,7,0.9734729453479231,0.09383487223329727,0.8757477006115393,0.64768517273092,0.08049805025589293,0.31750884072095387,0.3301763320099661,0.329004717714272,0.22168750000000004,0.22103243989641053,1.8559480749120194,0.0358647900664252
symmetric,3.0,endogenous,8,1.2755146785702625,0.1874971282765999,1.068531610507847,0.8438478057849033,0.17450907434937807,0.31003028688571327,0.5338175188991899,0.5353190900533986,0.215625,0.21598078050971167,1.951028200093797,-0.06730466079862715
symmetric,3.0,endogenous,9,2.389458758176294,0.21634930656368406,0.29548421975413275,0.9670974281647036,0.2372095193728005,0.2898555512654978,0.6772418768992059,0.6764195947677283,0.016729166666666656,0.016418764438816923,1.9347735371417212,0.46994172704831083
symmetric,3.0,endogenous,10,0.25261925097940247,0.19470559798633963,2.7717591102421024,1.073027986402615,0.2836211040667548,0.25820407968267556,0.8148239067199394,0.8127328323656495,0.4859583333333333,0.48437396431544644,1.8998104420846018,-0.5320418001436974
symmetric,3.0,endogenous,11,0.2212960305929632,0.16897434137201478,2.610054100850437,1.0001081576051385,0.2669556785359489,0.2290203401935947,0.7710878174115438,0.7699150794165723,0.48635416666666664,0.48552255588320675,1.8670144367206976,-0.5235859170242783
symmetric,3.0,endogenous,12,2.1630563056563177,0.16213168061301347,0.22466127724064394,0.8499497545033249,0.2154720937910867,0.23020967886165544,0.6197400756416693,0.6188941746002643,0.01920833333333333,0.019004326550341753,1.8564110005216428,0.5188097452817032
symmetric,3.0,endogenous,13,2.0114715013950137,0.1667728073234664,0.24833343090065435,0.8088592465397116,0.1938373637633096,0.247737656858247,0.5611215896814646,0.558557797614009,0.024041666666666663,0.022850665661289307,1.8650345696462203,0.47123272380080383
symmetric,3.0,endogenous,14,2.5825660582421563,0.13570986348964434,0.1785066221016291,0.9655941812778097,0.2657127543598147,0.1909471688408102,0.7746470124369997,0.7756047316878326,0.013541666666666657,0.014056495526774857,1.8286638665939239,0.48886988813044174
symmetric,3.0,endogenous,15,2.183318185575744,0.19968185630672702,0.2746337378508474,0.8858779265777728,0.21590610717856779,0.2733946406768262,0.6124832859009464,0.6140949108047657,0.018145833333333326,0.019118650814914484,1.9060869206836633,0.5516186007777983
symmetric,3.0,endogenous,16,2.6596155603952165,0.24902938585443407,0.3504253492777624,1.0863567651758044,0.2607754325514331,0.33303376738109874,0.7533229977947056,0.7528139038760052,0.014770833333333325,0.014950654599738952,1.9986378982802517,0.5059016247608629
symmetric,3.0,endogenous,17,1.9506280671469152,0.19801150476410426,0.4624849421028978,0.870374838004639,0.1911131433171825,0.29938617411086177,0.5709886638937774,0.5694189235137674,0.06193749999999999,0.061324321289857334,1.9370051810526365,0.23367874914649728
symmetric,3.0,endogenous,18,0.3028456805935481,0.22422120488614863,2.286944827399259,0.9380039042929852,0.22702244257581627,0.29831221587926293,0.6396916884137221,0.6394459050108742,0.47960416666666655,0.478145721882831,1.9420069628277656,-0.443195476739125
symmetric,3.0,endogenous,19,0.2772969988480053,0.1964374063538434,2.0754736491235777,0.8497360181084753,0.2026140011804051,0.2752485411634382,0.5744874769450371,0.5764320283872731,0.4748541666666665,0.47677162776579174,1.9013716446160143,-0.35796365101619293
symmetric,3.0,static,0,1.4251048002304534,0.013874933710415241,0.8871616755346435,0.7753804698251706,0.008453243599567747,0.3728116143501402,0.4025688554750305,0.4039630143629168,0.13579166666666664,0.1368016098910887,2.3488408517394097,0.04979429547775723
symmetric,3.0,static,1,1.2964982388144972,0.013440355425052128,1.2235146381466968,0.8444844107954154,0.00023768078994064996,0.34885007996724027,0.49563433082817515,0.49538712526831297,0.130625,0.132253749106033,2.5449766517952055,0.04347858510514667
symmetric,3.0,static,2,0.9117443110132252,0.013480162662176439,1.0737991690004403,0.6663412142252805,0.0009614787192646372,0.40066409091462585,0.26567712331065474,0.2683696343971552,0.20622916666666663,0.2079992964499368,2.1005153959909886,-0.05464466434130531
symmetric,3.0,static,3,1.320089061612061,0.013448712162584567,1.203769013898274,0.8457689292243066,0.0004332175598805323,0.3482464148535146,0.4975225143707919,0.49693024892027243,0.13085416666666666,0.12886702571279482,2.547023483384034,0.04230083872562247
symmetric,3.0,static,4,0.9740731602501957,0.013447092267845415,0.888339323497403,0.6252865253384815,0.0003433622118580476,0.40371370769593967,0.22157281764254178,0.21801526861995627,0.2089375,0.2071981253214265,1.9998569577615233,0.03731270975072655
symmetric,3.0,static,5,1.0645251459387177,0.013436311349953465,0.9409273193090353,0.6729629255325688,0.0005738541456375743,0.4000484784833594,0.2729144470492094,0.27464933389696294,0.18872916666666667,0.18870510087941053,2.1186364393158676,-0.008603530180556086
symmetric,3.0,static,6,0.8265838319651095,0.013458711589127936,1.1702574486793929,0.6700999974112101,0.0036968842162743163,0.39787800503945575,0.2722219923717543,0.2725030569619008,0.2168125,0.22006264632206013,2.09967381253214,-0.13706455709956397
symmetric,3.0,static,7,0.8450060650390631,0.013435083299282757,0.8434252748111902,0.567288807716512,0.00010168524148503127,0.40018606069258505,0.16710274702392705,0.16664172568386976,0.2346875,0.2327882313915608,1.8612551098739476,0.009494126744246444
symmetric,3.0,static,8,1.0098542395119057,0.013450000427180605,0.9851191152094645,0.6694744517161835,0.00013572028065849084,0.40083373456556404,0.26864071715061955,0.26699831631662674,0.19527083333333334,0.19544264980231035,2.111384776521619,-0.11323560749989312
symmetric,3.0,static,9,1.2244647089606375,0.01352631579903323,0.9583208658812572,0.7321039635469758,0.0022160547550727225,0.3875424806841454,0.3445614828628307,0.34070646175376973,0.16339583333333332,0.16112551489164822,2.2629805287257585,0.02897338295045704
symmetric,3.0,static,10,0.7906651851014458,0.014567102514728652,1.6221832684124642,0.809138518676213,0.01973163634035268,0.35893804437698235,0.4502004742992306,0.44749233911956343,0.19852083333333334,0.19704140551678734,2.3914976310959335,-0.1395627019354947
symmetric,3.0,static,11,0.681206391093304,0.01453565052822584,1.5764834401496604,0.7574084939237301,0.024256014854540518,0.37178608610163344,0.3856224078220968,0.38477614602088367,0.22814583333333333,0.22609401227041173,2.246958242975413,-0.16238759644265172
symmetric,3.0,static,12,1.2038885688625485,0.013554217180771622,0.7100735859842346,0.6425054573425182,0.008027796630279874,0.39685067575424726,0.24565478158827087,0.24826830589454332,0.17791666666666667,0.18033136156727234,2.015782488426698,0.1437341473385689
symmetric,3.0,static,13,1.0708040222222703,0.013475929051427773,0.7701390932671611,0.6181396815136196,0.003117798737217685,0.4013483931276748,0.21679128838594486,0.21272325388488134,0.19887499999999997,0.19793371179938998,1.9728772293349135,0.08600056347945628
symmetric,3.0,static,14,1.6661152337733651,0.014447890105949445,0.5370385537136078,0.7392005591976407,0.039319132279645626,0.366071452748321,0.3731291064493198,0.3759168099557564,0.1300625,0.13083631016497368,2.145655946678016,0.17158606731392498
symmetric,3.0,static,15,1.117830817598809,0.013581452530438052,0.8843634588045889,0.6719252429779453,0.001953423578740394,0.3995598951910395,0.2723653477869058,0.26791157005258626,0.18381250000000002,0.18389691905461156,2.111348877048392,0.1294535199577798
symmetric,3.0,static,16,1.334178151590015,0.013463844802499328,1.1325886122440902,0.8267435362122015,0.0011622035878301957,0.35598808367428825,0.4707554525379133,0.4688971857608421,0.13285416666666666,0.13236142229232037,2.5001737452500423,0.02845681616614874
symmetric,3.0,static,17,1.047410165245132,0.01348071616104288,0.9777911413735175,0.6795606742598974,0.0002989795724407617,0.3994142751228029,0.2801463991370946,0.2803277736879838,0.18764583333333332,0.18975146681138685,2.1364586029616572,-0.12115925162484795
symmetric,3.0,static,18,0.9862874120209956,0.013532073078140028,1.1357157707628416,0.7118450852873257,0.000863623570156739,0.39327072760368026,0.3185743576836454,0.3183502782946844,0.191,0.18850128718309175,2.216818418714509,0.00522002592305513
symmetric,3.0,static,19,0.8910085286902042,0.013442577226895389,1.0393520193628982,0.6479343750933328,0.0008123581652623808,0.4024322026698231,0.2455021724235095,0.2453488562413924,0.21418750000000003,0.21385717171099033,2.0546819076034835,0.0651400266944309
symmetric,3.0,quota,0,1.21722343275521,0.018324726819646274,1.065247250875132,0.7669318034833295,4.57725772651554e-06,0.7669318034833295,3.663735981263016e-17,0.00033873047376562404,0.333333333333333,0.333333333333333,3.6706673721133614,-0.04111370762759462
symmetric,3.0,quota,1,1.2690737672983832,0.013376006603326848,1.2503028550510709,0.8442508763175937,4.146312118918326e-06,0.8442508763175935,4.0856207306205766e-17,0.0003106339590368626,0.333333333333333,0.333333333333333,4.590455111945413,0.03133844251673599
symmetric,3.0,quota,2,0.9678083780869136,0.013926908237518987,1.0144239685201657,0.6653864182815329,6.682775516838827e-06,0.6653864182815327,3.5971225997855067e-17,-0.0013824658493607552,0.333333333333333,0.333333333333333,2.7443434263015587,-0.025456640444747124
symmetric,3.0,quota,3,1.279976529187272,0.013592175654510647,1.2424483300009828,0.8453390116142551,3.299949829269988e-06,0.8453390116142551,3.5971225997855067e-17,-0.0006750518327287929,0.333333333333333,0.333333333333333,4.607793857730203,0.02466695874706725
symmetric,3.0,quota,4,0.9455537366821213,0.013527490490552335,0.915756629357198,0.6249459521766239,2.7890500004124767e-06,0.6249459521766239,3.6415315207705136e-17,-8.244249979039529e-05,0.333333333333333,0.333333333333333,2.4762933140327195,0.022711423532628984
symmetric,3.0,quota,5,1.01879224317896,0.013677162361422671,0.9847101472332003,0.6723931842578611,4.112870929747729e-06,0.6723931842578609,3.8857805861880476e-17,-0.00037617403667509493,0.333333333333333,0.333333333333333,2.794054563331094,-0.031114078720817707
symmetric,3.0,quota,6,0.9366450392083477,0.016100420602898437,1.0464748017873302,0.6664067538661922,3.6406712563407847e-06,0.6664067538661922,3.486100297322991e-17,0.0017996827833710392,0.333333333333333,0.333333333333333,2.762556180283052,-0.07793316399550206
symmetric,3.0,quota,7,0.8455620476300704,0.013336159659229949,0.8426713049890491,0.5671898374261166,2.7149510895285737e-06,0.5671898374261165,3.6193270602780105e-17,0.0003569323739423166,0.333333333333333,0.333333333333333,2.1639458513184744,0.009853422703975058
symmetric,3.0,quota,8,1.0002388635659147,0.013351942405049323,0.9944367043407599,0.6693425034372411,3.7720017161806085e-06,0.6693425034372411,3.7303493627405256e-17,-0.00014215107058335942,0.333333333333333,0.333333333333333,2.770643485579261,-0.1180071785361462
symmetric,3.0,quota,9,1.1257428800469407,0.014653189158766145,1.0492810288571661,0.7298923660209578,4.457229054503403e-06,0.7298923660209578,3.7525538232330294e-17,0.0011874764522749259,0.333333333333333,0.333333333333333,3.276021745792054,-0.016787832287837166
symmetric,3.0,quota,10,1.0578684552459463,0.024804380289174234,1.28555639892542,0.78940974482018,2.8624843196553546e-06,0.78940974482018,3.463895836830488e-17,0.0008113132556621895,0.333333333333333,0.333333333333333,3.966406481434407,0.0008661026998794666
symmetric,3.0,quota,11,0.9601093136407932,0.02836474399995955,1.2109925411789084,0.7331555329398871,3.0538706975591857e-06,0.7331555329398871,3.8635761256955445e-17,0.0008202330188617395,0.333333333333333,0.333333333333333,3.379646861757842,-0.006540978493416073
symmetric,3.0,quota,12,1.0174967584459735,0.019498771691960792,0.8664508463752971,0.6344821255044106,4.464792172223297e-06,0.6344821255044104,3.530509218307997e-17,-0.0005798880754052174,0.333333333333333,0.333333333333333,2.554966633609478,0.05473643856725382
symmetric,3.0,quota,13,0.9612102445926215,0.01567609765289888,0.8681929514047944,0.6150264312167717,4.548440369699929e-06,0.6150264312167716,3.97459842815806e-17,0.0005426672515566317,0.333333333333333,0.333333333333333,2.423847891406999,0.03130380014056976
symmetric,3.0,quota,14,1.1955064168752079,0.04083997355476382,0.863306575360556,0.6998843219301758,2.8950121806172744e-06,0.6998843219301757,3.552713678800501e-17,0.0002941910974422076,0.333333333333333,0.333333333333333,3.1315700410959098,-0.026719460229822013
symmetric,3.0,quota,15,1.0308867113511262,0.014410588130124408,0.9646258733258545,0.6699743909357018,2.571536496864038e-06,0.6699743909357018,3.730349362740526e-17,-0.0006012698187553086,0.333333333333333,0.333333333333333,2.7798880844729563,0.08731644123497648
symmetric,3.0,quota,16,1.2579958419719985,0.013998329476273563,1.2047616937225072,0.8255852883902598,3.955765888461286e-06,0.8255852883902597,3.774758283725532e-17,-0.0011425427178291595,0.333333333333333,0.333333333333333,4.338938702184736,-0.00515083648585642
symmetric,3.0,quota,17,1.021236888856408,0.013411762785742942,1.003141832305382,0.6792634946491776,1.7999617209495974e-06,0.6792634946491776,3.5305092183079985e-17,5.643925126606801e-05,0.333333333333333,0.333333333333333,2.844485585548761,-0.13404776126718326
symmetric,3.0,quota,18,1.0407661073253314,0.013613961761058368,1.0785774352992856,0.7109858347952251,4.373078056084877e-06,0.7109858347952251,3.7081449022480224e-17,-0.0014280882059461487,0.333333333333333,0.333333333333333,3.101793258055051,0.03250056436246807
symmetric,3.0,quota,19,0.9403701587966482,0.013792439283812161,0.9872192416131018,0.6471272798978541,5.262969783832569e-06,0.6471272798978541,3.930189507173054e-17,-0.0004283063675428208,0.333333333333333,0.333333333333333,2.618626071056961,0.09116851144216977
symmetric,3.0,ipw,0,1.2147230771099677,0.019131161013315093,1.068757843228033,0.7675373604504385,0.0006101342248356151,0.3812197905635087,0.3863175698869299,0.3887311190736055,0.1369375,0.13818035734060155,2.3466548050795972,-0.042529485039242615
symmetric,3.0,ipw,1,1.2899870704351029,0.013785687996021334,1.2305892768862545,0.844787345105793,0.000540615100318318,0.34895607347807256,0.49583127162772056,0.49485936695516786,0.12479166666666666,0.1262614808671491,2.541250092676386,0.040436241321649816
symmetric,3.0,ipw,2,0.9578200184084272,0.014116770474425647,1.0255615180235806,0.665832768968811,0.0004530334627952595,0.40038308801281686,0.26544968095599436,0.26870530468963516,0.21129166666666666,0.21221396423435018,2.0990356355386504,-0.030798181110271584
symmetric,3.0,ipw,3,1.2654545952796117,0.014430738308225943,1.2579910334426259,0.8459587890101545,0.0006230773457285027,0.3490920798500844,0.49686670916007003,0.49542386567261654,0.13587499999999997,0.13374471460247667,2.5441715990570826,0.017938392067591683
symmetric,3.0,ipw,4,0.9443764989418234,0.013783560433066272,0.9173827148203394,0.625180924731743,0.00023776160511961809,0.4035178144713741,0.22166311026036895,0.21766916095706562,0.20922916666666666,0.20740978564579798,1.9995438409960187,0.021979665975940917
symmetric,3.0,ipw,5,1.022411226714714,0.013876107364558854,0.9816699562813127,0.6726524301201952,0.00026335873326406,0.4000346060814738,0.2726178240387215,0.2735749190641049,0.18824999999999997,0.1878747212794634,2.117898144775762,-0.029439494048416108
symmetric,3.0,ipw,6,0.948478908250671,0.016999032006661665,1.0345034694061577,0.66666046988783,0.0002573566928942031,0.4024018408796614,0.2642586290081686,0.2653285875973,0.2130625,0.2160724175950596,2.1000871154198344,-0.07191361420447065
symmetric,3.0,ipw,7,0.8454856755202446,0.01351452314835394,0.8431044585131741,0.5673682190605908,0.00018109658556383744,0.3997984495114598,0.167569769549131,0.16684749283854236,0.2341875,0.23228621134443794,1.8612371060862885,0.009713669152762682
symmetric,3.0,ipw,8,1.0005105299302324,0.013690843483311019,0.9948421218838515,0.6696811650991317,0.0003424336636065423,0.4003152861428038,0.2693658789563279,0.2679909148173688,0.19547916666666668,0.1958752982253788,2.1105646726601073,-0.11804088710995367
symmetric,3.0,ipw,9,1.1238380409347157,0.015054297933313174,1.051756785370098,0.7302163747460424,0.000328465954139032,0.3894513151916127,0.34076505955442965,0.33958352741255937,0.1630208333333333,0.16203167044898065,2.2619033134134194,-0.017844661021433502
symmetric,3.0,ipw,10,1.0521438103138085,0.024826074049072597,1.2933347567166364,0.7901015470265057,0.000694664690645409,0.37752608308934194,0.4125754639371638,0.4097265732445166,0.19985416666666667,0.19939819200610884,2.3866543832810097,-0.0022742018443519785
symmetric,3.0,ipw,11,0.9395382729839719,0.026211779627097233,1.235195798320618,0.7336486169772292,0.0004961379080396153,0.39115811535472245,0.34249050162250677,0.3416234902877222,0.2370625,0.23447898089630748,2.2388022078656236,-0.017369640485414124
symmetric,3.0,ipw,12,1.0231204082782557,0.019315819304895385,0.8617263561248505,0.6347208612360005,0.00024320052376229938,0.40348615113362946,0.23123471010237107,0.2335618360609084,0.1759583333333333,0.17846035644419947,2.01486758478803,0.05742326429291657
symmetric,3.0,ipw,13,0.9648468260440273,0.01572509237247039,0.8651658991972242,0.6152459392045738,0.00022405642817200977,0.40340653373153473,0.2118394054730392,0.20712700696949354,0.19814583333333335,0.19651927350416556,1.97241996654772,0.03305907749720925
symmetric,3.0,ipw,14,1.2107414776745133,0.03890448698682848,0.8510108781822734,0.7002189476145383,0.0003375206965431409,0.40138269072173083,0.29883625689280746,0.3010290517564908,0.12618749999999998,0.126733276692121,2.140459443313775,-0.019868336918982037
symmetric,3.0,ipw,15,1.0453560601997411,0.014554039162263405,0.9518046324643412,0.6705715772754486,0.000599757876243696,0.3994576020201348,0.27111397525531383,0.26614373136573233,0.17858333333333334,0.17879504748523817,2.109068187634049,0.09419383884913071
symmetric,3.0,ipw,16,1.26025934413745,0.014310210011440023,1.203251138422367,0.8259402308570858,0.0003588982327143742,0.3571325835957598,0.46880764726132584,0.46721753349282436,0.13275000000000003,0.132511663830495,2.4980877487430595,-0.004295881290396977
symmetric,3.0,ipw,17,1.029456725384065,0.013721000312868062,0.9957479544233573,0.6796418933734303,0.00038019868597342427,0.39883306653250566,0.28080882684092423,0.28152101045194516,0.18420833333333328,0.18680906820796256,2.135309531394741,-0.13014205448280997
symmetric,3.0,ipw,18,1.0199098094195032,0.013667132713419846,1.1006253623625373,0.7114007681651533,0.0004193064479844434,0.39263592134822706,0.3187648468169263,0.31896601184082574,0.19949999999999998,0.19747379166226955,2.2144487922678726,0.022014258191896636
symmetric,3.0,ipw,19,0.9378621243837826,0.014004243832052315,0.9903434962566686,0.6474032881575011,0.0002812712294309889,0.40244508500904674,0.24495820314845457,0.24505654263408885,0.21585416666666668,0.21580780550247222,2.0539936433704407,0.08972409738136893
no_conflict,0.0,endogenous,0,0.013337910591059852,0.013337910591059852,0.013337910591059852,0.013337910591059852,4.577257726515562e-06,0.013337910591059852,6.938893903907229e-19,1.0898349679162758e-06,0.28202083333333333,0.2827320638650378,1.243005045250227,-0.04111370762759459
no_conflict,0.0,endogenous,1,0.013337479645452252,0.013337479645452252,0.013337479645452252,0.013337479645452252,4.146312118918346e-06,0.013337479645452252,7.216449660063518e-19,4.534933730238602e-05,0.2815624999999999,0.2827320638650378,1.243005045250227,0.03133844251673601
no_conflict,0.0,endogenous,2,0.013340016108850179,0.013340016108850179,0.013340016108850179,0.013340016108850179,6.682775516838822e-06,0.013340016108850175,8.118505867571459e-19,3.056510632485471e-05,0.2823541666666666,0.2827320638650378,1.243005045250227,-0.025456640444747113
no_conflict,0.0,endogenous,3,0.013336633283162608,0.013336633283162608,0.013336633283162608,0.013336633283162608,3.299949829269969e-06,0.013336633283162608,7.598088824778416e-19,-7.013710163701189e-05,0.28712499999999996,0.2827320638650378,1.243005045250227,0.024666958747067223
no_conflict,0.0,endogenous,4,0.013336122383333749,0.013336122383333749,0.013336122383333749,0.013336122383333749,2.7890500004124644e-06,0.013336122383333746,8.0838113980519215e-19,-2.0618591502742465e-05,0.284875,0.2827320638650378,1.243005045250227,0.02271142353262897
no_conflict,0.0,endogenous,5,0.013337446204263081,0.013337446204263081,0.013337446204263081,0.013337446204263081,4.11287092974775e-06,0.013337446204263081,7.979727989493315e-19,-1.628566154206343e-05,0.2848958333333333,0.2827320638650378,1.243005045250227,-0.03111407872081774
no_conflict,0.0,endogenous,6,0.013336974004589674,0.013336974004589674,0.013336974004589674,0.013336974004589677,3.6406712563407915e-06,0.013336974004589674,7.945033519973778e-19,2.0441250501345615e-05,0.27993750000000006,0.2827320638650378,1.243005045250227,-0.07793316399550206
no_conflict,0.0,endogenous,7,0.013336048284422863,0.013336048284422863,0.013336048284422863,0.013336048284422863,2.714951089528563e-06,0.01333604828442286,7.736866702856561e-19,-2.928793386130339e-05,0.2836875,0.2827320638650378,1.243005045250227,0.00985342270397505
no_conflict,0.0,endogenous,8,0.013337105335049514,0.013337105335049514,0.013337105335049514,0.013337105335049514,3.7720017161806128e-06,0.013337105335049514,7.875644580934704e-19,2.1728074539796406e-06,0.2827083333333333,0.2827320638650378,1.243005045250227,-0.1180071785361462
no_conflict,0.0,endogenous,9,0.013337790562387842,0.013337790562387842,0.013337790562387842,0.013337790562387842,4.457229054503385e-06,0.013337790562387842,6.6960326172704765e-19,2.90573403774498e-05,0.2842083333333333,0.2827320638650378,1.243005045250227,-0.0167878322878372
no_conflict,0.0,endogenous,10,0.01333619581765299,0.01333619581765299,0.01333619581765299,0.01333619581765299,2.862484319655342e-06,0.01333619581765299,8.118505867571459e-19,-9.245708917324197e-06,0.28477083333333336,0.2827320638650378,1.243005045250227,0.0008661026998794494
no_conflict,0.0,endogenous,11,0.013336387204030898,0.013336387204030898,0.013336387204030898,0.013336387204030898,3.053870697559178e-06,0.013336387204030895,7.91033905045424e-19,-6.666710314223324e-05,0.28545833333333337,0.2827320638650378,1.243005045250227,-0.006540978493416084
no_conflict,0.0,endogenous,12,0.013337798125505559,0.013337798125505559,0.013337798125505559,0.013337798125505559,4.4647921722232914e-06,0.013337798125505557,8.361367154208211e-19,-8.956579193024735e-06,0.28224999999999995,0.2827320638650378,1.243005045250227,0.05473643856725382
no_conflict,0.0,endogenous,13,0.013337881773703037,0.013337881773703037,0.013337881773703037,0.013337881773703037,4.548440369699923e-06,0.013337881773703037,7.181755190543982e-19,-8.019340125949843e-05,0.28391666666666665,0.2827320638650378,1.243005045250227,0.031303800140569764
no_conflict,0.0,endogenous,14,0.013336228345513956,0.013336228345513956,0.013336228345513956,0.013336228345513956,2.895012180617275e-06,0.013336228345513956,7.216449660063518e-19,-8.783436153164906e-05,0.2785833333333333,0.2827320638650378,1.243005045250227,-0.026719460229821995
no_conflict,0.0,endogenous,15,0.013335904869830198,0.013335904869830198,0.013335904869830198,0.013335904869830198,2.5715364968640245e-06,0.013335904869830198,8.326672684688676e-19,4.260099948809069e-05,0.28012499999999996,0.2827320638650378,1.243005045250227,0.08731644123497648
no_conflict,0.0,endogenous,16,0.0133372890992218,0.0133372890992218,0.0133372890992218,0.0133372890992218,3.955765888461319e-06,0.013337289099221796,7.494005416219808e-19,-3.0068211180167582e-05,0.283,0.2827320638650378,1.243005045250227,-0.005150836485856446
no_conflict,0.0,endogenous,17,0.013335133295054286,0.013335133295054286,0.013335133295054286,0.013335133295054286,1.799961720949589e-06,0.013335133295054286,7.910339050454242e-19,-6.459275349369685e-05,0.27977083333333325,0.2827320638650378,1.243005045250227,-0.13404776126718326
no_conflict,0.0,endogenous,18,0.013337706411389422,0.013337706411389422,0.013337706411389422,0.013337706411389422,4.373078056084839e-06,0.013337706411389422,7.147060721024447e-19,0.00012461022372525126,0.28260416666666666,0.2827320638650378,1.243005045250227,0.03250056436246809
no_conflict,0.0,endogenous,19,0.01333859630311717,0.01333859630311717,0.01333859630311717,0.01333859630311717,5.262969783832627e-06,0.013338596303117168,8.257283745649603e-19,-5.393317439209487e-05,0.28235416666666663,0.2827320638650378,1.243005045250227,0.09116851144216975
no_conflict,0.0,static,0,0.013337910591059852,0.013337910591059852,0.013337910591059852,0.013337910591059852,4.577257726515562e-06,0.013337910591059852,6.938893903907229e-19,1.0898349679162758e-06,0.28202083333333333,0.2827320638650378,1.243005045250227,-0.04111370762759459
no_conflict,0.0,static,1,0.013337479645452252,0.013337479645452252,0.013337479645452252,0.013337479645452252,4.146312118918346e-06,0.013337479645452252,7.216449660063518e-19,4.534933730238602e-05,0.2815624999999999,0.2827320638650378,1.243005045250227,0.03133844251673601
no_conflict,0.0,static,2,0.013340016108850179,0.013340016108850179,0.013340016108850179,0.013340016108850179,6.682775516838822e-06,0.013340016108850175,8.118505867571459e-19,3.056510632485471e-05,0.2823541666666666,0.2827320638650378,1.243005045250227,-0.025456640444747113
no_conflict,0.0,static,3,0.013336633283162608,0.013336633283162608,0.013336633283162608,0.013336633283162608,3.299949829269969e-06,0.013336633283162608,7.598088824778416e-19,-7.013710163701189e-05,0.28712499999999996,0.2827320638650378,1.243005045250227,0.024666958747067223
no_conflict,0.0,static,4,0.013336122383333749,0.013336122383333749,0.013336122383333749,0.013336122383333749,2.7890500004124644e-06,0.013336122383333746,8.0838113980519215e-19,-2.0618591502742465e-05,0.284875,0.2827320638650378,1.243005045250227,0.02271142353262897
no_conflict,0.0,static,5,0.013337446204263081,0.013337446204263081,0.013337446204263081,0.013337446204263081,4.11287092974775e-06,0.013337446204263081,7.979727989493315e-19,-1.628566154206343e-05,0.2848958333333333,0.2827320638650378,1.243005045250227,-0.03111407872081774
no_conflict,0.0,static,6,0.013336974004589674,0.013336974004589674,0.013336974004589674,0.013336974004589677,3.6406712563407915e-06,0.013336974004589674,7.945033519973778e-19,2.0441250501345615e-05,0.27993750000000006,0.2827320638650378,1.243005045250227,-0.07793316399550206
no_conflict,0.0,static,7,0.013336048284422863,0.013336048284422863,0.013336048284422863,0.013336048284422863,2.714951089528563e-06,0.01333604828442286,7.736866702856561e-19,-2.928793386130339e-05,0.2836875,0.2827320638650378,1.243005045250227,0.00985342270397505
no_conflict,0.0,static,8,0.013337105335049514,0.013337105335049514,0.013337105335049514,0.013337105335049514,3.7720017161806128e-06,0.013337105335049514,7.875644580934704e-19,2.1728074539796406e-06,0.2827083333333333,0.2827320638650378,1.243005045250227,-0.1180071785361462
no_conflict,0.0,static,9,0.013337790562387842,0.013337790562387842,0.013337790562387842,0.013337790562387842,4.457229054503385e-06,0.013337790562387842,6.6960326172704765e-19,2.90573403774498e-05,0.2842083333333333,0.2827320638650378,1.243005045250227,-0.0167878322878372
no_conflict,0.0,static,10,0.01333619581765299,0.01333619581765299,0.01333619581765299,0.01333619581765299,2.862484319655342e-06,0.01333619581765299,8.118505867571459e-19,-9.245708917324197e-06,0.28477083333333336,0.2827320638650378,1.243005045250227,0.0008661026998794494
no_conflict,0.0,static,11,0.013336387204030898,0.013336387204030898,0.013336387204030898,0.013336387204030898,3.053870697559178e-06,0.013336387204030895,7.91033905045424e-19,-6.666710314223324e-05,0.28545833333333337,0.2827320638650378,1.243005045250227,-0.006540978493416084
no_conflict,0.0,static,12,0.013337798125505559,0.013337798125505559,0.013337798125505559,0.013337798125505559,4.4647921722232914e-06,0.013337798125505557,8.361367154208211e-19,-8.956579193024735e-06,0.28224999999999995,0.2827320638650378,1.243005045250227,0.05473643856725382
no_conflict,0.0,static,13,0.013337881773703037,0.013337881773703037,0.013337881773703037,0.013337881773703037,4.548440369699923e-06,0.013337881773703037,7.181755190543982e-19,-8.019340125949843e-05,0.28391666666666665,0.2827320638650378,1.243005045250227,0.031303800140569764
no_conflict,0.0,static,14,0.013336228345513956,0.013336228345513956,0.013336228345513956,0.013336228345513956,2.895012180617275e-06,0.013336228345513956,7.216449660063518e-19,-8.783436153164906e-05,0.2785833333333333,0.2827320638650378,1.243005045250227,-0.026719460229821995
no_conflict,0.0,static,15,0.013335904869830198,0.013335904869830198,0.013335904869830198,0.013335904869830198,2.5715364968640245e-06,0.013335904869830198,8.326672684688676e-19,4.260099948809069e-05,0.28012499999999996,0.2827320638650378,1.243005045250227,0.08731644123497648
no_conflict,0.0,static,16,0.0133372890992218,0.0133372890992218,0.0133372890992218,0.0133372890992218,3.955765888461319e-06,0.013337289099221796,7.494005416219808e-19,-3.0068211180167582e-05,0.283,0.2827320638650378,1.243005045250227,-0.005150836485856446
no_conflict,0.0,static,17,0.013335133295054286,0.013335133295054286,0.013335133295054286,0.013335133295054286,1.799961720949589e-06,0.013335133295054286,7.910339050454242e-19,-6.459275349369685e-05,0.27977083333333325,0.2827320638650378,1.243005045250227,-0.13404776126718326
no_conflict,0.0,static,18,0.013337706411389422,0.013337706411389422,0.013337706411389422,0.013337706411389422,4.373078056084839e-06,0.013337706411389422,7.147060721024447e-19,0.00012461022372525126,0.28260416666666666,0.2827320638650378,1.243005045250227,0.03250056436246809
no_conflict,0.0,static,19,0.01333859630311717,0.01333859630311717,0.01333859630311717,0.01333859630311717,5.262969783832627e-06,0.013338596303117168,8.257283745649603e-19,-5.393317439209487e-05,0.28235416666666663,0.2827320638650378,1.243005045250227,0.09116851144216975
no_conflict,0.0,quota,0,0.013337910591059852,0.013337910591059852,0.013337910591059852,0.013337910591059852,4.577257726515562e-06,0.013337910591059852,7.56339435525888e-19,1.0898349679162758e-06,0.333333333333333,0.333333333333333,1.2586992471636236,-0.04111370762759459
no_conflict,0.0,quota,1,0.013337479645452252,0.013337479645452252,0.013337479645452252,0.013337479645452252,4.146312118918346e-06,0.013337479645452252,8.049116928532386e-19,4.534933730238602e-05,0.333333333333333,0.333333333333333,1.2586992471636236,0.03133844251673601
no_conflict,0.0,quota,2,0.013340016108850179,0.013340016108850179,0.013340016108850179,0.013340016108850179,6.682775516838822e-06,0.013340016108850175,9.263423361716154e-19,3.056510632485471e-05,0.333333333333333,0.333333333333333,1.2586992471636236,-0.025456640444747113
no_conflict,0.0,quota,3,0.013336633283162608,0.013336633283162608,0.013336633283162608,0.013336633283162608,3.299949829269969e-06,0.013336633283162608,8.74300631892311e-19,-7.013710163701189e-05,0.333333333333333,0.333333333333333,1.2586992471636236,0.024666958747067223
no_conflict,0.0,quota,4,0.013336122383333749,0.013336122383333749,0.013336122383333749,0.013336122383333749,2.7890500004124644e-06,0.013336122383333746,8.534839501805893e-19,-2.0618591502742465e-05,0.333333333333333,0.333333333333333,1.2586992471636236,0.02271142353262897
no_conflict,0.0,quota,5,0.013337446204263081,0.013337446204263081,0.013337446204263081,0.013337446204263081,4.11287092974775e-06,0.013337446204263081,8.46545056276682e-19,-1.628566154206343e-05,0.333333333333333,0.333333333333333,1.2586992471636236,-0.03111407872081774
no_conflict,0.0,quota,6,0.013336974004589674,0.013336974004589674,0.013336974004589674,0.013336974004589677,3.6406712563407915e-06,0.013336974004589674,8.430756093247284e-19,2.0441250501345615e-05,0.333333333333333,0.333333333333333,1.2586992471636236,-0.07793316399550206
no_conflict,0.0,quota,7,0.013336048284422863,0.013336048284422863,0.013336048284422863,0.013336048284422863,2.714951089528563e-06,0.01333604828442286,9.679756995950586e-19,-2.928793386130339e-05,0.333333333333333,0.333333333333333,1.2586992471636236,0.00985342270397505
no_conflict,0.0,quota,8,0.013337105335049514,0.013337105335049514,0.013337105335049514,0.013337105335049514,3.7720017161806128e-06,0.013337105335049514,9.089951014118471e-19,2.1728074539796406e-06,0.333333333333333,0.333333333333333,1.2586992471636236,-0.1180071785361462
no_conflict,0.0,quota,9,0.013337790562387842,0.013337790562387842,0.013337790562387842,0.013337790562387842,4.457229054503385e-06,0.013337790562387838,9.19403442267708e-19,2.90573403774498e-05,0.333333333333333,0.333333333333333,1.2586992471636236,-0.0167878322878372
no_conflict,0.0,quota,10,0.01333619581765299,0.01333619581765299,0.01333619581765299,0.01333619581765299,2.862484319655342e-06,0.01333619581765299,9.887923813067802e-19,-9.245708917324197e-06,0.333333333333333,0.333333333333333,1.2586992471636236,0.0008661026998794494
no_conflict,0.0,quota,11,0.013336387204030898,0.013336387204030898,0.013336387204030898,0.013336387204030898,3.053870697559178e-06,0.013336387204030895,9.36750677027476e-19,-6.666710314223324e-05,0.333333333333333,0.333333333333333,1.2586992471636236,-0.006540978493416084
no_conflict,0.0,quota,12,0.013337798125505559,0.013337798125505559,0.013337798125505559,0.013337798125505559,4.4647921722232914e-06,0.013337798125505557,9.610368056911514e-19,-8.956579193024735e-06,0.333333333333333,0.333333333333333,1.2586992471636236,0.05473643856725382
no_conflict,0.0,quota,13,0.013337881773703037,0.013337881773703037,0.013337881773703037,0.013337881773703037,4.548440369699923e-06,0.013337881773703037,8.708311849403574e-19,-8.019340125949843e-05,0.333333333333333,0.333333333333333,1.2586992471636236,0.031303800140569764
no_conflict,0.0,quota,14,0.013336228345513956,0.013336228345513956,0.013336228345513956,0.013336228345513956,2.895012180617275e-06,0.013336228345513953,8.638922910364501e-19,-8.783436153164906e-05,0.333333333333333,0.333333333333333,1.2586992471636236,-0.026719460229821995
no_conflict,0.0,quota,15,0.013335904869830198,0.013335904869830198,0.013335904869830198,0.013335904869830198,2.5715364968640245e-06,0.013335904869830198,8.708311849403574e-19,4.260099948809069e-05,0.333333333333333,0.333333333333333,1.2586992471636236,0.08731644123497648
no_conflict,0.0,quota,16,0.0133372890992218,0.0133372890992218,0.0133372890992218,0.0133372890992218,3.955765888461319e-06,0.0133372890992218,8.777700788442646e-19,-3.0068211180167582e-05,0.333333333333333,0.333333333333333,1.2586992471636236,-0.005150836485856446
no_conflict,0.0,quota,17,0.013335133295054286,0.013335133295054286,0.013335133295054286,0.013335133295054286,1.799961720949589e-06,0.013335133295054286,9.263423361716152e-19,-6.459275349369685e-05,0.333333333333333,0.333333333333333,1.2586992471636236,-0.13404776126718326
no_conflict,0.0,quota,18,0.013337706411389422,0.013337706411389422,0.013337706411389422,0.013337706411389422,4.373078056084839e-06,0.013337706411389422,9.0205620750794e-19,0.00012461022372525126,0.333333333333333,0.333333333333333,1.2586992471636236,0.03250056436246809
no_conflict,0.0,quota,19,0.01333859630311717,0.01333859630311717,0.01333859630311717,0.01333859630311717,5.262969783832627e-06,0.013338596303117168,8.985867605559863e-19,-5.393317439209487e-05,0.333333333333333,0.333333333333333,1.2586992471636236,0.09116851144216975
no_conflict,0.0,ipw,0,0.013338022362715373,0.013338022362715373,0.013338022362715373,0.013338022362715373,4.689029382037348e-06,0.013338022362715373,8.01442245901285e-19,1.0270572812182478e-06,0.28202083333333333,0.2827320638650378,1.243005045250227,-0.04113025042919492
no_conflict,0.0,ipw,1,0.013337483925153045,0.013337483925153045,0.013337483925153045,0.013337483925153043,4.15059181970896e-06,0.013337483925153045,7.355227538141663e-19,4.52315207038829e-05,0.2815624999999999,0.2827320638650378,1.243005045250227,0.031330057964853074
no_conflict,0.0,ipw,2,0.01333960485650687,0.01333960485650687,0.01333960485650687,0.01333960485650687,6.2715231735342865e-06,0.013339604856506867,5.759281940243001e-19,2.984762149927682e-05,0.2823541666666666,0.2827320638650378,1.243005045250227,-0.025461315930984246
no_conflict,0.0,ipw,3,0.013336894552212658,0.013336894552212658,0.013336894552212658,0.013336894552212658,3.561218879322255e-06,0.013336894552212658,7.702172233337026e-19,-7.021881798132685e-05,0.28712499999999996,0.2827320638650378,1.243005045250227,0.024683936372311085
no_conflict,0.0,ipw,4,0.013336170804230612,0.013336170804230612,0.013336170804230612,0.013336170804230612,2.837470897277754e-06,0.013336170804230612,6.453171330633722e-19,-2.0852352345471934e-05,0.284875,0.2827320638650378,1.243005045250227,0.022672148617858184
no_conflict,0.0,ipw,5,0.013337684462940563,0.013337684462940563,0.013337684462940563,0.013337684462940563,4.351129607225294e-06,0.013337684462940563,7.702172233337025e-19,-1.607163231235985e-05,0.2848958333333333,0.2827320638650378,1.243005045250227,-0.031104734580123822
no_conflict,0.0,ipw,6,0.013337081973995505,0.013337081973995505,0.013337081973995505,0.013337081973995505,3.7486406621679835e-06,0.013337081973995505,7.424616477180735e-19,2.058337742380916e-05,0.27993750000000006,0.2827320638650378,1.243005045250227,-0.07791925367327275
no_conflict,0.0,ipw,7,0.01333594239747631,0.01333594239747631,0.01333594239747631,0.01333594239747631,2.609064142974181e-06,0.013335942397476309,7.389922007661199e-19,-2.9365142267990134e-05,0.2836875,0.2827320638650378,1.243005045250227,0.009812697415331332
no_conflict,0.0,ipw,8,0.013337019210222826,0.013337019210222826,0.013337019210222826,0.013337019210222826,3.6858768894856536e-06,0.013337019210222826,7.251144129583054e-19,2.0547847694785884e-06,0.2827083333333333,0.2827320638650378,1.243005045250227,-0.11791940181239631
no_conflict,0.0,ipw,9,0.013337549764754212,0.013337549764754212,0.013337549764754212,0.013337549764754212,4.216431420875412e-06,0.013337549764754212,6.938893903907229e-19,2.9037733379633518e-05,0.2842083333333333,0.2827320638650378,1.243005045250227,-0.016888395533825123
no_conflict,0.0,ipw,10,0.0133362749919308,0.0133362749919308,0.0133362749919308,0.0133362749919308,2.9416585974615404e-06,0.013336274991930797,8.291978215169139e-19,-9.332711248161185e-06,0.28477083333333336,0.2827320638650378,1.243005045250227,0.0009350583535570379
no_conflict,0.0,ipw,11,0.013336190287060446,0.013336190287060446,0.013336190287060446,0.013336190287060446,2.85695372710764e-06,0.013336190287060446,7.11236625150491e-19,-6.702311190179042e-05,0.28545833333333337,0.2827320638650378,1.243005045250227,-0.0065347537600957935
no_conflict,0.0,ipw,12,0.01333769897169806,0.01333769897169806,0.01333769897169806,0.01333769897169806,4.365638364726397e-06,0.01333769897169806,7.251144129583054e-19,-9.276251702830117e-06,0.28224999999999995,0.2827320638650378,1.243005045250227,0.05473213575968633
no_conflict,0.0,ipw,13,0.013337783660968845,0.013337783660968845,0.013337783660968845,0.013337783660968845,4.450327635507963e-06,0.013337783660968845,7.494005416219808e-19,-8.02484966065878e-05,0.28391666666666665,0.2827320638650378,1.243005045250227,0.03128282191563377
no_conflict,0.0,ipw,14,0.013336450272962977,0.013336450272962977,0.013336450272962977,0.013336450272962977,3.116939629640971e-06,0.013336450272962977,6.626643678231403e-19,-8.741350970639936e-05,0.2785833333333333,0.2827320638650378,1.243005045250227,-0.026726232912336535
no_conflict,0.0,ipw,15,0.013336110841883242,0.013336110841883242,0.013336110841883242,0.013336110841883242,2.7775085499053796e-06,0.013336110841883242,8.465450562766821e-19,4.274633800967728e-05,0.28012499999999996,0.2827320638650378,1.243005045250227,0.08728704293902206
no_conflict,0.0,ipw,16,0.013337145924195732,0.013337145924195732,0.013337145924195732,0.013337145924195732,3.812590862395133e-06,0.013337145924195732,7.147060721024446e-19,-3.0473204713724892e-05,0.283,0.2827320638650378,1.243005045250227,-0.005108735759524535
no_conflict,0.0,ipw,17,0.013335109407418184,0.013335109407418184,0.013335109407418184,0.013335109407418184,1.7760740848484427e-06,0.013335109407418184,7.702172233337025e-19,-6.498952975360239e-05,0.27977083333333325,0.2827320638650378,1.243005045250227,-0.13416467849725616
no_conflict,0.0,ipw,18,0.013338107047614364,0.013338107047614364,0.013338107047614364,0.013338107047614364,4.773714281027993e-06,0.013338107047614364,7.147060721024446e-19,0.00012502917143994408,0.28260416666666666,0.2827320638650378,1.243005045250227,0.03246336304561777
no_conflict,0.0,ipw,19,0.013338865934238992,0.013338865934238992,0.013338865934238992,0.013338865934238992,5.532600905655052e-06,0.013338865934238988,7.320533068622127e-19,-5.359206273910269e-05,0.28235416666666663,0.2827320638650378,1.243005045250227,0.09112643446642033
no_conflict,1.5,endogenous,0,0.013337910591059852,0.013337910591059852,0.013337910591059852,0.013337910591059852,4.577257726515562e-06,0.013337910591059852,-3.469446951953613e-21,1.0898349679162758e-06,0.28112499999999996,0.28197997638449696,1.2472363763521812,-0.04111370762759459
no_conflict,1.5,endogenous,1,0.013337479645452252,0.013337479645452252,0.013337479645452252,0.013337479645452252,4.146312118918346e-06,0.013337479645452252,-6.245004513516505e-20,4.534933730238602e-05,0.28074999999999994,0.28198000079944874,1.247236238391071,0.03133844251673601
no_conflict,1.5,endogenous,2,0.013340016108850179,0.013340016108850179,0.013340016108850179,0.013340016108850179,6.682775516838822e-06,0.013340016108850175,1.457167719820518e-19,3.056510632485471e-05,0.2814166666666666,0.2819798570982179,1.2472370503982624,-0.025456640444747113
no_conflict,1.5,endogenous,3,0.013336633283162608,0.013336633283162608,0.013336633283162608,0.013336633283162608,3.299949829269969e-06,0.013336633283162608,3.1225022567582513e-20,-7.013710163701189e-05,0.28637499999999994,0.2819800487487202,1.2472359674495084,0.024666958747067223
no_conflict,1.5,endogenous,4,0.013336122383333749,0.013336122383333749,0.013336122383333749,0.013336122383333749,2.7890500004124644e-06,0.013336122383333746,-1.7347234759768068e-20,-2.0618591502742465e-05,0.2841458333333334,0.2819800776929911,1.2472358038969638,0.02271142353262897
no_conflict,1.5,endogenous,5,0.013337446204263081,0.013337446204263081,0.013337446204263081,0.013337446204263081,4.11287092974775e-06,0.013337446204263085,2.0816681711721686e-20,-1.628566154206343e-05,0.2841041666666666,0.28198000269315715,1.2472362276949756,-0.03111407872081774
no_conflict,1.5,endogenous,6,0.013336974004589674,0.013336974004589674,0.013336974004589674,0.013336974004589677,3.6406712563407915e-06,0.013336974004589677,5.204170427930419e-20,2.0441250501345615e-05,0.2789583333333333,0.2819800294456393,1.2472360765236048,-0.07793316399550206
no_conflict,1.5,endogenous,7,0.013336048284422863,0.013336048284422863,0.013336048284422863,0.013336048284422863,2.714951089528563e-06,0.013336048284422863,7.632783294297952e-20,-2.928793386130339e-05,0.2827708333333333,0.28198008189092144,1.247235780176307,0.00985342270397505
no_conflict,1.5,endogenous,8,0.013337105335049514,0.013337105335049514,0.013337105335049514,0.013337105335049514,3.7720017161806128e-06,0.013337105335049514,5.551115123125784e-20,2.1728074539796406e-06,0.28191666666666665,0.28198002200507705,1.2472361185684733,-0.1180071785361462
no_conflict,1.5,endogenous,9,0.013337790562387842,0.013337790562387842,0.013337790562387842,0.013337790562387842,4.457229054503385e-06,0.013337790562387842,-1.0408340855860825e-20,2.90573403774498e-05,0.2834791666666666,0.2819799831848653,1.2472363379243094,-0.0167878322878372
no_conflict,1.5,endogenous,10,0.01333619581765299,0.01333619581765299,0.01333619581765299,0.01333619581765299,2.862484319655342e-06,0.01333619581765299,9.714451465470116e-20,-9.245708917324197e-06,0.28383333333333327,0.28198007353269805,1.2472358274050208,0.0008661026998794494
no_conflict,1.5,endogenous,11,0.013336387204030898,0.013336387204030898,0.013336387204030898,0.013336387204030898,3.053870697559178e-06,0.013336387204030898,-5.898059818321147e-20,-6.666710314223324e-05,0.2846458333333333,0.2819800626900322,1.2472358886723685,-0.006540978493416084
no_conflict,1.5,endogenous,12,0.013337798125505559,0.013337798125505559,0.013337798125505559,0.013337798125505559,4.4647921722232914e-06,0.013337798125505559,1.3877787807814457e-19,-8.956579193024735e-06,0.28139583333333335,0.28197998275628305,1.2472363403466107,0.05473643856725382
no_conflict,1.5,endogenous,13,0.013337881773703037,0.013337881773703037,0.013337881773703037,0.013337881773703037,4.548440369699923e-06,0.013337881773703037,1.1449174941446925e-19,-8.019340125949843e-05,0.2833124999999999,0.2819799780169276,1.2472363671288833,0.031303800140569764
no_conflict,1.5,endogenous,14,0.013336228345513956,0.013336228345513956,0.013336228345513956,0.013336228345513956,2.895012180617275e-06,0.013336228345513956,5.551115123125783e-20,-8.783436153164906e-05,0.27772916666666664,0.2819800716898189,1.2472358378187216,-0.026719460229821995
no_conflict,1.5,endogenous,15,0.013335904869830198,0.013335904869830198,0.013335904869830198,0.013335904869830198,2.5715364968640245e-06,0.013335904869830198,1.457167719820518e-19,4.260099948809069e-05,0.27927083333333336,0.28198009001584845,1.2472357342656537,0.08731644123497648
no_conflict,1.5,endogenous,16,0.0133372890992218,0.0133372890992218,0.0133372890992218,0.0133372890992218,3.955765888461319e-06,0.0133372890992218,5.20417042793042e-20,-3.0068211180167582e-05,0.28241666666666665,0.2819800115943062,1.2472361773949832,-0.005150836485856446
no_conflict,1.5,endogenous,17,0.013335133295054286,0.013335133295054286,0.013335133295054286,0.013335133295054286,1.799961720949589e-06,0.013335133295054286,3.8163916471489754e-20,-6.459275349369685e-05,0.27908333333333335,0.2819801337281295,1.2472354872657152,-0.13404776126718326
no_conflict,1.5,endogenous,18,0.013337706411389422,0.013337706411389422,0.013337706411389422,0.013337706411389422,4.373078056084839e-06,0.013337706411389422,-7.632783294297952e-20,0.00012461022372525126,0.28202083333333333,0.28197998795191426,1.2472363109897295,0.03250056436246809
no_conflict,1.5,endogenous,19,0.01333859630311717,0.01333859630311717,0.01333859630311717,0.01333859630311717,5.262969783832627e-06,0.01333859630311717,4.81482486096809e-36,-5.393317439209487e-05,0.2815625,0.28197993753670236,1.2472365958645202,0.09116851144216975
no_conflict,1.5,static,0,0.013337910591059852,0.013337910591059852,0.013337910591059852,0.013337910591059852,4.577257726515562e-06,0.013337910591059852,-2.407412430484045e-36,1.0898349679162758e-06,0.28112499999999996,0.2819802357017361,1.247234911056394,-0.04111370762759459
no_conflict,1.5,static,1,0.013337479645452252,0.013337479645452252,0.013337479645452252,0.013337479645452252,4.146312118918346e-06,0.013337479645452252,-1.249000902703301e-19,4.534933730238602e-05,0.28074999999999994,0.2819802357017361,1.247234911056394,0.03133844251673601
no_conflict,1.5,static,2,0.013340016108850179,0.013340016108850179,0.013340016108850179,0.013340016108850179,6.682775516838822e-06,0.013340016108850179,-2.0816681711721686e-20,3.056510632485471e-05,0.2814166666666666,0.2819802357017361,1.247234911056394,-0.025456640444747113
no_conflict,1.5,static,3,0.013336633283162608,0.013336633283162608,0.013336633283162608,0.013336633283162608,3.299949829269969e-06,0.013336633283162608,6.93889390390722e-21,-7.013710163701189e-05,0.28637499999999994,0.2819802357017361,1.247234911056394,0.024666958747067223
no_conflict,1.5,static,4,0.013336122383333749,0.013336122383333749,0.013336122383333749,0.013336122383333749,2.7890500004124644e-06,0.013336122383333746,-2.0816681711721686e-20,-2.0618591502742465e-05,0.2841458333333334,0.2819802357017361,1.247234911056394,0.02271142353262897
no_conflict,1.5,static,5,0.013337446204263081,0.013337446204263081,0.013337446204263081,0.013337446204263081,4.11287092974775e-06,0.013337446204263081,-3.4694469519536137e-20,-1.628566154206343e-05,0.2841041666666666,0.2819802357017361,1.247234911056394,-0.03111407872081774
no_conflict,1.5,static,6,0.013336974004589674,0.013336974004589674,0.013336974004589674,0.013336974004589677,3.6406712563407915e-06,0.013336974004589677,-4.5102810375396976e-20,2.0441250501345615e-05,0.2789583333333333,0.2819802357017361,1.247234911056394,-0.07793316399550206
no_conflict,1.5,static,7,0.013336048284422863,0.013336048284422863,0.013336048284422863,0.013336048284422863,2.714951089528563e-06,0.013336048284422863,3.4694469519536137e-20,-2.928793386130339e-05,0.2827708333333333,0.2819802357017361,1.247234911056394,0.00985342270397505
no_conflict,1.5,static,8,0.013337105335049514,0.013337105335049514,0.013337105335049514,0.013337105335049514,3.7720017161806128e-06,0.013337105335049514,-3.1225022567582525e-20,2.1728074539796406e-06,0.28191666666666665,0.2819802357017361,1.247234911056394,-0.1180071785361462
no_conflict,1.5,static,9,0.013337790562387842,0.013337790562387842,0.013337790562387842,0.013337790562387842,4.457229054503385e-06,0.013337790562387842,-3.816391647148976e-20,2.90573403774498e-05,0.2834791666666666,0.2819802357017361,1.247234911056394,-0.0167878322878372
no_conflict,1.5,static,10,0.01333619581765299,0.01333619581765299,0.01333619581765299,0.01333619581765299,2.862484319655342e-06,0.01333619581765299,1.8041124150158795e-19,-9.245708917324197e-06,0.28383333333333327,0.2819802357017361,1.247234911056394,0.0008661026998794494
no_conflict,1.5,static,11,0.013336387204030898,0.013336387204030898,0.013336387204030898,0.013336387204030898,3.053870697559178e-06,0.013336387204030898,4.5102810375396994e-20,-6.666710314223324e-05,0.2846458333333333,0.2819802357017361,1.247234911056394,-0.006540978493416084
no_conflict,1.5,static,12,0.013337798125505559,0.013337798125505559,0.013337798125505559,0.013337798125505559,4.4647921722232914e-06,0.013337798125505559,-3.1225022567582525e-20,-8.956579193024735e-06,0.28139583333333335,0.2819802357017361,1.247234911056394,0.05473643856725382
no_conflict,1.5,static,13,0.013337881773703037,0.013337881773703037,0.013337881773703037,0.013337881773703037,4.548440369699923e-06,0.013337881773703037,6.938893903907227e-20,-8.019340125949843e-05,0.2833124999999999,0.2819802357017361,1.247234911056394,0.031303800140569764
no_conflict,1.5,static,14,0.013336228345513956,0.013336228345513956,0.013336228345513956,0.013336228345513956,2.895012180617275e-06,0.013336228345513956,1.2490009027033015e-19,-8.783436153164906e-05,0.27772916666666664,0.2819802357017361,1.247234911056394,-0.026719460229821995
no_conflict,1.5,static,15,0.013335904869830198,0.013335904869830198,0.013335904869830198,0.013335904869830198,2.5715364968640245e-06,0.013335904869830198,3.8163916471489754e-20,4.260099948809069e-05,0.27927083333333336,0.2819802357017361,1.247234911056394,0.08731644123497648
no_conflict,1.5,static,16,0.0133372890992218,0.0133372890992218,0.0133372890992218,0.0133372890992218,3.955765888461319e-06,0.0133372890992218,-3.469446951953627e-21,-3.0068211180167582e-05,0.28241666666666665,0.2819802357017361,1.247234911056394,-0.005150836485856446
no_conflict,1.5,static,17,0.013335133295054286,0.013335133295054286,0.013335133295054286,0.013335133295054286,1.799961720949589e-06,0.013335133295054286,6.938893903907227e-20,-6.459275349369685e-05,0.27908333333333335,0.2819802357017361,1.247234911056394,-0.13404776126718326
no_conflict,1.5,static,18,0.013337706411389422,0.013337706411389422,0.013337706411389422,0.013337706411389422,4.373078056084839e-06,0.013337706411389422,2.775557561562892e-20,0.00012461022372525126,0.28202083333333333,0.2819802357017361,1.247234911056394,0.03250056436246809
no_conflict,1.5,static,19,0.01333859630311717,0.01333859630311717,0.01333859630311717,0.01333859630311717,5.262969783832627e-06,0.01333859630311717,5.204170427930421e-20,-5.393317439209487e-05,0.2815625,0.2819802357017361,1.247234911056394,0.09116851144216975
no_conflict,1.5,quota,0,0.013337910591059852,0.013337910591059852,0.013337910591059852,0.013337910591059852,4.577257726515562e-06,0.013337910591059852,7.56339435525888e-19,1.0898349679162758e-06,0.333333333333333,0.333333333333333,1.2634818216590347,-0.04111370762759459
no_conflict,1.5,quota,1,0.013337479645452252,0.013337479645452252,0.013337479645452252,0.013337479645452252,4.146312118918346e-06,0.013337479645452252,8.049116928532386e-19,4.534933730238602e-05,0.333333333333333,0.333333333333333,1.2634816655988015,0.03133844251673601
no_conflict,1.5,quota,2,0.013340016108850179,0.013340016108850179,0.013340016108850179,0.013340016108850179,6.682775516838822e-06,0.013340016108850175,9.263423361716154e-19,3.056510632485471e-05,0.333333333333333,0.333333333333333,1.2634825841326882,-0.025456640444747113
no_conflict,1.5,quota,3,0.013336633283162608,0.013336633283162608,0.013336633283162608,0.013336633283162608,3.299949829269969e-06,0.013336633283162608,8.74300631892311e-19,-7.013710163701189e-05,0.333333333333333,0.333333333333333,1.2634813591133436,0.024666958747067223
no_conflict,1.5,quota,4,0.013336122383333749,0.013336122383333749,0.013336122383333749,0.013336122383333749,2.7890500004124644e-06,0.013336122383333746,8.534839501805893e-19,-2.0618591502742465e-05,0.333333333333333,0.333333333333333,1.2634811741048173,0.02271142353262897
no_conflict,1.5,quota,5,0.013337446204263081,0.013337446204263081,0.013337446204263081,0.013337446204263081,4.11287092974775e-06,0.013337446204263081,8.46545056276682e-19,-1.628566154206343e-05,0.333333333333333,0.333333333333333,1.2634816535004563,-0.03111407872081774
no_conflict,1.5,quota,6,0.013336974004589674,0.013336974004589674,0.013336974004589674,0.013336974004589677,3.6406712563407915e-06,0.013336974004589674,8.430756093247284e-19,2.0441250501345615e-05,0.333333333333333,0.333333333333333,1.2634814824965688,-0.07793316399550206
no_conflict,1.5,quota,7,0.013336048284422863,0.013336048284422863,0.013336048284422863,0.013336048284422863,2.714951089528563e-06,0.01333604828442286,9.679756995950586e-19,-2.928793386130339e-05,0.333333333333333,0.333333333333333,1.2634811472723535,0.00985342270397505
no_conflict,1.5,quota,8,0.013337105335049514,0.013337105335049514,0.013337105335049514,0.013337105335049514,3.7720017161806128e-06,0.013337105335049514,9.089951014118471e-19,2.1728074539796406e-06,0.333333333333333,0.333333333333333,1.2634815300574356,-0.1180071785361462
no_conflict,1.5,quota,9,0.013337790562387842,0.013337790562387842,0.013337790562387842,0.013337790562387842,4.457229054503385e-06,0.013337790562387838,9.19403442267708e-19,2.90573403774498e-05,0.333333333333333,0.333333333333333,1.2634817781895664,-0.0167878322878372
no_conflict,1.5,quota,10,0.01333619581765299,0.01333619581765299,0.01333619581765299,0.01333619581765299,2.862484319655342e-06,0.01333619581765299,9.887923813067802e-19,-9.245708917324197e-06,0.333333333333333,0.333333333333333,1.2634812006968064,0.0008661026998794494
no_conflict,1.5,quota,11,0.013336387204030898,0.013336387204030898,0.013336387204030898,0.013336387204030898,3.053870697559178e-06,0.013336387204030895,9.36750677027476e-19,-6.666710314223324e-05,0.333333333333333,0.333333333333333,1.2634812700015894,-0.006540978493416084
no_conflict,1.5,quota,12,0.013337798125505559,0.013337798125505559,0.013337798125505559,0.013337798125505559,4.4647921722232914e-06,0.013337798125505557,9.610368056911514e-19,-8.956579193024735e-06,0.333333333333333,0.333333333333333,1.2634817809297583,0.05473643856725382
no_conflict,1.5,quota,13,0.013337881773703037,0.013337881773703037,0.013337881773703037,0.013337881773703037,4.548440369699923e-06,0.013337881773703037,8.708311849403574e-19,-8.019340125949843e-05,0.333333333333333,0.333333333333333,1.2634818112259505,0.031303800140569764
no_conflict,1.5,quota,14,0.013336228345513956,0.013336228345513956,0.013336228345513956,0.013336228345513956,2.895012180617275e-06,0.013336228345513953,8.638922910364501e-19,-8.783436153164906e-05,0.333333333333333,0.333333333333333,1.263481212476718,-0.026719460229821995
no_conflict,1.5,quota,15,0.013335904869830198,0.013335904869830198,0.013335904869830198,0.013335904869830198,2.5715364968640245e-06,0.013335904869830198,8.708311849403574e-19,4.260099948809069e-05,0.333333333333333,0.333333333333333,1.2634810953388302,0.08731644123497648
no_conflict,1.5,quota,16,0.0133372890992218,0.0133372890992218,0.0133372890992218,0.0133372890992218,3.955765888461319e-06,0.0133372890992218,8.777700788442646e-19,-3.0068211180167582e-05,0.333333333333333,0.333333333333333,1.2634815966010966,-0.005150836485856446
no_conflict,1.5,quota,17,0.013335133295054286,0.013335133295054286,0.013335133295054286,0.013335133295054286,1.799961720949589e-06,0.013335133295054286,9.263423361716152e-19,-6.459275349369685e-05,0.333333333333333,0.333333333333333,1.263480815935845,-0.13404776126718326
no_conflict,1.5,quota,18,0.013337706411389422,0.013337706411389422,0.013337706411389422,0.013337706411389422,4.373078056084839e-06,0.013337706411389422,9.0205620750794e-19,0.00012461022372525126,0.333333333333333,0.333333333333333,1.26348174772196,0.03250056436246809
no_conflict,1.5,quota,19,0.01333859630311717,0.01333859630311717,0.01333859630311717,0.01333859630311717,5.262969783832627e-06,0.013338596303117168,8.985867605559863e-19,-5.393317439209487e-05,0.333333333333333,0.333333333333333,1.2634820699683336,0.09116851144216975
no_conflict,1.5,ipw,0,0.013338026560563182,0.013338026560563182,0.013338026560563182,0.013338026560563182,4.693227229844684e-06,0.013338026560563182,4.163336342344338e-20,1.03755235960194e-06,0.28112499999999996,0.2819799698143469,1.2472364134778509,-0.04113426808634881
no_conflict,1.5,ipw,1,0.013337480975613606,0.013337480975613606,0.013337480975613606,0.013337480975613606,4.147642280267446e-06,0.013337480975613603,-9.027796614315168e-36,4.522482146086579e-05,0.28074999999999994,0.28198000072411233,1.2472362388166511,0.03132821563566555
no_conflict,1.5,ipw,2,0.01333961325741011,0.01333961325741011,0.01333961325741011,0.01333961325741011,6.27992407677201e-06,0.01333961325741011,-6.591949208711867e-20,2.9849742933341327e-05,0.2814166666666666,0.2819798799213296,1.2472369214330958,-0.025460538041679102
no_conflict,1.5,ipw,3,0.013336908113087872,0.013336908113087872,0.013336908113087872,0.013336908113087872,3.574779754536625e-06,0.013336908113087872,-5.551115123125782e-20,-7.020039818066766e-05,0.28637499999999994,0.28198003317864223,1.2472360554297997,0.024688601310748702
no_conflict,1.5,ipw,4,0.013336183184528606,0.013336183184528606,0.013336183184528606,0.013336183184528606,2.8498511952689123e-06,0.013336183184528606,6.93889390390722e-21,-2.08489258315235e-05,0.2841458333333334,0.28198007424839877,1.2472358233609353,0.022675833931975718
no_conflict,1.5,ipw,5,0.01333769015687547,0.01333769015687547,0.01333769015687547,0.01333769015687547,4.356823542134791e-06,0.013337690156875474,2.4286128663675282e-20,-1.6081782294861157e-05,0.2841041666666666,0.28197998887218945,1.2472363057927862,-0.031102321088195384
no_conflict,1.5,ipw,6,0.013337071983514654,0.013337071983514654,0.013337071983514654,0.013337071983514654,3.7386501813185233e-06,0.013337071983514654,-1.179611963664229e-19,2.0583147759078836e-05,0.2789583333333333,0.2819800238947877,1.2472361078892635,-0.07791518418406516
no_conflict,1.5,ipw,7,0.013335956771865175,0.013335956771865175,0.013335956771865175,0.013335956771865175,2.6234385318427726e-06,0.013335956771865175,-6.93889390390723e-21,-2.938340734709227e-05,0.2827708333333333,0.28198008707540556,1.24723575088098,0.009821841861372606
no_conflict,1.5,ipw,8,0.013337015155157034,0.013337015155157034,0.013337015155157034,0.013337015155157034,3.6818218236977846e-06,0.013337015155157034,-6.938893903907227e-20,2.0319570698500588e-06,0.28191666666666665,0.2819800271141383,1.2472360896989216,-0.11791823680060101
no_conflict,1.5,ipw,9,0.013337547094334348,0.013337547094334348,0.013337547094334348,0.013337547094334348,4.21376100101214e-06,0.013337547094334346,1.0755285551056204e-19,2.9044754136610467e-05,0.2834791666666666,0.28197999697821075,1.2472362599834805,-0.01689095168618726
no_conflict,1.5,ipw,10,0.013336262976633022,0.013336262976633022,0.013336262976633022,0.013336262976633022,2.9296432996867645e-06,0.013336262976633022,2.4286128663675288e-20,-9.364877922732518e-06,0.28383333333333327,0.281980069727908,1.2472358489043625,0.0009350234519787178
no_conflict,1.5,ipw,11,0.01333619181600341,0.01333619181600341,0.01333619181600341,0.013336191816003411,2.858482670073717e-06,0.01333619181600341,1.249000902703301e-19,-6.701954001270453e-05,0.2846458333333333,0.28198007375940837,1.2472358261239576,-0.006537743678747518
no_conflict,1.5,ipw,12,0.01333769244390188,0.01333769244390188,0.01333769244390188,0.01333769244390188,4.359110568545688e-06,0.01333769244390188,-5.898059818321143e-20,-9.260715515546673e-06,0.28139583333333335,0.2819799887435773,1.2472363065144794,0.054732905578281886
no_conflict,1.5,ipw,13,0.013337783669933661,0.013337783669933661,0.013337783669933661,0.01333778366993366,4.450336600326092e-06,0.01333778366993366,-4.163336342344338e-20,-8.024818503946699e-05,0.2833124999999999,0.2819799835749541,1.2472363357221454,0.03127736205559238
no_conflict,1.5,ipw,14,0.013336449818252697,0.013336449818252697,0.013336449818252697,0.013336449818252697,3.116484919359774e-06,0.013336449818252697,3.1225022567582525e-20,-8.74030393642013e-05,0.27772916666666664,0.2819800591426346,1.2472359087177312,-0.026726391871410904
no_conflict,1.5,ipw,15,0.013336104333192714,0.013336104333192714,0.013336104333192714,0.013336104333192714,2.7709998593786913e-06,0.013336104333192714,-4.8572257327350594e-20,4.2755268694972135e-05,0.27927083333333336,0.28198007871556824,1.247235798118929,0.0872846792310156
no_conflict,1.5,ipw,16,0.013337140861347959,0.013337140861347959,0.013337140861347959,0.013337140861347957,3.8075280146201854e-06,0.013337140861347957,5.551115123125782e-20,-3.04882457213306e-05,0.28241666666666665,0.2819800199924856,1.247236129940307,-0.005112917710816115
no_conflict,1.5,ipw,17,0.0133351188987851,0.0133351188987851,0.0133351188987851,0.0133351188987851,1.7855654517640655e-06,0.0133351188987851,7.632783294297954e-20,-6.497066797983737e-05,0.27908333333333335,0.2819801345437253,1.2472354826571277,-0.1341629938651173
no_conflict,1.5,ipw,18,0.013338109155908945,0.013338109155908945,0.013338109155908945,0.013338109155908945,4.77582257560764e-06,0.013338109155908945,-3.1225022567582525e-20,0.00012503411753463355,0.28202083333333333,0.2819799651348937,1.2472364399202982,0.03246415069880148
no_conflict,1.5,ipw,19,0.013338874436002787,0.013338874436002787,0.013338874436002787,0.01333887443600279,5.54110266945204e-06,0.013338874436002787,3.122502256758253e-20,-5.360312751832361e-05,0.2815625,0.28197992177948816,1.2472366849023062,0.091124926791773
no_conflict,3.0,endogenous,0,0.013337910591059852,0.013337910591059852,0.013337910591059852,0.013337910591059852,4.577257726515562e-06,0.013337910591059852,-3.122502256758253e-20,1.0898349679162758e-06,0.2801041666666667,0.2812208087007454,1.2515450648968183,-0.04111370762759459
no_conflict,3.0,endogenous,1,0.013337479645452252,0.013337479645452252,0.013337479645452252,0.013337479645452252,4.146312118918346e-06,0.013337479645452255,-1.2836953722228374e-19,4.534933730238602e-05,0.2800833333333333,0.28122085798731206,1.251544783921795,0.03133844251673601
no_conflict,3.0,endogenous,2,0.013340016108850179,0.013340016108850179,0.013340016108850179,0.013340016108850179,6.682775516838822e-06,0.013340016108850179,5.898059818321141e-20,3.056510632485471e-05,0.2805625,0.2812205678980116,1.2515464376646004,-0.025456640444747113
no_conflict,3.0,endogenous,3,0.013336633283162608,0.013336633283162608,0.013336633283162608,0.013336633283162608,3.299949829269969e-06,0.013336633283162608,1.3877787807814463e-20,-7.013710163701189e-05,0.2854166666666667,0.2812209547810512,1.2515442321343788,0.024666958747067223
no_conflict,3.0,endogenous,4,0.013336122383333749,0.013336122383333749,0.013336122383333749,0.013336122383333749,2.7890500004124644e-06,0.013336122383333746,2.4286128663675312e-20,-2.0618591502742465e-05,0.2833333333333333,0.2812210132101217,1.251543899048912,0.02271142353262897
no_conflict,3.0,endogenous,5,0.013337446204263081,0.013337446204263081,0.013337446204263081,0.013337446204263081,4.11287092974775e-06,0.013337446204263081,2.4286128663675297e-20,-1.628566154206343e-05,0.283375,0.28122086180843164,1.2515447621574356,-0.03111407872081774
no_conflict,3.0,endogenous,6,0.013336974004589674,0.013336974004589674,0.013336974004589674,0.013336974004589677,3.6406712563407915e-06,0.013336974004589674,-4.1633363423443353e-20,2.0441250501345615e-05,0.27833333333333327,0.28122091581438013,1.2515444542712388,-0.07793316399550206
no_conflict,3.0,endogenous,7,0.013336048284422863,0.013336048284422863,0.013336048284422863,0.013336048284422863,2.714951089528563e-06,0.013336048284422863,-6.938893903907235e-21,-2.928793386130339e-05,0.2820833333333333,0.2812210216843132,1.251543850740981,0.00985342270397505
no_conflict,3.0,endogenous,8,0.013337105335049514,0.013337105335049514,0.013337105335049514,0.013337105335049514,3.7720017161806128e-06,0.013337105335049514,1.0408340855860847e-20,2.1728074539796406e-06,0.28131249999999997,0.2812209007938552,1.2515445399034846,-0.1180071785361462
no_conflict,3.0,endogenous,9,0.013337790562387842,0.013337790562387842,0.013337790562387842,0.013337790562387842,4.457229054503385e-06,0.013337790562387842,-1.4224732503009819e-19,2.90573403774498e-05,0.28285416666666663,0.28122082242910584,1.251544986628782,-0.0167878322878372
no_conflict,3.0,endogenous,10,0.01333619581765299,0.01333619581765299,0.01333619581765299,0.01333619581765299,2.862484319655342e-06,0.01333619581765299,-5.551115123125783e-20,-9.245708917324197e-06,0.28279166666666666,0.28122100481188067,1.2515439469241811,0.0008661026998794494
no_conflict,3.0,endogenous,11,0.013336387204030898,0.013336387204030898,0.013336387204030898,0.013336387204030898,3.053870697559178e-06,0.013336387204030898,1.7347234759768072e-19,-6.666710314223324e-05,0.28389583333333335,0.281220982924152,1.2515440716981454,-0.006540978493416084
no_conflict,3.0,endogenous,12,0.013337798125505559,0.013337798125505559,0.013337798125505559,0.013337798125505559,4.4647921722232914e-06,0.013337798125505559,1.006139616066548e-19,-8.956579193024735e-06,0.28041666666666665,0.28122082156373296,1.2515449915642904,0.05473643856725382
no_conflict,3.0,endogenous,13,0.013337881773703037,0.013337881773703037,0.013337881773703037,0.013337881773703037,4.548440369699923e-06,0.013337881773703037,1.3877787807814454e-20,-8.019340125949843e-05,0.28272916666666664,0.281220811995753,1.2515450461168314,0.031303800140569764
no_conflict,3.0,endogenous,14,0.013336228345513956,0.013336228345513956,0.013336228345513956,0.013336228345513956,2.895012180617275e-06,0.013336228345513956,2.775557561562891e-20,-8.783436153164906e-05,0.2769583333333333,0.2812210010915869,1.2515439681337317,-0.026719460229821995
no_conflict,3.0,endogenous,15,0.013335904869830198,0.013335904869830198,0.013335904869830198,0.013335904869830198,2.5715364968640245e-06,0.013335904869830198,1.3183898417423736e-19,4.260099948809069e-05,0.2784375,0.28122103808587184,1.2515437572412345,0.08731644123497648
no_conflict,3.0,endogenous,16,0.0133372890992218,0.0133372890992218,0.0133372890992218,0.0133372890992218,3.955765888461319e-06,0.013337289099221796,-1.387778780781444e-20,-3.0068211180167582e-05,0.2814375,0.2812208797781195,1.2515446597049587,-0.005150836485856446
no_conflict,3.0,endogenous,17,0.013335133295054286,0.013335133295054286,0.013335133295054286,0.013335133295054286,1.799961720949589e-06,0.013335133295054286,-3.46944695195361e-21,-6.459275349369685e-05,0.2784375,0.28122112632647595,1.251543254212835,-0.13404776126718326
no_conflict,3.0,endogenous,18,0.013337706411389422,0.013337706411389422,0.013337706411389422,0.013337706411389422,4.373078056084839e-06,0.013337706411389422,-5.898059818321141e-20,0.00012461022372525126,0.2814166666666666,0.2812208320514459,1.2515449317836524,0.03250056436246809
no_conflict,3.0,endogenous,19,0.01333859630311717,0.01333859630311717,0.01333859630311717,0.01333859630311717,5.262969783832627e-06,0.01333859630311717,2.0816681711721704e-20,-5.393317439209487e-05,0.28079166666666666,0.28122073028007766,1.2515455119435508,0.09116851144216975
no_conflict,3.0,static,0,0.013337910591059852,0.013337910591059852,0.013337910591059852,0.013337910591059852,4.577257726515562e-06,0.013337910591059854,-2.2724877535296185e-18,1.0898349679162758e-06,0.2801041666666667,0.28122133217695205,1.251542080737067,-0.04111370762759459
no_conflict,3.0,static,1,0.013337479645452252,0.013337479645452252,0.013337479645452252,0.013337479645452252,4.146312118918346e-06,0.013337479645452255,-2.230854390106175e-18,4.534933730238602e-05,0.2800833333333333,0.28122133217695205,1.251542080737067,0.03133844251673601
no_conflict,3.0,static,2,0.013340016108850179,0.013340016108850179,0.013340016108850179,0.013340016108850179,6.682775516838822e-06,0.013340016108850179,-2.210037708394454e-18,3.056510632485471e-05,0.2805625,0.28122133217695205,1.251542080737067,-0.025456640444747113
no_conflict,3.0,static,3,0.013336633283162608,0.013336633283162608,0.013336633283162608,0.013336633283162608,3.299949829269969e-06,0.013336633283162608,-2.275957200481572e-18,-7.013710163701189e-05,0.2854166666666667,0.28122133217695205,1.251542080737067,0.024666958747067223
no_conflict,3.0,static,4,0.013336122383333749,0.013336122383333749,0.013336122383333749,0.013336122383333749,2.7890500004124644e-06,0.01333612238333375,-2.275957200481572e-18,-2.0618591502742465e-05,0.2833333333333333,0.28122133217695205,1.251542080737067,0.02271142353262897
no_conflict,3.0,static,5,0.013337446204263081,0.013337446204263081,0.013337446204263081,0.013337446204263081,4.11287092974775e-06,0.013337446204263087,-2.2343238370581288e-18,-1.628566154206343e-05,0.283375,0.28122133217695205,1.251542080737067,-0.03111407872081774
no_conflict,3.0,static,6,0.013336974004589674,0.013336974004589674,0.013336974004589674,0.013336974004589677,3.6406712563407915e-06,0.013336974004589677,-2.1337098754514742e-18,2.0441250501345615e-05,0.27833333333333327,0.28122133217695205,1.251542080737067,-0.07793316399550206
no_conflict,3.0,static,7,0.013336048284422863,0.013336048284422863,0.013336048284422863,0.013336048284422863,2.714951089528563e-06,0.013336048284422863,-2.1961599205866393e-18,-2.928793386130339e-05,0.2820833333333333,0.28122133217695205,1.251542080737067,0.00985342270397505
no_conflict,3.0,static,8,0.013337105335049514,0.013337105335049514,0.013337105335049514,0.013337105335049514,3.7720017161806128e-06,0.013337105335049514,-2.196159920586639e-18,2.1728074539796406e-06,0.28131249999999997,0.28122133217695205,1.251542080737067,-0.1180071785361462
no_conflict,3.0,static,9,0.013337790562387842,0.013337790562387842,0.013337790562387842,0.013337790562387842,4.457229054503385e-06,0.013337790562387842,-2.2343238370581288e-18,2.90573403774498e-05,0.28285416666666663,0.28122133217695205,1.251542080737067,-0.0167878322878372
no_conflict,3.0,static,10,0.01333619581765299,0.01333619581765299,0.01333619581765299,0.01333619581765299,2.862484319655342e-06,0.01333619581765299,-2.105954299835845e-18,-9.245708917324197e-06,0.28279166666666666,0.28122133217695205,1.251542080737067,0.0008661026998794494
no_conflict,3.0,static,11,0.013336387204030898,0.013336387204030898,0.013336387204030898,0.013336387204030898,3.053870697559178e-06,0.013336387204030898,-2.1406487693553807e-18,-6.666710314223324e-05,0.28389583333333335,0.28122133217695205,1.251542080737067,-0.006540978493416084
no_conflict,3.0,static,12,0.013337798125505559,0.013337798125505559,0.013337798125505559,0.013337798125505559,4.4647921722232914e-06,0.013337798125505562,-2.1996293675385926e-18,-8.956579193024735e-06,0.28041666666666665,0.28122133217695205,1.251542080737067,0.05473643856725382
no_conflict,3.0,static,13,0.013337881773703037,0.013337881773703037,0.013337881773703037,0.013337881773703037,4.548440369699923e-06,0.013337881773703038,-2.1510571102112423e-18,-8.019340125949843e-05,0.28272916666666664,0.28122133217695205,1.251542080737067,0.031303800140569764
no_conflict,3.0,static,14,0.013336228345513956,0.013336228345513956,0.013336228345513956,0.013336228345513956,2.895012180617275e-06,0.013336228345513956,-2.1441182163073343e-18,-8.783436153164906e-05,0.2769583333333333,0.28122133217695205,1.251542080737067,-0.026719460229821995
no_conflict,3.0,static,15,0.013335904869830198,0.013335904869830198,0.013335904869830198,0.013335904869830198,2.5715364968640245e-06,0.0133359048698302,-2.1059542998358453e-18,4.260099948809069e-05,0.2784375,0.28122133217695205,1.251542080737067,0.08731644123497648
no_conflict,3.0,static,16,0.0133372890992218,0.0133372890992218,0.0133372890992218,0.0133372890992218,3.955765888461319e-06,0.0133372890992218,-2.1649348980190568e-18,-3.0068211180167582e-05,0.2814375,0.28122133217695205,1.251542080737067,-0.005150836485856446
no_conflict,3.0,static,17,0.013335133295054286,0.013335133295054286,0.013335133295054286,0.013335133295054286,1.799961720949589e-06,0.013335133295054289,-2.1267709815475666e-18,-6.459275349369685e-05,0.2784375,0.28122133217695205,1.251542080737067,-0.13404776126718326
no_conflict,3.0,static,18,0.013337706411389422,0.013337706411389422,0.013337706411389422,0.013337706411389422,4.373078056084839e-06,0.013337706411389422,-2.178812685826871e-18,0.00012461022372525126,0.2814166666666666,0.28122133217695205,1.251542080737067,0.03250056436246809
no_conflict,3.0,static,19,0.01333859630311717,0.01333859630311717,0.01333859630311717,0.01333859630311717,5.262969783832627e-06,0.01333859630311717,-2.196159920586639e-18,-5.393317439209487e-05,0.28079166666666666,0.28122133217695205,1.251542080737067,0.09116851144216975
no_conflict,3.0,quota,0,0.013337910591059852,0.013337910591059852,0.013337910591059852,0.013337910591059852,4.577257726515562e-06,0.013337910591059852,7.56339435525888e-19,1.0898349679162758e-06,0.333333333333333,0.333333333333333,1.2683597125218506,-0.04111370762759459
no_conflict,3.0,quota,1,0.013337479645452252,0.013337479645452252,0.013337479645452252,0.013337479645452252,4.146312118918346e-06,0.013337479645452252,8.049116928532386e-19,4.534933730238602e-05,0.333333333333333,0.333333333333333,1.2683593941690015,0.03133844251673601
no_conflict,3.0,quota,2,0.013340016108850179,0.013340016108850179,0.013340016108850179,0.013340016108850179,6.682775516838822e-06,0.013340016108850175,9.263423361716154e-19,3.056510632485471e-05,0.333333333333333,0.333333333333333,1.2683612679052743,-0.025456640444747113
no_conflict,3.0,quota,3,0.013336633283162608,0.013336633283162608,0.013336633283162608,0.013336633283162608,3.299949829269969e-06,0.013336633283162608,8.74300631892311e-19,-7.013710163701189e-05,0.333333333333333,0.333333333333333,1.2683587689817053,0.024666958747067223
no_conflict,3.0,quota,4,0.013336122383333749,0.013336122383333749,0.013336122383333749,0.013336122383333749,2.7890500004124644e-06,0.013336122383333746,8.534839501805893e-19,-2.0618591502742465e-05,0.333333333333333,0.333333333333333,1.2683583915881882,0.02271142353262897
no_conflict,3.0,quota,5,0.013337446204263081,0.013337446204263081,0.013337446204263081,0.013337446204263081,4.11287092974775e-06,0.013337446204263081,8.46545056276682e-19,-1.628566154206343e-05,0.333333333333333,0.333333333333333,1.2683593695133357,-0.03111407872081774
no_conflict,3.0,quota,6,0.013336974004589674,0.013336974004589674,0.013336974004589674,0.013336974004589677,3.6406712563407915e-06,0.013336974004589674,8.430756093247284e-19,2.0441250501345615e-05,0.333333333333333,0.333333333333333,1.268359020667957,-0.07793316399550206
no_conflict,3.0,quota,7,0.013336048284422863,0.013336048284422863,0.013336048284422863,0.013336048284422863,2.714951089528563e-06,0.01333604828442286,9.679756995950586e-19,-2.928793386130339e-05,0.333333333333333,0.333333333333333,1.2683583368543396,0.00985342270397505
no_conflict,3.0,quota,8,0.013337105335049514,0.013337105335049514,0.013337105335049514,0.013337105335049514,3.7720017161806128e-06,0.013337105335049514,9.089951014118471e-19,2.1728074539796406e-06,0.333333333333333,0.333333333333333,1.2683591176923081,-0.1180071785361462
no_conflict,3.0,quota,9,0.013337790562387842,0.013337790562387842,0.013337790562387842,0.013337790562387842,4.457229054503385e-06,0.013337790562387838,9.19403442267708e-19,2.90573403774498e-05,0.333333333333333,0.333333333333333,1.2683596238409027,-0.0167878322878372
no_conflict,3.0,quota,10,0.01333619581765299,0.01333619581765299,0.01333619581765299,0.01333619581765299,2.862484319655342e-06,0.01333619581765299,9.887923813067802e-19,-9.245708917324197e-06,0.333333333333333,0.333333333333333,1.2683584458318853,0.0008661026998794494
no_conflict,3.0,quota,11,0.013336387204030898,0.013336387204030898,0.013336387204030898,0.013336387204030898,3.053870697559178e-06,0.013336387204030895,9.36750677027476e-19,-6.666710314223324e-05,0.333333333333333,0.333333333333333,1.2683585872034615,-0.006540978493416084
no_conflict,3.0,quota,12,0.013337798125505559,0.013337798125505559,0.013337798125505559,0.013337798125505559,4.4647921722232914e-06,0.013337798125505557,9.610368056911514e-19,-8.956579193024735e-06,0.333333333333333,0.333333333333333,1.2683596294334225,0.05473643856725382
no_conflict,3.0,quota,13,0.013337881773703037,0.013337881773703037,0.013337881773703037,0.013337881773703037,4.548440369699923e-06,0.013337881773703037,8.708311849403574e-19,-8.019340125949843e-05,0.333333333333333,0.333333333333333,1.2683596912444783,0.031303800140569764
no_conflict,3.0,quota,14,0.013336228345513956,0.013336228345513956,0.013336228345513956,0.013336228345513956,2.895012180617275e-06,0.013336228345513953,8.638922910364501e-19,-8.783436153164906e-05,0.333333333333333,0.333333333333333,1.268358469863074,-0.026719460229821995
no_conflict,3.0,quota,15,0.013335904869830198,0.013335904869830198,0.013335904869830198,0.013335904869830198,2.5715364968640245e-06,0.013335904869830198,8.708311849403574e-19,4.260099948809069e-05,0.333333333333333,0.333333333333333,1.2683582309170318,0.08731644123497648
no_conflict,3.0,quota,16,0.0133372890992218,0.0133372890992218,0.0133372890992218,0.0133372890992218,3.955765888461319e-06,0.0133372890992218,8.777700788442646e-19,-3.0068211180167582e-05,0.333333333333333,0.333333333333333,1.2683592534296193,-0.005150836485856446
no_conflict,3.0,quota,17,0.013335133295054286,0.013335133295054286,0.013335133295054286,0.013335133295054286,1.799961720949589e-06,0.013335133295054286,9.263423361716152e-19,-6.459275349369685e-05,0.333333333333333,0.333333333333333,1.2683576609748939,-0.13404776126718326
no_conflict,3.0,quota,18,0.013337706411389422,0.013337706411389422,0.013337706411389422,0.013337706411389422,4.373078056084839e-06,0.013337706411389422,9.0205620750794e-19,0.00012461022372525126,0.333333333333333,0.333333333333333,1.2683595617019194,0.03250056436246809
no_conflict,3.0,quota,19,0.01333859630311717,0.01333859630311717,0.01333859630311717,0.01333859630311717,5.262969783832627e-06,0.013338596303117168,8.985867605559863e-19,-5.393317439209487e-05,0.333333333333333,0.333333333333333,1.26836021903519,0.09116851144216975
no_conflict,3.0,ipw,0,0.01333805098272015,0.01333805098272015,0.01333805098272015,0.01333805098272015,4.717649386814627e-06,0.01333805098272015,-1.0408340855860837e-20,1.0657824164675725e-06,0.2801041666666667,0.2812207926445636,1.2515451564295588,-0.04113139532132418
no_conflict,3.0,ipw,1,0.013337476489176076,0.013337476489176076,0.013337476489176076,0.013337476489176076,4.143155842739715e-06,0.013337476489176076,1.0408340855860842e-19,4.5228782536860406e-05,0.2800833333333333,0.28122085834837046,1.2515447818630163,0.03132470272197398
no_conflict,3.0,ipw,2,0.013339622291871408,0.013339622291871408,0.013339622291871408,0.013339622291871408,6.288958538071134e-06,0.013339622291871408,-3.469446951953615e-20,2.9856679000608506e-05,0.2805625,0.2812206129374978,1.2515461809055828,-0.025455192823453748
no_conflict,3.0,ipw,3,0.013336910404653634,0.013336910404653634,0.013336910404653634,0.013336910404653634,3.5770713202980363e-06,0.013336910404653634,-1.2143064331837653e-19,-7.02079978010519e-05,0.2854166666666667,0.2812209230880661,1.2515444128058504,0.024688788981550636
no_conflict,3.0,ipw,4,0.013336192635578281,0.013336192635578281,0.013336192635578281,0.013336192635578285,2.859302244945808e-06,0.013336192635578281,9.020562075079399e-20,-2.0868219653174688e-05,0.2833333333333333,0.2812210051757637,1.2515439448499925,0.022672931375837983
no_conflict,3.0,ipw,5,0.013337720946230185,0.013337720946230185,0.013337720946230185,0.013337720946230185,4.3876128968511355e-06,0.013337720946230185,1.0061396160665478e-19,-1.601204587547276e-05,0.283375,0.28122083038670176,1.2515449412874065,-0.03110254075888145
no_conflict,3.0,ipw,6,0.013337076043776689,0.013337076043776689,0.013337076043776689,0.013337076043776685,3.742710443351887e-06,0.013337076043776689,1.3183898417423734e-19,2.0590836088720702e-05,0.27833333333333327,0.2812209041446635,1.2515445207965799,-0.07791144169712558
no_conflict,3.0,ipw,7,0.013335965857133087,0.013335965857133087,0.013335965857133087,0.013335965857133087,2.632523799748662e-06,0.013335965857133087,-3.469446951953625e-21,-2.9397412451690812e-05,0.2820833333333333,0.28122103111101937,1.2515437970028498,0.009821502289622643
no_conflict,3.0,ipw,8,0.01333701330396377,0.01333701330396377,0.01333701330396377,0.01333701330396377,3.6799706304342593e-06,0.01333701330396377,3.469446951953603e-21,2.0294890762984906e-06,0.28131249999999997,0.28122091131922317,1.2515444799004525,-0.1179214207246164
no_conflict,3.0,ipw,9,0.01333753256378927,0.01333753256378927,0.01333753256378927,0.01333753256378927,4.199230455935632e-06,0.01333753256378927,-2.775557561562889e-20,2.9046283779936086e-05,0.28285416666666663,0.28122085193522584,1.251544818423242,-0.016896986335445237
no_conflict,3.0,ipw,10,0.013336258380359952,0.013336258380359952,0.013336258380359952,0.013336258380359952,2.9250470266193243e-06,0.013336258380359952,-3.122502256758253e-20,-9.375098711564975e-06,0.28279166666666666,0.28122099765689945,1.2515439877124204,0.0009320639598181055
no_conflict,3.0,ipw,11,0.013336201112539364,0.013336201112539364,0.013336201112539364,0.013336201112539364,2.867779206028293e-06,0.013336201112539364,-1.387778780781446e-20,-6.701070209052947e-05,0.28389583333333335,0.28122100420634594,1.2515439503760575,-0.006537724231524775
no_conflict,3.0,ipw,12,0.013337690004208974,0.013337690004208974,0.013337690004208974,0.013337690004208974,4.356670875637459e-06,0.013337690004208974,-1.7347234759768068e-20,-9.246001968746742e-06,0.28041666666666665,0.2812208339292611,1.2515449210710794,0.054732811040934914
no_conflict,3.0,ipw,13,0.013337794456512734,0.013337794456512734,0.013337794456512734,0.013337794456512734,4.461123179398349e-06,0.013337794456512736,8.673617379884036e-20,-8.023527759551073e-05,0.28272916666666664,0.2812208219821874,1.2515449891851458,0.031277937383365366
no_conflict,3.0,ipw,14,0.013336452976803756,0.013336452976803756,0.013336452976803756,0.013336452976803753,3.1196434704196948e-06,0.013336452976803756,-1.0408340855860849e-20,-8.740399889738738e-05,0.2769583333333333,0.2812209754017339,1.251544114582774,-0.02672269701069207
no_conflict,3.0,ipw,15,0.013336112557517626,0.013336112557517626,0.013336112557517626,0.013336112557517626,2.779224184288119e-06,0.013336112557517623,1.0408340855860845e-19,4.275207526812543e-05,0.2784375,0.28122101433374574,1.2515438926440727,0.08728773135000942
no_conflict,3.0,ipw,16,0.01333714543542391,0.01333714543542391,0.01333714543542391,0.01333714543542391,3.8121020905746395e-06,0.01333714543542391,-1.1796119636642287e-19,-3.0476399608425076e-05,0.2814375,0.28122089620815605,1.251544566042993,-0.0051143983523450915
no_conflict,3.0,ipw,17,0.01333511372231742,0.01333511372231742,0.01333511372231742,0.01333511372231742,1.7803889840829038e-06,0.013335113722317419,-6.938893903907226e-21,-6.498005350043735e-05,0.2784375,0.281221128564895,1.25154324145242,-0.1341648131680441
no_conflict,3.0,ipw,18,0.013338130038206867,0.013338130038206867,0.013338130038206867,0.013338130038206867,4.7967048735307936e-06,0.013338130038206867,3.122502256758254e-20,0.00012503662349939198,0.2814166666666666,0.28122078360283503,1.2515452079765703,0.032461535637429775
no_conflict,3.0,ipw,19,0.013338868770056616,0.013338868770056616,0.013338868770056616,0.013338868770056616,5.535436723280037e-06,0.013338868770056616,-1.3877787807814427e-20,-5.360934465796124e-05,0.28079166666666666,0.2812206991193539,1.251545689581081,0.09112396198421581
